title,measures,beats,chords,composers,year,meter,key,turnaround,trees,comments
When The Saints Go Marching In,"[1, 2, 3, 4, 5, 6, 7, 8, 9, 10, 11, 12, 13, 14, 14, 15, 16]","[1, 1, 1, 1, 1, 1, 1, 1, 1, 1, 1, 1, 1, 1, 3, 1, 1]","['F^', 'F^', 'F^', 'F^', 'F^', 'F^', 'C7', 'C7', 'F^', 'F7', 'Bb^', 'Bbm', 'F^', 'G7', 'C7', 'F^']",Traditional,1896,"{'numerator': 4, 'denominator': 4}",F,1.0,"[{'open_constituent_tree': {'label': 'F^', 'children': [{'label': 'C7*', 'children': [{'label': 'F^', 'children': [{'label': 'F^', 'children': [{'label': 'F^', 'children': []}, {'label': 'F^', 'children': []}]}, {'label': 'F^', 'children': [{'label': 'F^', 'children': []}, {'label': 'F^', 'children': []}]}]}, {'label': 'C7', 'children': [{'label': 'F^', 'children': [{'label': 'F^', 'children': []}, {'label': 'F^', 'children': []}]}, {'label': 'C7', 'children': [{'label': 'C7', 'children': []}, {'label': 'C7', 'children': []}]}]}]}, {'label': 'F^', 'children': [{'label': 'F^', 'children': []}, {'label': 'F^', 'children': [{'label': 'C7', 'children': [{'label': 'Bb^', 'children': [{'label': 'F7', 'children': []}, {'label': 'Bb^', 'children': [{'label': 'Bb^', 'children': []}, {'label': 'Bbm', 'children': []}]}]}, {'label': 'C7', 'children': [{'label': 'G7', 'children': [{'label': 'F^', 'children': []}, {'label': 'G7', 'children': []}]}, {'label': 'C7', 'children': []}]}]}, {'label': 'F^', 'children': []}]}]}]}, 'complete_constituent_tree': {'label': 'F^', 'children': [{'label': 'F^', 'children': [{'label': 'F^', 'children': [{'label': 'F^', 'children': []}, {'label': 'F^', 'children': []}]}, {'label': 'F^', 'children': [{'label': 'F^', 'children': []}, {'label': 'F^', 'children': []}]}]}, {'label': 'F^', 'children': [{'label': 'C7', 'children': [{'label': 'F^', 'children': [{'label': 'F^', 'children': []}, {'label': 'F^', 'children': []}]}, {'label': 'C7', 'children': [{'label': 'C7', 'children': []}, {'label': 'C7', 'children': []}]}]}, {'label': 'F^', 'children': [{'label': 'F^', 'children': []}, {'label': 'F^', 'children': [{'label': 'C7', 'children': [{'label': 'Bb^', 'children': [{'label': 'F7', 'children': []}, {'label': 'Bb^', 'children': [{'label': 'Bb^', 'children': []}, {'label': 'Bbm', 'children': []}]}]}, {'label': 'C7', 'children': [{'label': 'G7', 'children': [{'label': 'F^', 'children': []}, {'label': 'G7', 'children': []}]}, {'label': 'C7', 'children': []}]}]}, {'label': 'F^', 'children': []}]}]}]}]}}]",
Valse Hot,"[1, 2, 3, 4, 5, 6, 7, 8, 9, 10, 11, 12, 13, 14, 15, 16]","[1, 1, 1, 1, 1, 1, 1, 1, 1, 1, 1, 1, 1, 1, 1, 1]","['Ab^7', 'Db^7', 'Cm7', 'F7', 'Bbm7', 'Eb7', 'Ab^7', 'F7', 'Bbm7', 'Dbm7', 'Cm7', 'F7', 'Bbm7', 'Eb7', 'Ab^7']","Rollins, Sonny",1956,"{'numerator': 3, 'denominator': 4}",A-,1.0,"[{'open_constituent_tree': {'label': 'Ab^7', 'children': [{'label': 'Ab^7', 'children': [{'label': 'Ab^7', 'children': []}, {'label': 'Ab^7', 'children': [{'label': 'Eb7', 'children': [{'label': 'Bbm7', 'children': [{'label': 'F7', 'children': [{'label': 'Cm7', 'children': [{'label': 'Db^7', 'children': []}, {'label': 'Cm7', 'children': []}]}, {'label': 'F7', 'children': []}]}, {'label': 'Bbm7', 'children': []}]}, {'label': 'Eb7', 'children': []}]}, {'label': 'Ab^7', 'children': []}]}]}, {'label': 'Ab^7', 'children': [{'label': 'Eb7', 'children': [{'label': 'Bbm7', 'children': [{'label': 'F7', 'children': [{'label': 'Cm7', 'children': [{'label': 'Bbm7', 'children': [{'label': 'F7', 'children': []}, {'label': 'Bbm7', 'children': []}]}, {'label': 'Cm7', 'children': [{'label': 'Dbm7', 'children': []}, {'label': 'Cm7', 'children': []}]}]}, {'label': 'F7', 'children': []}]}, {'label': 'Bbm7', 'children': []}]}, {'label': 'Eb7', 'children': []}]}, {'label': 'Ab^7', 'children': []}]}]}, 'complete_constituent_tree': {'label': 'Ab^7', 'children': [{'label': 'Ab^7', 'children': [{'label': 'Ab^7', 'children': []}, {'label': 'Ab^7', 'children': [{'label': 'Eb7', 'children': [{'label': 'Bbm7', 'children': [{'label': 'F7', 'children': [{'label': 'Cm7', 'children': [{'label': 'Db^7', 'children': []}, {'label': 'Cm7', 'children': []}]}, {'label': 'F7', 'children': []}]}, {'label': 'Bbm7', 'children': []}]}, {'label': 'Eb7', 'children': []}]}, {'label': 'Ab^7', 'children': []}]}]}, {'label': 'Ab^7', 'children': [{'label': 'Eb7', 'children': [{'label': 'Bbm7', 'children': [{'label': 'F7', 'children': [{'label': 'Cm7', 'children': [{'label': 'Bbm7', 'children': [{'label': 'F7', 'children': []}, {'label': 'Bbm7', 'children': []}]}, {'label': 'Cm7', 'children': [{'label': 'Dbm7', 'children': []}, {'label': 'Cm7', 'children': []}]}]}, {'label': 'F7', 'children': []}]}, {'label': 'Bbm7', 'children': []}]}, {'label': 'Eb7', 'children': []}]}, {'label': 'Ab^7', 'children': []}]}]}}]",chords totally different from the recording and the realbook
It's Been A Long Long Time,"[1, 1, 2, 3, 3, 4, 5, 5, 6, 6, 7, 7, 8, 9, 9, 10, 11, 11, 12, 12, 13, 13, 14, 14, 15, 15, 16, 16, 16]","[1, 3, 1, 1, 3, 1, 1, 3, 1, 3, 1, 3, 1, 1, 3, 1, 1, 3, 1, 3, 1, 3, 1, 3, 1, 3, 1, 3, 4]","['F^', 'F^7', 'F6', 'F6', 'F#o7', 'C7', 'Gm7', 'D7', 'Gm7', 'C7', 'Gm7', 'C7', 'F^7', 'F^7', 'A%7', 'D7', 'Gm7', 'Bbm6', 'Db7', 'C7', 'F^', 'F^7', 'Am7', 'D7', 'Gm7', 'Gb7', 'F6']","Styne, Jule",1930,"{'numerator': 4, 'denominator': 4}",F,2.0,"[{'open_constituent_tree': {'label': 'F6', 'children': [{'label': 'F^7', 'children': [{'label': 'C7*', 'children': [{'label': 'F^', 'children': [{'label': 'F^', 'children': [{'label': 'F^', 'children': [{'label': 'F^', 'children': []}, {'label': 'F^7', 'children': []}]}, {'label': 'F6', 'children': []}]}, {'label': 'F6', 'children': [{'label': 'F6', 'children': []}, {'label': 'F#o7', 'children': []}]}]}, {'label': 'C7', 'children': []}]}, {'label': 'F^7', 'children': [{'label': 'C7', 'children': [{'label': 'Gm7', 'children': []}, {'label': 'C7', 'children': [{'label': 'Gm7', 'children': [{'label': 'D7', 'children': []}, {'label': 'Gm7', 'children': []}]}, {'label': 'C7', 'children': []}]}]}, {'label': 'F^7', 'children': [{'label': 'C7', 'children': [{'label': 'Gm7', 'children': []}, {'label': 'C7', 'children': []}]}, {'label': 'F^7', 'children': []}]}]}]}, {'label': 'F6', 'children': [{'label': 'C7*', 'children': [{'label': 'F^7', 'children': []}, {'label': 'C7', 'children': [{'label': 'Gm7', 'children': [{'label': 'D7', 'children': [{'label': 'A%7', 'children': []}, {'label': 'D7', 'children': []}]}, {'label': 'Gm7', 'children': []}]}, {'label': 'C7', 'children': [{'label': 'Bbm6', 'children': []}, {'label': 'C7', 'children': [{'label': 'Db7', 'children': []}, {'label': 'C7', 'children': []}]}]}]}]}, {'label': 'F6', 'children': [{'label': 'F^', 'children': [{'label': 'F^', 'children': []}, {'label': 'F^7', 'children': []}]}, {'label': 'F6', 'children': [{'label': 'Gb7', 'children': [{'label': 'Gm7', 'children': [{'label': 'D7', 'children': [{'label': 'Am7', 'children': []}, {'label': 'D7', 'children': []}]}, {'label': 'Gm7', 'children': []}]}, {'label': 'Gb7', 'children': []}]}, {'label': 'F6', 'children': []}]}]}]}]}, 'complete_constituent_tree': {'label': 'F6', 'children': [{'label': 'F^7', 'children': [{'label': 'F^', 'children': [{'label': 'F^', 'children': [{'label': 'F^', 'children': [{'label': 'F^', 'children': []}, {'label': 'F^7', 'children': []}]}, {'label': 'F6', 'children': []}]}, {'label': 'F6', 'children': [{'label': 'F6', 'children': []}, {'label': 'F#o7', 'children': []}]}]}, {'label': 'F^7', 'children': [{'label': 'C7', 'children': []}, {'label': 'F^7', 'children': [{'label': 'C7', 'children': [{'label': 'Gm7', 'children': []}, {'label': 'C7', 'children': [{'label': 'Gm7', 'children': [{'label': 'D7', 'children': []}, {'label': 'Gm7', 'children': []}]}, {'label': 'C7', 'children': []}]}]}, {'label': 'F^7', 'children': [{'label': 'C7', 'children': [{'label': 'Gm7', 'children': []}, {'label': 'C7', 'children': []}]}, {'label': 'F^7', 'children': []}]}]}]}]}, {'label': 'F6', 'children': [{'label': 'F^7', 'children': []}, {'label': 'F6', 'children': [{'label': 'C7', 'children': [{'label': 'Gm7', 'children': [{'label': 'D7', 'children': [{'label': 'A%7', 'children': []}, {'label': 'D7', 'children': []}]}, {'label': 'Gm7', 'children': []}]}, {'label': 'C7', 'children': [{'label': 'Bbm6', 'children': []}, {'label': 'C7', 'children': [{'label': 'Db7', 'children': []}, {'label': 'C7', 'children': []}]}]}]}, {'label': 'F6', 'children': [{'label': 'F^', 'children': [{'label': 'F^', 'children': []}, {'label': 'F^7', 'children': []}]}, {'label': 'F6', 'children': [{'label': 'Gb7', 'children': [{'label': 'Gm7', 'children': [{'label': 'D7', 'children': [{'label': 'Am7', 'children': []}, {'label': 'D7', 'children': []}]}, {'label': 'Gm7', 'children': []}]}, {'label': 'Gb7', 'children': []}]}, {'label': 'F6', 'children': []}]}]}]}]}]}}]",
Friday The 13th,"[1, 1, 2, 2, 3, 3, 4, 4, 5, 5, 6, 6, 7, 7, 8, 8]","[1, 3, 1, 3, 1, 3, 1, 3, 1, 3, 1, 3, 1, 3, 1, 3]","['G^7', 'F7', 'Eb7', 'D7', 'G^7', 'F7', 'Eb7', 'D7', 'G^7', 'F7', 'Eb7', 'D7', 'G^7', 'F7', 'Eb7', 'D7', 'G^7']","Monk, Thelonious",1959,"{'numerator': 4, 'denominator': 4}",G,,"[{'open_constituent_tree': {'label': 'G^7', 'children': [{'label': 'D7*', 'children': [{'label': 'D7*', 'children': [{'label': 'D7*', 'children': [{'label': 'G^7', 'children': []}, {'label': 'D7', 'children': [{'label': 'F7', 'children': []}, {'label': 'D7', 'children': [{'label': 'Eb7', 'children': []}, {'label': 'D7', 'children': []}]}]}]}, {'label': 'D7*', 'children': [{'label': 'G^7', 'children': []}, {'label': 'D7', 'children': [{'label': 'F7', 'children': []}, {'label': 'D7', 'children': [{'label': 'Eb7', 'children': []}, {'label': 'D7', 'children': []}]}]}]}]}, {'label': 'D7*', 'children': [{'label': 'D7*', 'children': [{'label': 'G^7', 'children': []}, {'label': 'D7', 'children': [{'label': 'F7', 'children': []}, {'label': 'D7', 'children': [{'label': 'Eb7', 'children': []}, {'label': 'D7', 'children': []}]}]}]}, {'label': 'D7*', 'children': [{'label': 'G^7', 'children': []}, {'label': 'D7', 'children': [{'label': 'F7', 'children': []}, {'label': 'D7', 'children': [{'label': 'Eb7', 'children': []}, {'label': 'D7', 'children': []}]}]}]}]}]}, {'label': 'G^7', 'children': []}]}, 'complete_constituent_tree': {'label': 'G^7', 'children': [{'label': 'G^7', 'children': []}, {'label': 'G^7', 'children': [{'label': 'D7', 'children': [{'label': 'F7', 'children': []}, {'label': 'D7', 'children': [{'label': 'Eb7', 'children': []}, {'label': 'D7', 'children': []}]}]}, {'label': 'G^7', 'children': [{'label': 'G^7', 'children': []}, {'label': 'G^7', 'children': [{'label': 'D7', 'children': [{'label': 'F7', 'children': []}, {'label': 'D7', 'children': [{'label': 'Eb7', 'children': []}, {'label': 'D7', 'children': []}]}]}, {'label': 'G^7', 'children': [{'label': 'G^7', 'children': []}, {'label': 'G^7', 'children': [{'label': 'D7', 'children': [{'label': 'F7', 'children': []}, {'label': 'D7', 'children': [{'label': 'Eb7', 'children': []}, {'label': 'D7', 'children': []}]}]}, {'label': 'G^7', 'children': [{'label': 'G^7', 'children': []}, {'label': 'G^7', 'children': [{'label': 'D7', 'children': [{'label': 'F7', 'children': []}, {'label': 'D7', 'children': [{'label': 'Eb7', 'children': []}, {'label': 'D7', 'children': []}]}]}, {'label': 'G^7', 'children': []}]}]}]}]}]}]}]}]}}]",
Just A Gigolo,"[1, 2, 3, 3, 4, 4, 5, 6, 7, 8, 9, 10, 11, 12, 13, 13, 14, 14, 15, 15, 16, 16]","[1, 1, 1, 3, 1, 3, 1, 1, 1, 1, 1, 1, 1, 1, 1, 3, 1, 3, 1, 3, 1, 3]","['F^', 'F^7', 'F^', 'Abo7', 'Gm7', 'D7', 'Gm', 'Gm7', 'C7', 'F^', 'F7', 'Eb7', 'D7', 'Gm7', 'Bbm7', 'Eb7', 'Am7', 'D7', 'Gm7', 'C7', 'F^']","Casucci, Leonello",1928,"{'numerator': 4, 'denominator': 4}",F,1.0,"[{'open_constituent_tree': {'label': 'F^', 'children': [{'label': 'F^', 'children': [{'label': 'F^', 'children': [{'label': 'F^', 'children': [{'label': 'F^', 'children': []}, {'label': 'F^7', 'children': []}]}, {'label': 'F^', 'children': []}]}, {'label': 'F^', 'children': [{'label': 'C7', 'children': [{'label': 'Gm7', 'children': [{'label': 'Gm7', 'children': [{'label': 'Abo7', 'children': []}, {'label': 'Gm7', 'children': []}]}, {'label': 'Gm7', 'children': [{'label': 'D7', 'children': []}, {'label': 'Gm7', 'children': [{'label': 'Gm', 'children': []}, {'label': 'Gm7', 'children': []}]}]}]}, {'label': 'C7', 'children': []}]}, {'label': 'F^', 'children': []}]}]}, {'label': 'F^', 'children': [{'label': 'C7', 'children': [{'label': 'Gm7', 'children': [{'label': 'F7', 'children': []}, {'label': 'Gm7', 'children': [{'label': 'D7', 'children': [{'label': 'Eb7', 'children': []}, {'label': 'D7', 'children': []}]}, {'label': 'Gm7', 'children': []}]}]}, {'label': 'C7', 'children': [{'label': 'Gm7', 'children': [{'label': 'D7', 'children': [{'label': 'Eb7', 'children': [{'label': 'Bbm7', 'children': []}, {'label': 'Eb7', 'children': []}]}, {'label': 'D7', 'children': [{'label': 'Am7', 'children': []}, {'label': 'D7', 'children': []}]}]}, {'label': 'Gm7', 'children': []}]}, {'label': 'C7', 'children': []}]}]}, {'label': 'F^', 'children': []}]}]}, 'complete_constituent_tree': {'label': 'F^', 'children': [{'label': 'F^', 'children': [{'label': 'F^', 'children': [{'label': 'F^', 'children': [{'label': 'F^', 'children': []}, {'label': 'F^7', 'children': []}]}, {'label': 'F^', 'children': []}]}, {'label': 'F^', 'children': [{'label': 'C7', 'children': [{'label': 'Gm7', 'children': [{'label': 'Gm7', 'children': [{'label': 'Abo7', 'children': []}, {'label': 'Gm7', 'children': []}]}, {'label': 'Gm7', 'children': [{'label': 'D7', 'children': []}, {'label': 'Gm7', 'children': [{'label': 'Gm', 'children': []}, {'label': 'Gm7', 'children': []}]}]}]}, {'label': 'C7', 'children': []}]}, {'label': 'F^', 'children': []}]}]}, {'label': 'F^', 'children': [{'label': 'C7', 'children': [{'label': 'Gm7', 'children': [{'label': 'F7', 'children': []}, {'label': 'Gm7', 'children': [{'label': 'D7', 'children': [{'label': 'Eb7', 'children': []}, {'label': 'D7', 'children': []}]}, {'label': 'Gm7', 'children': []}]}]}, {'label': 'C7', 'children': [{'label': 'Gm7', 'children': [{'label': 'D7', 'children': [{'label': 'Eb7', 'children': [{'label': 'Bbm7', 'children': []}, {'label': 'Eb7', 'children': []}]}, {'label': 'D7', 'children': [{'label': 'Am7', 'children': []}, {'label': 'D7', 'children': []}]}]}, {'label': 'Gm7', 'children': []}]}, {'label': 'C7', 'children': []}]}]}, {'label': 'F^', 'children': []}]}]}}]",
Exactly Like You,"[1, 2, 3, 4, 5, 6, 7, 8, 8, 9, 10, 11, 12, 13, 14, 15, 16, 17, 18, 19, 20, 21, 22, 22, 23, 23, 24, 24, 25, 26, 27, 28, 29, 30, 31, 32, 32]","[1, 1, 1, 1, 1, 1, 1, 1, 3, 1, 1, 1, 1, 1, 1, 1, 1, 1, 1, 1, 1, 1, 1, 3, 1, 3, 1, 3, 1, 1, 1, 1, 1, 1, 1, 1, 3]","['C6', 'C6', 'D7', 'D7', 'G7', 'G7', 'C6', 'Dm7', 'G7', 'C6', 'C6', 'D7', 'D7', 'G7', 'G7', 'C6', 'C7', 'F^7', 'Bb7', 'C6', 'Am7', 'Dm7', 'Fm6', 'G7', 'Em7', 'Ebo7', 'Dm7', 'G7', 'C6', 'C6', 'D7', 'D7', 'G7', 'G7', 'C6']","McHugh, Jimmy",1930,"{'numerator': 4, 'denominator': 4}",C,2.0,"[{'open_constituent_tree': {'label': 'C6', 'children': [{'label': 'C6', 'children': [{'label': 'C6', 'children': [{'label': 'C6', 'children': [{'label': 'C6', 'children': []}, {'label': 'C6', 'children': []}]}, {'label': 'C6', 'children': [{'label': 'G7', 'children': [{'label': 'D7', 'children': [{'label': 'D7', 'children': []}, {'label': 'D7', 'children': []}]}, {'label': 'G7', 'children': [{'label': 'G7', 'children': []}, {'label': 'G7', 'children': []}]}]}, {'label': 'C6', 'children': []}]}]}, {'label': 'C6', 'children': [{'label': 'C6', 'children': [{'label': 'G7', 'children': [{'label': 'Dm7', 'children': []}, {'label': 'G7', 'children': []}]}, {'label': 'C6', 'children': [{'label': 'C6', 'children': []}, {'label': 'C6', 'children': []}]}]}, {'label': 'C6', 'children': [{'label': 'G7', 'children': [{'label': 'D7', 'children': [{'label': 'D7', 'children': []}, {'label': 'D7', 'children': []}]}, {'label': 'G7', 'children': [{'label': 'G7', 'children': []}, {'label': 'G7', 'children': []}]}]}, {'label': 'C6', 'children': []}]}]}]}, {'label': 'C6', 'children': [{'label': 'G7*', 'children': [{'label': 'C6', 'children': [{'label': 'Bb7', 'children': [{'label': 'F^7', 'children': [{'label': 'C7', 'children': []}, {'label': 'F^7', 'children': []}]}, {'label': 'Bb7', 'children': []}]}, {'label': 'C6', 'children': []}]}, {'label': 'G7', 'children': [{'label': 'G7', 'children': [{'label': 'Dm7', 'children': [{'label': 'Am7', 'children': []}, {'label': 'Dm7', 'children': []}]}, {'label': 'G7', 'children': [{'label': 'Fm6', 'children': []}, {'label': 'G7', 'children': []}]}]}, {'label': 'G7', 'children': [{'label': 'Dm7', 'children': [{'label': 'Ebo7', 'children': [{'label': 'Em7', 'children': []}, {'label': 'Ebo7', 'children': []}]}, {'label': 'Dm7', 'children': []}]}, {'label': 'G7', 'children': []}]}]}]}, {'label': 'C6', 'children': [{'label': 'C6', 'children': [{'label': 'C6', 'children': []}, {'label': 'C6', 'children': []}]}, {'label': 'C6', 'children': [{'label': 'G7', 'children': [{'label': 'D7', 'children': [{'label': 'D7', 'children': []}, {'label': 'D7', 'children': []}]}, {'label': 'G7', 'children': [{'label': 'G7', 'children': []}, {'label': 'G7', 'children': []}]}]}, {'label': 'C6', 'children': []}]}]}]}]}, 'complete_constituent_tree': {'label': 'C6', 'children': [{'label': 'C6', 'children': [{'label': 'C6', 'children': [{'label': 'C6', 'children': [{'label': 'C6', 'children': []}, {'label': 'C6', 'children': []}]}, {'label': 'C6', 'children': [{'label': 'G7', 'children': [{'label': 'D7', 'children': [{'label': 'D7', 'children': []}, {'label': 'D7', 'children': []}]}, {'label': 'G7', 'children': [{'label': 'G7', 'children': []}, {'label': 'G7', 'children': []}]}]}, {'label': 'C6', 'children': []}]}]}, {'label': 'C6', 'children': [{'label': 'C6', 'children': [{'label': 'G7', 'children': [{'label': 'Dm7', 'children': []}, {'label': 'G7', 'children': []}]}, {'label': 'C6', 'children': [{'label': 'C6', 'children': []}, {'label': 'C6', 'children': []}]}]}, {'label': 'C6', 'children': [{'label': 'G7', 'children': [{'label': 'D7', 'children': [{'label': 'D7', 'children': []}, {'label': 'D7', 'children': []}]}, {'label': 'G7', 'children': [{'label': 'G7', 'children': []}, {'label': 'G7', 'children': []}]}]}, {'label': 'C6', 'children': []}]}]}]}, {'label': 'C6', 'children': [{'label': 'C6', 'children': [{'label': 'Bb7', 'children': [{'label': 'F^7', 'children': [{'label': 'C7', 'children': []}, {'label': 'F^7', 'children': []}]}, {'label': 'Bb7', 'children': []}]}, {'label': 'C6', 'children': []}]}, {'label': 'C6', 'children': [{'label': 'G7', 'children': [{'label': 'G7', 'children': [{'label': 'Dm7', 'children': [{'label': 'Am7', 'children': []}, {'label': 'Dm7', 'children': []}]}, {'label': 'G7', 'children': [{'label': 'Fm6', 'children': []}, {'label': 'G7', 'children': []}]}]}, {'label': 'G7', 'children': [{'label': 'Dm7', 'children': [{'label': 'Ebo7', 'children': [{'label': 'Em7', 'children': []}, {'label': 'Ebo7', 'children': []}]}, {'label': 'Dm7', 'children': []}]}, {'label': 'G7', 'children': []}]}]}, {'label': 'C6', 'children': [{'label': 'C6', 'children': [{'label': 'C6', 'children': []}, {'label': 'C6', 'children': []}]}, {'label': 'C6', 'children': [{'label': 'G7', 'children': [{'label': 'D7', 'children': [{'label': 'D7', 'children': []}, {'label': 'D7', 'children': []}]}, {'label': 'G7', 'children': [{'label': 'G7', 'children': []}, {'label': 'G7', 'children': []}]}]}, {'label': 'C6', 'children': []}]}]}]}]}]}}]",
Light Blue,"[1, 1, 1, 1, 2, 2, 2, 2, 3, 4, 4, 5, 5, 5, 5, 6, 6, 6, 6, 7, 8, 8, 8, 8]","[1, 2, 3, 4, 1, 2, 3, 4, 1, 1, 3, 1, 2, 3, 4, 1, 2, 3, 4, 1, 1, 2, 3, 4]","['F^7', 'F^7', 'G7', 'C7', 'F^7', 'F^7', 'F7', 'Bb7', 'C^7', 'D7', 'G7', 'F^7', 'F^7', 'F7', 'Gb7', 'F^7', 'F^7', 'F#m7', 'Fm7', 'C^7', 'D7', 'D7', 'G7', 'Db^7', 'C^7']","Monk, Thelonious",1957,"{'numerator': 4, 'denominator': 4}",C,3.0,"[{'open_constituent_tree': {'label': 'C^7', 'children': [{'label': 'G7*', 'children': [{'label': 'G7*', 'children': [{'label': 'C^7', 'children': [{'label': 'Bb7', 'children': [{'label': 'F^7', 'children': [{'label': 'F^7', 'children': [{'label': 'F^7', 'children': []}, {'label': 'F^7', 'children': []}]}, {'label': 'F^7', 'children': [{'label': 'C7', 'children': [{'label': 'G7', 'children': []}, {'label': 'C7', 'children': []}]}, {'label': 'F^7', 'children': [{'label': 'F^7', 'children': []}, {'label': 'F^7', 'children': []}]}]}]}, {'label': 'Bb7', 'children': [{'label': 'F7', 'children': []}, {'label': 'Bb7', 'children': []}]}]}, {'label': 'C^7', 'children': []}]}, {'label': 'G7', 'children': [{'label': 'D7', 'children': []}, {'label': 'G7', 'children': []}]}]}, {'label': 'G7*', 'children': [{'label': 'C^7', 'children': [{'label': 'F^7', 'children': [{'label': 'F^7', 'children': [{'label': 'F^7', 'children': [{'label': 'F^7', 'children': [{'label': 'F^7', 'children': []}, {'label': 'F^7', 'children': []}]}, {'label': 'F7', 'children': []}]}, {'label': 'F^7', 'children': [{'label': 'Gb7', 'children': []}, {'label': 'F^7', 'children': [{'label': 'F^7', 'children': []}, {'label': 'F^7', 'children': []}]}]}]}, {'label': 'Fm7', 'children': [{'label': 'F#m7', 'children': []}, {'label': 'Fm7', 'children': []}]}]}, {'label': 'C^7', 'children': []}]}, {'label': 'G7', 'children': [{'label': 'G7', 'children': [{'label': 'D7', 'children': [{'label': 'D7', 'children': []}, {'label': 'D7', 'children': []}]}, {'label': 'G7', 'children': []}]}, {'label': 'Db^7', 'children': []}]}]}]}, {'label': 'C^7', 'children': []}]}, 'complete_constituent_tree': {'label': 'C^7', 'children': [{'label': 'C^7', 'children': [{'label': 'Bb7', 'children': [{'label': 'F^7', 'children': [{'label': 'F^7', 'children': [{'label': 'F^7', 'children': []}, {'label': 'F^7', 'children': []}]}, {'label': 'F^7', 'children': [{'label': 'C7', 'children': [{'label': 'G7', 'children': []}, {'label': 'C7', 'children': []}]}, {'label': 'F^7', 'children': [{'label': 'F^7', 'children': []}, {'label': 'F^7', 'children': []}]}]}]}, {'label': 'Bb7', 'children': [{'label': 'F7', 'children': []}, {'label': 'Bb7', 'children': []}]}]}, {'label': 'C^7', 'children': []}]}, {'label': 'C^7', 'children': [{'label': 'G7', 'children': [{'label': 'D7', 'children': []}, {'label': 'G7', 'children': []}]}, {'label': 'C^7', 'children': [{'label': 'C^7', 'children': [{'label': 'F^7', 'children': [{'label': 'F^7', 'children': [{'label': 'F^7', 'children': [{'label': 'F^7', 'children': [{'label': 'F^7', 'children': []}, {'label': 'F^7', 'children': []}]}, {'label': 'F7', 'children': []}]}, {'label': 'F^7', 'children': [{'label': 'Gb7', 'children': []}, {'label': 'F^7', 'children': [{'label': 'F^7', 'children': []}, {'label': 'F^7', 'children': []}]}]}]}, {'label': 'Fm7', 'children': [{'label': 'F#m7', 'children': []}, {'label': 'Fm7', 'children': []}]}]}, {'label': 'C^7', 'children': []}]}, {'label': 'C^7', 'children': [{'label': 'G7', 'children': [{'label': 'G7', 'children': [{'label': 'D7', 'children': [{'label': 'D7', 'children': []}, {'label': 'D7', 'children': []}]}, {'label': 'G7', 'children': []}]}, {'label': 'Db^7', 'children': []}]}, {'label': 'C^7', 'children': []}]}]}]}]}}]","iteration of a (I,V) constituent"
On The Trail,"[1, 2, 3, 4, 5, 6, 6, 7, 8, 9, 10, 11, 12, 13, 14, 15, 16, 16]","[1, 1, 1, 1, 1, 1, 3, 1, 1, 1, 1, 1, 1, 1, 1, 1, 1, 3]","['F^7', 'F^7', 'F^7', 'F^7', 'F^7', 'Am7', 'D7', 'Gm7', 'C7', 'Abm7', 'Db7', 'Abm7', 'Db7', 'Gm7', 'C7', 'F6']","Grofe, Ferde",1933,"{'numerator': 4, 'denominator': 4}",F,2.0,"[{'open_constituent_tree': {'label': 'F6', 'children': [{'label': 'C7*', 'children': [{'label': 'F^7', 'children': [{'label': 'F^7', 'children': [{'label': 'F^7', 'children': []}, {'label': 'F^7', 'children': []}]}, {'label': 'F^7', 'children': [{'label': 'F^7', 'children': []}, {'label': 'F^7', 'children': []}]}]}, {'label': 'C7*', 'children': [{'label': 'F^7', 'children': []}, {'label': 'C7', 'children': [{'label': 'Gm7', 'children': [{'label': 'D7', 'children': [{'label': 'Am7', 'children': []}, {'label': 'D7', 'children': []}]}, {'label': 'Gm7', 'children': []}]}, {'label': 'C7', 'children': []}]}]}]}, {'label': 'F6', 'children': [{'label': 'C7', 'children': [{'label': 'Db7', 'children': [{'label': 'Db7', 'children': [{'label': 'Abm7', 'children': []}, {'label': 'Db7', 'children': []}]}, {'label': 'Db7', 'children': [{'label': 'Abm7', 'children': []}, {'label': 'Db7', 'children': []}]}]}, {'label': 'C7', 'children': [{'label': 'Gm7', 'children': []}, {'label': 'C7', 'children': []}]}]}, {'label': 'F6', 'children': []}]}]}, 'complete_constituent_tree': {'label': 'F6', 'children': [{'label': 'F^7', 'children': [{'label': 'F^7', 'children': [{'label': 'F^7', 'children': []}, {'label': 'F^7', 'children': []}]}, {'label': 'F^7', 'children': [{'label': 'F^7', 'children': []}, {'label': 'F^7', 'children': []}]}]}, {'label': 'F6', 'children': [{'label': 'F^7', 'children': []}, {'label': 'F6', 'children': [{'label': 'C7', 'children': [{'label': 'Gm7', 'children': [{'label': 'D7', 'children': [{'label': 'Am7', 'children': []}, {'label': 'D7', 'children': []}]}, {'label': 'Gm7', 'children': []}]}, {'label': 'C7', 'children': []}]}, {'label': 'F6', 'children': [{'label': 'C7', 'children': [{'label': 'Db7', 'children': [{'label': 'Db7', 'children': [{'label': 'Abm7', 'children': []}, {'label': 'Db7', 'children': []}]}, {'label': 'Db7', 'children': [{'label': 'Abm7', 'children': []}, {'label': 'Db7', 'children': []}]}]}, {'label': 'C7', 'children': [{'label': 'Gm7', 'children': []}, {'label': 'C7', 'children': []}]}]}, {'label': 'F6', 'children': []}]}]}]}]}}]",
Blues For Wood,"[1, 2, 3, 4, 5, 6, 7, 8, 9, 10, 11, 11, 12]","[1, 1, 1, 1, 1, 1, 1, 1, 1, 1, 1, 3, 1]","['Fm7', 'Fm7', 'Fm7', 'Fm7', 'Db7', 'Db7', 'Fm7', 'Fm7', 'Db7', 'Bb^7', 'G%7', 'C7', 'Fm7']","Shaw, Woody",1976,"{'numerator': 4, 'denominator': 4}",f,,"[{'open_constituent_tree': {'label': 'Fm7', 'children': [{'label': 'Fm7', 'children': [{'label': 'Fm7', 'children': [{'label': 'Fm7', 'children': [{'label': 'Fm7', 'children': []}, {'label': 'Fm7', 'children': []}]}, {'label': 'Fm7', 'children': [{'label': 'Fm7', 'children': []}, {'label': 'Fm7', 'children': []}]}]}, {'label': 'Fm7', 'children': [{'label': 'Db7', 'children': [{'label': 'Db7', 'children': []}, {'label': 'Db7', 'children': []}]}, {'label': 'Fm7', 'children': [{'label': 'Fm7', 'children': []}, {'label': 'Fm7', 'children': []}]}]}]}, {'label': 'Fm7', 'children': [{'label': 'C7', 'children': [{'label': 'Bb^7', 'children': [{'label': 'Db7', 'children': []}, {'label': 'Bb^7', 'children': []}]}, {'label': 'C7', 'children': [{'label': 'G%7', 'children': []}, {'label': 'C7', 'children': []}]}]}, {'label': 'Fm7', 'children': []}]}]}, 'complete_constituent_tree': {'label': 'Fm7', 'children': [{'label': 'Fm7', 'children': [{'label': 'Fm7', 'children': [{'label': 'Fm7', 'children': [{'label': 'Fm7', 'children': []}, {'label': 'Fm7', 'children': []}]}, {'label': 'Fm7', 'children': [{'label': 'Fm7', 'children': []}, {'label': 'Fm7', 'children': []}]}]}, {'label': 'Fm7', 'children': [{'label': 'Db7', 'children': [{'label': 'Db7', 'children': []}, {'label': 'Db7', 'children': []}]}, {'label': 'Fm7', 'children': [{'label': 'Fm7', 'children': []}, {'label': 'Fm7', 'children': []}]}]}]}, {'label': 'Fm7', 'children': [{'label': 'C7', 'children': [{'label': 'Bb^7', 'children': [{'label': 'Db7', 'children': []}, {'label': 'Bb^7', 'children': []}]}, {'label': 'C7', 'children': [{'label': 'G%7', 'children': []}, {'label': 'C7', 'children': []}]}]}, {'label': 'Fm7', 'children': []}]}]}}]",
Yesterdays,"[1, 2, 2, 3, 4, 4, 5, 5, 6, 7, 8, 9, 10, 11, 12, 13, 14, 15, 16]","[1, 1, 3, 1, 1, 3, 1, 3, 1, 1, 1, 1, 1, 1, 1, 1, 1, 1, 1]","['Dm', 'E%7', 'A7', 'Dm', 'E%7', 'A7', 'Dm', 'Dm^7', 'Dm7', 'B%7', 'E7', 'A7', 'D7', 'G7', 'C7', 'F7', 'Bb^7', 'E%7', 'A7', 'Dm']","Kern, Jerome",1933,"{'numerator': 4, 'denominator': 4}",d,-1.0,"[{'open_constituent_tree': {'label': 'Dm', 'children': [{'label': 'Dm7', 'children': [{'label': 'Dm', 'children': [{'label': 'Dm', 'children': []}, {'label': 'Dm', 'children': [{'label': 'A7', 'children': [{'label': 'E%7', 'children': []}, {'label': 'A7', 'children': []}]}, {'label': 'Dm', 'children': []}]}]}, {'label': 'Dm7', 'children': [{'label': 'A7', 'children': [{'label': 'E%7', 'children': []}, {'label': 'A7', 'children': []}]}, {'label': 'Dm7', 'children': [{'label': 'Dm', 'children': [{'label': 'Dm', 'children': []}, {'label': 'Dm^7', 'children': []}]}, {'label': 'Dm7', 'children': []}]}]}]}, {'label': 'Dm', 'children': [{'label': 'A7', 'children': [{'label': 'Bb^7', 'children': [{'label': 'F7', 'children': [{'label': 'C7', 'children': [{'label': 'G7', 'children': [{'label': 'D7', 'children': [{'label': 'A7', 'children': [{'label': 'E7', 'children': [{'label': 'B%7', 'children': []}, {'label': 'E7', 'children': []}]}, {'label': 'A7', 'children': []}]}, {'label': 'D7', 'children': []}]}, {'label': 'G7', 'children': []}]}, {'label': 'C7', 'children': []}]}, {'label': 'F7', 'children': []}]}, {'label': 'Bb^7', 'children': []}]}, {'label': 'A7', 'children': [{'label': 'E%7', 'children': []}, {'label': 'A7', 'children': []}]}]}, {'label': 'Dm', 'children': []}]}]}, 'complete_constituent_tree': {'label': 'Dm', 'children': [{'label': 'Dm7', 'children': [{'label': 'Dm', 'children': [{'label': 'Dm', 'children': []}, {'label': 'Dm', 'children': [{'label': 'A7', 'children': [{'label': 'E%7', 'children': []}, {'label': 'A7', 'children': []}]}, {'label': 'Dm', 'children': []}]}]}, {'label': 'Dm7', 'children': [{'label': 'A7', 'children': [{'label': 'E%7', 'children': []}, {'label': 'A7', 'children': []}]}, {'label': 'Dm7', 'children': [{'label': 'Dm', 'children': [{'label': 'Dm', 'children': []}, {'label': 'Dm^7', 'children': []}]}, {'label': 'Dm7', 'children': []}]}]}]}, {'label': 'Dm', 'children': [{'label': 'A7', 'children': [{'label': 'Bb^7', 'children': [{'label': 'F7', 'children': [{'label': 'C7', 'children': [{'label': 'G7', 'children': [{'label': 'D7', 'children': [{'label': 'A7', 'children': [{'label': 'E7', 'children': [{'label': 'B%7', 'children': []}, {'label': 'E7', 'children': []}]}, {'label': 'A7', 'children': []}]}, {'label': 'D7', 'children': []}]}, {'label': 'G7', 'children': []}]}, {'label': 'C7', 'children': []}]}, {'label': 'F7', 'children': []}]}, {'label': 'Bb^7', 'children': []}]}, {'label': 'A7', 'children': [{'label': 'E%7', 'children': []}, {'label': 'A7', 'children': []}]}]}, {'label': 'Dm', 'children': []}]}]}}]",
Across The Valley From The Alamo,"[1, 2, 3, 4, 5, 6, 7, 7, 8, 9, 10, 11, 12, 13, 14, 15, 15, 16, 17, 18, 19, 19, 20, 21, 22, 22, 23, 24, 25, 26, 27, 28, 29, 30, 31, 31, 32]","[1, 1, 1, 1, 1, 1, 1, 3, 1, 1, 1, 1, 1, 1, 1, 1, 3, 1, 1, 1, 1, 3, 1, 1, 1, 3, 1, 1, 1, 1, 1, 1, 1, 1, 1, 3, 1]","['F^7', 'F^7', 'F^7', 'F^7', 'C7', 'C7', 'Gm7', 'C7', 'F^7', 'F^7', 'F^7', 'F^7', 'F^7', 'C7', 'C7', 'Gm7', 'C7', 'F^7', 'Bb^7', 'F^7', 'Bb^7', 'Bbm7', 'F^7', 'A7', 'Dm7', 'G7', 'G7', 'C7', 'F^7', 'F^7', 'F^7', 'F^7', 'C7', 'C7', 'Gm7', 'C7', 'F^7']","Greene, Joe",1947,"{'numerator': 4, 'denominator': 4}",F,0.0,"[{'open_constituent_tree': {'label': 'F^7', 'children': [{'label': 'F^7', 'children': [{'label': 'F^7', 'children': [{'label': 'F^7', 'children': [{'label': 'F^7', 'children': [{'label': 'F^7', 'children': []}, {'label': 'F^7', 'children': []}]}, {'label': 'F^7', 'children': [{'label': 'F^7', 'children': []}, {'label': 'F^7', 'children': []}]}]}, {'label': 'F^7', 'children': [{'label': 'C7', 'children': [{'label': 'C7', 'children': []}, {'label': 'C7', 'children': []}]}, {'label': 'F^7', 'children': [{'label': 'C7', 'children': [{'label': 'Gm7', 'children': []}, {'label': 'C7', 'children': []}]}, {'label': 'F^7', 'children': []}]}]}]}, {'label': 'F^7', 'children': [{'label': 'F^7', 'children': [{'label': 'F^7', 'children': [{'label': 'F^7', 'children': []}, {'label': 'F^7', 'children': []}]}, {'label': 'F^7', 'children': [{'label': 'F^7', 'children': []}, {'label': 'F^7', 'children': []}]}]}, {'label': 'F^7', 'children': [{'label': 'C7', 'children': [{'label': 'C7', 'children': [{'label': 'C7', 'children': []}, {'label': 'C7', 'children': []}]}, {'label': 'C7', 'children': [{'label': 'Gm7', 'children': []}, {'label': 'C7', 'children': []}]}]}, {'label': 'F^7', 'children': []}]}]}]}, {'label': 'F^7', 'children': [{'label': 'C7*', 'children': [{'label': 'F^7', 'children': [{'label': 'F^7', 'children': [{'label': 'Bb^7', 'children': []}, {'label': 'F^7', 'children': []}]}, {'label': 'F^7', 'children': [{'label': 'Bb^7', 'children': [{'label': 'Bb^7', 'children': []}, {'label': 'Bbm7', 'children': []}]}, {'label': 'F^7', 'children': []}]}]}, {'label': 'C7', 'children': [{'label': 'G7', 'children': [{'label': 'Dm7', 'children': [{'label': 'A7', 'children': []}, {'label': 'Dm7', 'children': []}]}, {'label': 'G7', 'children': [{'label': 'G7', 'children': []}, {'label': 'G7', 'children': []}]}]}, {'label': 'C7', 'children': []}]}]}, {'label': 'F^7', 'children': [{'label': 'F^7', 'children': [{'label': 'F^7', 'children': [{'label': 'F^7', 'children': []}, {'label': 'F^7', 'children': []}]}, {'label': 'F^7', 'children': [{'label': 'F^7', 'children': []}, {'label': 'F^7', 'children': []}]}]}, {'label': 'F^7', 'children': [{'label': 'C7', 'children': [{'label': 'C7', 'children': []}, {'label': 'C7', 'children': []}]}, {'label': 'F^7', 'children': [{'label': 'C7', 'children': [{'label': 'Gm7', 'children': []}, {'label': 'C7', 'children': []}]}, {'label': 'F^7', 'children': []}]}]}]}]}]}, 'complete_constituent_tree': {'label': 'F^7', 'children': [{'label': 'F^7', 'children': [{'label': 'F^7', 'children': [{'label': 'F^7', 'children': [{'label': 'F^7', 'children': [{'label': 'F^7', 'children': []}, {'label': 'F^7', 'children': []}]}, {'label': 'F^7', 'children': [{'label': 'F^7', 'children': []}, {'label': 'F^7', 'children': []}]}]}, {'label': 'F^7', 'children': [{'label': 'C7', 'children': [{'label': 'C7', 'children': []}, {'label': 'C7', 'children': []}]}, {'label': 'F^7', 'children': [{'label': 'C7', 'children': [{'label': 'Gm7', 'children': []}, {'label': 'C7', 'children': []}]}, {'label': 'F^7', 'children': []}]}]}]}, {'label': 'F^7', 'children': [{'label': 'F^7', 'children': [{'label': 'F^7', 'children': [{'label': 'F^7', 'children': []}, {'label': 'F^7', 'children': []}]}, {'label': 'F^7', 'children': [{'label': 'F^7', 'children': []}, {'label': 'F^7', 'children': []}]}]}, {'label': 'F^7', 'children': [{'label': 'C7', 'children': [{'label': 'C7', 'children': [{'label': 'C7', 'children': []}, {'label': 'C7', 'children': []}]}, {'label': 'C7', 'children': [{'label': 'Gm7', 'children': []}, {'label': 'C7', 'children': []}]}]}, {'label': 'F^7', 'children': []}]}]}]}, {'label': 'F^7', 'children': [{'label': 'F^7', 'children': [{'label': 'F^7', 'children': [{'label': 'Bb^7', 'children': []}, {'label': 'F^7', 'children': []}]}, {'label': 'F^7', 'children': [{'label': 'Bb^7', 'children': [{'label': 'Bb^7', 'children': []}, {'label': 'Bbm7', 'children': []}]}, {'label': 'F^7', 'children': []}]}]}, {'label': 'F^7', 'children': [{'label': 'C7', 'children': [{'label': 'G7', 'children': [{'label': 'Dm7', 'children': [{'label': 'A7', 'children': []}, {'label': 'Dm7', 'children': []}]}, {'label': 'G7', 'children': [{'label': 'G7', 'children': []}, {'label': 'G7', 'children': []}]}]}, {'label': 'C7', 'children': []}]}, {'label': 'F^7', 'children': [{'label': 'F^7', 'children': [{'label': 'F^7', 'children': [{'label': 'F^7', 'children': []}, {'label': 'F^7', 'children': []}]}, {'label': 'F^7', 'children': [{'label': 'F^7', 'children': []}, {'label': 'F^7', 'children': []}]}]}, {'label': 'F^7', 'children': [{'label': 'C7', 'children': [{'label': 'C7', 'children': []}, {'label': 'C7', 'children': []}]}, {'label': 'F^7', 'children': [{'label': 'C7', 'children': [{'label': 'Gm7', 'children': []}, {'label': 'C7', 'children': []}]}, {'label': 'F^7', 'children': []}]}]}]}]}]}]}}]",
Tune Up,"[1, 2, 3, 4, 5, 6, 7, 8, 9, 10, 11, 12, 13, 14, 15, 16, 17, 18, 19, 20, 21, 22, 23, 24, 25, 26, 27, 28, 29, 30, 31, 32]","[1, 1, 1, 1, 1, 1, 1, 1, 1, 1, 1, 1, 1, 1, 1, 1, 1, 1, 1, 1, 1, 1, 1, 1, 1, 1, 1, 1, 1, 1, 1, 1]","['Em7', 'A7', 'D^7', 'D^7', 'Dm7', 'G7', 'C^7', 'C^7', 'Cm7', 'F7', 'Bb^7', 'Gm7', 'Em7', 'F7', 'Bb^7', 'A7', 'Em7', 'A7', 'D^7', 'D^7', 'Dm7', 'G7', 'C^7', 'C^7', 'Cm7', 'F7', 'Bb^7', 'Gm7', 'Em7', 'A7', 'D^7', 'D^7']","Davis, Miles",1953,"{'numerator': 4, 'denominator': 4}",D,0.0,"[{'open_constituent_tree': {'label': 'D^7', 'children': [{'label': 'A7*', 'children': [{'label': 'D^7', 'children': [{'label': 'A7', 'children': [{'label': 'Em7', 'children': []}, {'label': 'A7', 'children': []}]}, {'label': 'D^7', 'children': [{'label': 'D^7', 'children': []}, {'label': 'D^7', 'children': []}]}]}, {'label': 'A7', 'children': [{'label': 'Bb^7', 'children': [{'label': 'F7', 'children': [{'label': 'C^7', 'children': [{'label': 'G7', 'children': [{'label': 'Dm7', 'children': []}, {'label': 'G7', 'children': []}]}, {'label': 'C^7', 'children': [{'label': 'C^7', 'children': []}, {'label': 'C^7', 'children': []}]}]}, {'label': 'F7', 'children': [{'label': 'Cm7', 'children': []}, {'label': 'F7', 'children': []}]}]}, {'label': 'Bb^7', 'children': [{'label': 'Bb^7', 'children': []}, {'label': 'Gm7', 'children': []}]}]}, {'label': 'A7', 'children': [{'label': 'Em7', 'children': []}, {'label': 'A7', 'children': [{'label': 'Bb^7', 'children': [{'label': 'F7', 'children': []}, {'label': 'Bb^7', 'children': []}]}, {'label': 'A7', 'children': []}]}]}]}]}, {'label': 'D^7', 'children': [{'label': 'D^7', 'children': [{'label': 'A7', 'children': [{'label': 'Em7', 'children': []}, {'label': 'A7', 'children': []}]}, {'label': 'D^7', 'children': [{'label': 'D^7', 'children': []}, {'label': 'D^7', 'children': []}]}]}, {'label': 'D^7', 'children': [{'label': 'A7', 'children': [{'label': 'Bb^7', 'children': [{'label': 'F7', 'children': [{'label': 'C^7', 'children': [{'label': 'G7', 'children': [{'label': 'Dm7', 'children': []}, {'label': 'G7', 'children': []}]}, {'label': 'C^7', 'children': [{'label': 'C^7', 'children': []}, {'label': 'C^7', 'children': []}]}]}, {'label': 'F7', 'children': [{'label': 'Cm7', 'children': []}, {'label': 'F7', 'children': []}]}]}, {'label': 'Bb^7', 'children': [{'label': 'Bb^7', 'children': []}, {'label': 'Gm7', 'children': []}]}]}, {'label': 'A7', 'children': [{'label': 'Em7', 'children': []}, {'label': 'A7', 'children': []}]}]}, {'label': 'D^7', 'children': [{'label': 'D^7', 'children': []}, {'label': 'D^7', 'children': []}]}]}]}]}, 'complete_constituent_tree': {'label': 'D^7', 'children': [{'label': 'D^7', 'children': [{'label': 'A7', 'children': [{'label': 'Em7', 'children': []}, {'label': 'A7', 'children': []}]}, {'label': 'D^7', 'children': [{'label': 'D^7', 'children': []}, {'label': 'D^7', 'children': []}]}]}, {'label': 'D^7', 'children': [{'label': 'A7', 'children': [{'label': 'Bb^7', 'children': [{'label': 'F7', 'children': [{'label': 'C^7', 'children': [{'label': 'G7', 'children': [{'label': 'Dm7', 'children': []}, {'label': 'G7', 'children': []}]}, {'label': 'C^7', 'children': [{'label': 'C^7', 'children': []}, {'label': 'C^7', 'children': []}]}]}, {'label': 'F7', 'children': [{'label': 'Cm7', 'children': []}, {'label': 'F7', 'children': []}]}]}, {'label': 'Bb^7', 'children': [{'label': 'Bb^7', 'children': []}, {'label': 'Gm7', 'children': []}]}]}, {'label': 'A7', 'children': [{'label': 'Em7', 'children': []}, {'label': 'A7', 'children': [{'label': 'Bb^7', 'children': [{'label': 'F7', 'children': []}, {'label': 'Bb^7', 'children': []}]}, {'label': 'A7', 'children': []}]}]}]}, {'label': 'D^7', 'children': [{'label': 'D^7', 'children': [{'label': 'A7', 'children': [{'label': 'Em7', 'children': []}, {'label': 'A7', 'children': []}]}, {'label': 'D^7', 'children': [{'label': 'D^7', 'children': []}, {'label': 'D^7', 'children': []}]}]}, {'label': 'D^7', 'children': [{'label': 'A7', 'children': [{'label': 'Bb^7', 'children': [{'label': 'F7', 'children': [{'label': 'C^7', 'children': [{'label': 'G7', 'children': [{'label': 'Dm7', 'children': []}, {'label': 'G7', 'children': []}]}, {'label': 'C^7', 'children': [{'label': 'C^7', 'children': []}, {'label': 'C^7', 'children': []}]}]}, {'label': 'F7', 'children': [{'label': 'Cm7', 'children': []}, {'label': 'F7', 'children': []}]}]}, {'label': 'Bb^7', 'children': [{'label': 'Bb^7', 'children': []}, {'label': 'Gm7', 'children': []}]}]}, {'label': 'A7', 'children': [{'label': 'Em7', 'children': []}, {'label': 'A7', 'children': []}]}]}, {'label': 'D^7', 'children': [{'label': 'D^7', 'children': []}, {'label': 'D^7', 'children': []}]}]}]}]}]}}]",key corrected
What Is This Thing Called Love,"[1, 2, 3, 4, 5, 6, 7, 8, 9, 10, 11, 12, 13, 14, 15, 16, 17, 18, 19, 20, 21, 22, 23, 24, 25, 26, 27, 28, 29, 30, 31, 32]","[1, 1, 1, 1, 1, 1, 1, 1, 1, 1, 1, 1, 1, 1, 1, 1, 1, 1, 1, 1, 1, 1, 1, 1, 1, 1, 1, 1, 1, 1, 1, 1]","['G%7', 'C7', 'Fm6', 'Fm6', 'D%7', 'G7', 'C^7', 'C^7', 'G%7', 'C7', 'Fm6', 'Fm6', 'D%7', 'G7', 'C^7', 'C^7', 'Cm7', 'F7', 'Bb^7', 'Bb^7', 'Ab7', 'Ab7', 'D%7', 'G7', 'G%7', 'C7', 'Fm6', 'Fm6', 'D%7', 'G7', 'C^7', 'C^7']","Porter, Cole",1930,"{'numerator': 4, 'denominator': 4}",C,0.0,"[{'open_constituent_tree': {'label': 'C^7', 'children': [{'label': 'C^7', 'children': [{'label': 'C^7', 'children': [{'label': 'G7', 'children': [{'label': 'Fm6', 'children': [{'label': 'C7', 'children': [{'label': 'G%7', 'children': []}, {'label': 'C7', 'children': []}]}, {'label': 'Fm6', 'children': [{'label': 'Fm6', 'children': []}, {'label': 'Fm6', 'children': []}]}]}, {'label': 'G7', 'children': [{'label': 'D%7', 'children': []}, {'label': 'G7', 'children': []}]}]}, {'label': 'C^7', 'children': [{'label': 'C^7', 'children': []}, {'label': 'C^7', 'children': []}]}]}, {'label': 'C^7', 'children': [{'label': 'G7', 'children': [{'label': 'Fm6', 'children': [{'label': 'C7', 'children': [{'label': 'G%7', 'children': []}, {'label': 'C7', 'children': []}]}, {'label': 'Fm6', 'children': [{'label': 'Fm6', 'children': []}, {'label': 'Fm6', 'children': []}]}]}, {'label': 'G7', 'children': [{'label': 'D%7', 'children': []}, {'label': 'G7', 'children': []}]}]}, {'label': 'C^7', 'children': [{'label': 'C^7', 'children': []}, {'label': 'C^7', 'children': []}]}]}]}, {'label': 'C^7', 'children': [{'label': 'G7', 'children': [{'label': 'Bb^7', 'children': [{'label': 'F7', 'children': [{'label': 'Cm7', 'children': []}, {'label': 'F7', 'children': []}]}, {'label': 'Bb^7', 'children': [{'label': 'Bb^7', 'children': []}, {'label': 'Bb^7', 'children': []}]}]}, {'label': 'G7', 'children': [{'label': 'Ab7', 'children': [{'label': 'Ab7', 'children': []}, {'label': 'Ab7', 'children': []}]}, {'label': 'G7', 'children': [{'label': 'D%7', 'children': []}, {'label': 'G7', 'children': []}]}]}]}, {'label': 'C^7', 'children': [{'label': 'G7', 'children': [{'label': 'Fm6', 'children': [{'label': 'C7', 'children': [{'label': 'G%7', 'children': []}, {'label': 'C7', 'children': []}]}, {'label': 'Fm6', 'children': [{'label': 'Fm6', 'children': []}, {'label': 'Fm6', 'children': []}]}]}, {'label': 'G7', 'children': [{'label': 'D%7', 'children': []}, {'label': 'G7', 'children': []}]}]}, {'label': 'C^7', 'children': [{'label': 'C^7', 'children': []}, {'label': 'C^7', 'children': []}]}]}]}]}, 'complete_constituent_tree': {'label': 'C^7', 'children': [{'label': 'C^7', 'children': [{'label': 'C^7', 'children': [{'label': 'G7', 'children': [{'label': 'Fm6', 'children': [{'label': 'C7', 'children': [{'label': 'G%7', 'children': []}, {'label': 'C7', 'children': []}]}, {'label': 'Fm6', 'children': [{'label': 'Fm6', 'children': []}, {'label': 'Fm6', 'children': []}]}]}, {'label': 'G7', 'children': [{'label': 'D%7', 'children': []}, {'label': 'G7', 'children': []}]}]}, {'label': 'C^7', 'children': [{'label': 'C^7', 'children': []}, {'label': 'C^7', 'children': []}]}]}, {'label': 'C^7', 'children': [{'label': 'G7', 'children': [{'label': 'Fm6', 'children': [{'label': 'C7', 'children': [{'label': 'G%7', 'children': []}, {'label': 'C7', 'children': []}]}, {'label': 'Fm6', 'children': [{'label': 'Fm6', 'children': []}, {'label': 'Fm6', 'children': []}]}]}, {'label': 'G7', 'children': [{'label': 'D%7', 'children': []}, {'label': 'G7', 'children': []}]}]}, {'label': 'C^7', 'children': [{'label': 'C^7', 'children': []}, {'label': 'C^7', 'children': []}]}]}]}, {'label': 'C^7', 'children': [{'label': 'G7', 'children': [{'label': 'Bb^7', 'children': [{'label': 'F7', 'children': [{'label': 'Cm7', 'children': []}, {'label': 'F7', 'children': []}]}, {'label': 'Bb^7', 'children': [{'label': 'Bb^7', 'children': []}, {'label': 'Bb^7', 'children': []}]}]}, {'label': 'G7', 'children': [{'label': 'Ab7', 'children': [{'label': 'Ab7', 'children': []}, {'label': 'Ab7', 'children': []}]}, {'label': 'G7', 'children': [{'label': 'D%7', 'children': []}, {'label': 'G7', 'children': []}]}]}]}, {'label': 'C^7', 'children': [{'label': 'G7', 'children': [{'label': 'Fm6', 'children': [{'label': 'C7', 'children': [{'label': 'G%7', 'children': []}, {'label': 'C7', 'children': []}]}, {'label': 'Fm6', 'children': [{'label': 'Fm6', 'children': []}, {'label': 'Fm6', 'children': []}]}]}, {'label': 'G7', 'children': [{'label': 'D%7', 'children': []}, {'label': 'G7', 'children': []}]}]}, {'label': 'C^7', 'children': [{'label': 'C^7', 'children': []}, {'label': 'C^7', 'children': []}]}]}]}]}}]",
Wayne's Thang,"[1, 2, 3, 4, 5, 6, 7, 8, 9, 10, 11, 12, 13, 14, 15, 16]","[1, 1, 1, 1, 1, 1, 1, 1, 1, 1, 1, 1, 1, 1, 1, 1]","['Em7', 'Em7', 'C6', 'C6', 'B7', 'B7', 'Em7', 'Em7', 'Em7', 'Em7', 'C6', 'C6', 'B7', 'B7', 'Em7', 'Em7']","Garrett, Kenny",1995,"{'numerator': 4, 'denominator': 4}",e,0.0,"[{'open_constituent_tree': {'label': 'Em7', 'children': [{'label': 'Em7', 'children': [{'label': 'Em7', 'children': [{'label': 'Em7', 'children': []}, {'label': 'Em7', 'children': []}]}, {'label': 'Em7', 'children': [{'label': 'B7', 'children': [{'label': 'C6', 'children': [{'label': 'C6', 'children': []}, {'label': 'C6', 'children': []}]}, {'label': 'B7', 'children': [{'label': 'B7', 'children': []}, {'label': 'B7', 'children': []}]}]}, {'label': 'Em7', 'children': [{'label': 'Em7', 'children': []}, {'label': 'Em7', 'children': []}]}]}]}, {'label': 'Em7', 'children': [{'label': 'Em7', 'children': [{'label': 'Em7', 'children': []}, {'label': 'Em7', 'children': []}]}, {'label': 'Em7', 'children': [{'label': 'B7', 'children': [{'label': 'C6', 'children': [{'label': 'C6', 'children': []}, {'label': 'C6', 'children': []}]}, {'label': 'B7', 'children': [{'label': 'B7', 'children': []}, {'label': 'B7', 'children': []}]}]}, {'label': 'Em7', 'children': [{'label': 'Em7', 'children': []}, {'label': 'Em7', 'children': []}]}]}]}]}, 'complete_constituent_tree': {'label': 'Em7', 'children': [{'label': 'Em7', 'children': [{'label': 'Em7', 'children': [{'label': 'Em7', 'children': []}, {'label': 'Em7', 'children': []}]}, {'label': 'Em7', 'children': [{'label': 'B7', 'children': [{'label': 'C6', 'children': [{'label': 'C6', 'children': []}, {'label': 'C6', 'children': []}]}, {'label': 'B7', 'children': [{'label': 'B7', 'children': []}, {'label': 'B7', 'children': []}]}]}, {'label': 'Em7', 'children': [{'label': 'Em7', 'children': []}, {'label': 'Em7', 'children': []}]}]}]}, {'label': 'Em7', 'children': [{'label': 'Em7', 'children': [{'label': 'Em7', 'children': []}, {'label': 'Em7', 'children': []}]}, {'label': 'Em7', 'children': [{'label': 'B7', 'children': [{'label': 'C6', 'children': [{'label': 'C6', 'children': []}, {'label': 'C6', 'children': []}]}, {'label': 'B7', 'children': [{'label': 'B7', 'children': []}, {'label': 'B7', 'children': []}]}]}, {'label': 'Em7', 'children': [{'label': 'Em7', 'children': []}, {'label': 'Em7', 'children': []}]}]}]}]}}]",
Contemplation,"[1, 2, 3, 4, 5, 6, 7, 8, 9, 10, 11, 12, 13, 14, 15, 16]","[1, 1, 1, 1, 1, 1, 1, 1, 1, 1, 1, 1, 1, 1, 1, 1]","['Cm7', 'Cm7', 'Cm7', 'Cm7', 'Cm7', 'Cm7', 'Cm7', 'Cm7', 'Ab^7', 'Ab^7', 'Ab^7', 'Ab^7', 'G7', 'G7', 'G7', 'G7', 'Cm7']","Tyner, McCoy",1967,"{'numerator': 3, 'denominator': 4}",c,-1.0,"[{'open_constituent_tree': {'label': 'Cm7', 'children': [{'label': 'G7', 'children': [{'label': 'Cm7', 'children': [{'label': 'Cm7', 'children': [{'label': 'Cm7', 'children': [{'label': 'Cm7', 'children': []}, {'label': 'Cm7', 'children': []}]}, {'label': 'Cm7', 'children': [{'label': 'Cm7', 'children': []}, {'label': 'Cm7', 'children': []}]}]}, {'label': 'Cm7', 'children': [{'label': 'Cm7', 'children': [{'label': 'Cm7', 'children': []}, {'label': 'Cm7', 'children': []}]}, {'label': 'Cm7', 'children': [{'label': 'Cm7', 'children': []}, {'label': 'Cm7', 'children': []}]}]}]}, {'label': 'G7', 'children': [{'label': 'Ab^7', 'children': [{'label': 'Ab^7', 'children': [{'label': 'Ab^7', 'children': []}, {'label': 'Ab^7', 'children': []}]}, {'label': 'Ab^7', 'children': [{'label': 'Ab^7', 'children': []}, {'label': 'Ab^7', 'children': []}]}]}, {'label': 'G7', 'children': [{'label': 'G7', 'children': [{'label': 'G7', 'children': []}, {'label': 'G7', 'children': []}]}, {'label': 'G7', 'children': [{'label': 'G7', 'children': []}, {'label': 'G7', 'children': []}]}]}]}]}, {'label': 'Cm7', 'children': []}]}, 'complete_constituent_tree': {'label': 'Cm7', 'children': [{'label': 'G7', 'children': [{'label': 'Cm7', 'children': [{'label': 'Cm7', 'children': [{'label': 'Cm7', 'children': [{'label': 'Cm7', 'children': []}, {'label': 'Cm7', 'children': []}]}, {'label': 'Cm7', 'children': [{'label': 'Cm7', 'children': []}, {'label': 'Cm7', 'children': []}]}]}, {'label': 'Cm7', 'children': [{'label': 'Cm7', 'children': [{'label': 'Cm7', 'children': []}, {'label': 'Cm7', 'children': []}]}, {'label': 'Cm7', 'children': [{'label': 'Cm7', 'children': []}, {'label': 'Cm7', 'children': []}]}]}]}, {'label': 'G7', 'children': [{'label': 'Ab^7', 'children': [{'label': 'Ab^7', 'children': [{'label': 'Ab^7', 'children': []}, {'label': 'Ab^7', 'children': []}]}, {'label': 'Ab^7', 'children': [{'label': 'Ab^7', 'children': []}, {'label': 'Ab^7', 'children': []}]}]}, {'label': 'G7', 'children': [{'label': 'G7', 'children': [{'label': 'G7', 'children': []}, {'label': 'G7', 'children': []}]}, {'label': 'G7', 'children': [{'label': 'G7', 'children': []}, {'label': 'G7', 'children': []}]}]}]}]}, {'label': 'Cm7', 'children': []}]}}]",
Move,"[1, 2, 3, 4, 5, 6, 7, 8, 9, 10, 11, 12, 13, 14, 15, 16, 17, 18, 19, 20, 21, 22, 23, 24, 25, 26, 27, 28, 29, 30, 31, 32]","[1, 1, 1, 1, 1, 1, 1, 1, 1, 1, 1, 1, 1, 1, 1, 1, 1, 1, 1, 1, 1, 1, 1, 1, 1, 1, 1, 1, 1, 1, 1, 1]","['Bb6', 'Eb7', 'Bb6', 'Bo7', 'Cm7', 'F7', 'Bb6', 'Bb6', 'Bb6', 'Eb7', 'Bb6', 'Bo7', 'Cm7', 'F7', 'Bb6', 'Bb6', 'Fm7', 'Bb7', 'Eb6', 'Eb6', 'C7', 'C7', 'Cm7', 'F7', 'Bb6', 'Eb7', 'Bb6', 'Bo7', 'Cm7', 'F7', 'Bb6', 'Bb6']","Best, Denzil",1949,"{'numerator': 4, 'denominator': 4}",B-,0.0,"[{'open_constituent_tree': {'label': 'Bb6', 'children': [{'label': 'Bb6', 'children': [{'label': 'Bb6', 'children': [{'label': 'Bb6', 'children': [{'label': 'Bb6', 'children': []}, {'label': 'Bb6', 'children': [{'label': 'Eb7', 'children': []}, {'label': 'Bb6', 'children': []}]}]}, {'label': 'Bb6', 'children': [{'label': 'F7', 'children': [{'label': 'Cm7', 'children': [{'label': 'Bo7', 'children': []}, {'label': 'Cm7', 'children': []}]}, {'label': 'F7', 'children': []}]}, {'label': 'Bb6', 'children': [{'label': 'Bb6', 'children': []}, {'label': 'Bb6', 'children': []}]}]}]}, {'label': 'Bb6', 'children': [{'label': 'Bb6', 'children': [{'label': 'Bb6', 'children': []}, {'label': 'Bb6', 'children': [{'label': 'Eb7', 'children': []}, {'label': 'Bb6', 'children': []}]}]}, {'label': 'Bb6', 'children': [{'label': 'F7', 'children': [{'label': 'Cm7', 'children': [{'label': 'Bo7', 'children': []}, {'label': 'Cm7', 'children': []}]}, {'label': 'F7', 'children': []}]}, {'label': 'Bb6', 'children': [{'label': 'Bb6', 'children': []}, {'label': 'Bb6', 'children': []}]}]}]}]}, {'label': 'Bb6', 'children': [{'label': 'F7', 'children': [{'label': 'Eb6', 'children': [{'label': 'Bb7', 'children': [{'label': 'Fm7', 'children': []}, {'label': 'Bb7', 'children': []}]}, {'label': 'Eb6', 'children': [{'label': 'Eb6', 'children': []}, {'label': 'Eb6', 'children': []}]}]}, {'label': 'F7', 'children': [{'label': 'C7', 'children': [{'label': 'C7', 'children': []}, {'label': 'C7', 'children': []}]}, {'label': 'F7', 'children': [{'label': 'Cm7', 'children': []}, {'label': 'F7', 'children': []}]}]}]}, {'label': 'Bb6', 'children': [{'label': 'Bb6', 'children': [{'label': 'Bb6', 'children': []}, {'label': 'Bb6', 'children': [{'label': 'Eb7', 'children': []}, {'label': 'Bb6', 'children': []}]}]}, {'label': 'Bb6', 'children': [{'label': 'F7', 'children': [{'label': 'Cm7', 'children': [{'label': 'Bo7', 'children': []}, {'label': 'Cm7', 'children': []}]}, {'label': 'F7', 'children': []}]}, {'label': 'Bb6', 'children': [{'label': 'Bb6', 'children': []}, {'label': 'Bb6', 'children': []}]}]}]}]}]}, 'complete_constituent_tree': {'label': 'Bb6', 'children': [{'label': 'Bb6', 'children': [{'label': 'Bb6', 'children': [{'label': 'Bb6', 'children': [{'label': 'Bb6', 'children': []}, {'label': 'Bb6', 'children': [{'label': 'Eb7', 'children': []}, {'label': 'Bb6', 'children': []}]}]}, {'label': 'Bb6', 'children': [{'label': 'F7', 'children': [{'label': 'Cm7', 'children': [{'label': 'Bo7', 'children': []}, {'label': 'Cm7', 'children': []}]}, {'label': 'F7', 'children': []}]}, {'label': 'Bb6', 'children': [{'label': 'Bb6', 'children': []}, {'label': 'Bb6', 'children': []}]}]}]}, {'label': 'Bb6', 'children': [{'label': 'Bb6', 'children': [{'label': 'Bb6', 'children': []}, {'label': 'Bb6', 'children': [{'label': 'Eb7', 'children': []}, {'label': 'Bb6', 'children': []}]}]}, {'label': 'Bb6', 'children': [{'label': 'F7', 'children': [{'label': 'Cm7', 'children': [{'label': 'Bo7', 'children': []}, {'label': 'Cm7', 'children': []}]}, {'label': 'F7', 'children': []}]}, {'label': 'Bb6', 'children': [{'label': 'Bb6', 'children': []}, {'label': 'Bb6', 'children': []}]}]}]}]}, {'label': 'Bb6', 'children': [{'label': 'F7', 'children': [{'label': 'Eb6', 'children': [{'label': 'Bb7', 'children': [{'label': 'Fm7', 'children': []}, {'label': 'Bb7', 'children': []}]}, {'label': 'Eb6', 'children': [{'label': 'Eb6', 'children': []}, {'label': 'Eb6', 'children': []}]}]}, {'label': 'F7', 'children': [{'label': 'C7', 'children': [{'label': 'C7', 'children': []}, {'label': 'C7', 'children': []}]}, {'label': 'F7', 'children': [{'label': 'Cm7', 'children': []}, {'label': 'F7', 'children': []}]}]}]}, {'label': 'Bb6', 'children': [{'label': 'Bb6', 'children': [{'label': 'Bb6', 'children': []}, {'label': 'Bb6', 'children': [{'label': 'Eb7', 'children': []}, {'label': 'Bb6', 'children': []}]}]}, {'label': 'Bb6', 'children': [{'label': 'F7', 'children': [{'label': 'Cm7', 'children': [{'label': 'Bo7', 'children': []}, {'label': 'Cm7', 'children': []}]}, {'label': 'F7', 'children': []}]}, {'label': 'Bb6', 'children': [{'label': 'Bb6', 'children': []}, {'label': 'Bb6', 'children': []}]}]}]}]}]}}]",
Hackensack,"[1, 2, 3, 4, 4, 5, 6, 7, 8, 9, 10, 11, 12, 12, 13, 14, 15, 16, 17, 18, 19, 20, 20, 21, 22, 23, 24, 25, 26, 27, 28, 28, 29, 30, 31, 32]","[1, 1, 1, 1, 3, 1, 1, 1, 1, 1, 1, 1, 1, 3, 1, 1, 1, 1, 1, 1, 1, 1, 3, 1, 1, 1, 1, 1, 1, 1, 1, 3, 1, 1, 1, 1]","['F6', 'Bb7', 'F6', 'Am7', 'D7', 'Gm7', 'C7', 'F6', 'C7', 'F6', 'Bb7', 'F6', 'Am7', 'D7', 'Gm7', 'C7', 'F6', 'F6', 'Bb7', 'Bo7', 'F6', 'Am7', 'D7', 'G7', 'G7', 'C7', 'Db7', 'F6', 'Bb7', 'F6', 'Am7', 'D7', 'Gm7', 'C7', 'F6']","Monk, Thelonious",1954,"{'numerator': 4, 'denominator': 4}",F,1.0,"[{'open_constituent_tree': {'label': 'F6', 'children': [{'label': 'F6', 'children': [{'label': 'F6', 'children': [{'label': 'F6', 'children': [{'label': 'F6', 'children': []}, {'label': 'F6', 'children': [{'label': 'Bb7', 'children': []}, {'label': 'F6', 'children': []}]}]}, {'label': 'F6', 'children': [{'label': 'C7', 'children': [{'label': 'Gm7', 'children': [{'label': 'D7', 'children': [{'label': 'Am7', 'children': []}, {'label': 'D7', 'children': []}]}, {'label': 'Gm7', 'children': []}]}, {'label': 'C7', 'children': []}]}, {'label': 'F6', 'children': []}]}]}, {'label': 'F6', 'children': [{'label': 'F6', 'children': [{'label': 'F6', 'children': [{'label': 'C7', 'children': []}, {'label': 'F6', 'children': []}]}, {'label': 'F6', 'children': [{'label': 'Bb7', 'children': []}, {'label': 'F6', 'children': []}]}]}, {'label': 'F6', 'children': [{'label': 'C7', 'children': [{'label': 'Gm7', 'children': [{'label': 'D7', 'children': [{'label': 'Am7', 'children': []}, {'label': 'D7', 'children': []}]}, {'label': 'Gm7', 'children': []}]}, {'label': 'C7', 'children': []}]}, {'label': 'F6', 'children': [{'label': 'F6', 'children': []}, {'label': 'F6', 'children': []}]}]}]}]}, {'label': 'F6', 'children': [{'label': 'C7', 'children': [{'label': 'F6', 'children': [{'label': 'Bb7', 'children': [{'label': 'Bb7', 'children': []}, {'label': 'Bo7', 'children': []}]}, {'label': 'F6', 'children': []}]}, {'label': 'C7', 'children': [{'label': 'C7', 'children': [{'label': 'G7', 'children': [{'label': 'D7', 'children': [{'label': 'Am7', 'children': []}, {'label': 'D7', 'children': []}]}, {'label': 'G7', 'children': [{'label': 'G7', 'children': []}, {'label': 'G7', 'children': []}]}]}, {'label': 'C7', 'children': []}]}, {'label': 'Db7', 'children': []}]}]}, {'label': 'F6', 'children': [{'label': 'F6', 'children': [{'label': 'F6', 'children': []}, {'label': 'F6', 'children': [{'label': 'Bb7', 'children': []}, {'label': 'F6', 'children': []}]}]}, {'label': 'F6', 'children': [{'label': 'C7', 'children': [{'label': 'Gm7', 'children': [{'label': 'D7', 'children': [{'label': 'Am7', 'children': []}, {'label': 'D7', 'children': []}]}, {'label': 'Gm7', 'children': []}]}, {'label': 'C7', 'children': []}]}, {'label': 'F6', 'children': []}]}]}]}]}, 'complete_constituent_tree': {'label': 'F6', 'children': [{'label': 'F6', 'children': [{'label': 'F6', 'children': [{'label': 'F6', 'children': [{'label': 'F6', 'children': []}, {'label': 'F6', 'children': [{'label': 'Bb7', 'children': []}, {'label': 'F6', 'children': []}]}]}, {'label': 'F6', 'children': [{'label': 'C7', 'children': [{'label': 'Gm7', 'children': [{'label': 'D7', 'children': [{'label': 'Am7', 'children': []}, {'label': 'D7', 'children': []}]}, {'label': 'Gm7', 'children': []}]}, {'label': 'C7', 'children': []}]}, {'label': 'F6', 'children': []}]}]}, {'label': 'F6', 'children': [{'label': 'F6', 'children': [{'label': 'F6', 'children': [{'label': 'C7', 'children': []}, {'label': 'F6', 'children': []}]}, {'label': 'F6', 'children': [{'label': 'Bb7', 'children': []}, {'label': 'F6', 'children': []}]}]}, {'label': 'F6', 'children': [{'label': 'C7', 'children': [{'label': 'Gm7', 'children': [{'label': 'D7', 'children': [{'label': 'Am7', 'children': []}, {'label': 'D7', 'children': []}]}, {'label': 'Gm7', 'children': []}]}, {'label': 'C7', 'children': []}]}, {'label': 'F6', 'children': [{'label': 'F6', 'children': []}, {'label': 'F6', 'children': []}]}]}]}]}, {'label': 'F6', 'children': [{'label': 'C7', 'children': [{'label': 'F6', 'children': [{'label': 'Bb7', 'children': [{'label': 'Bb7', 'children': []}, {'label': 'Bo7', 'children': []}]}, {'label': 'F6', 'children': []}]}, {'label': 'C7', 'children': [{'label': 'C7', 'children': [{'label': 'G7', 'children': [{'label': 'D7', 'children': [{'label': 'Am7', 'children': []}, {'label': 'D7', 'children': []}]}, {'label': 'G7', 'children': [{'label': 'G7', 'children': []}, {'label': 'G7', 'children': []}]}]}, {'label': 'C7', 'children': []}]}, {'label': 'Db7', 'children': []}]}]}, {'label': 'F6', 'children': [{'label': 'F6', 'children': [{'label': 'F6', 'children': []}, {'label': 'F6', 'children': [{'label': 'Bb7', 'children': []}, {'label': 'F6', 'children': []}]}]}, {'label': 'F6', 'children': [{'label': 'C7', 'children': [{'label': 'Gm7', 'children': [{'label': 'D7', 'children': [{'label': 'Am7', 'children': []}, {'label': 'D7', 'children': []}]}, {'label': 'Gm7', 'children': []}]}, {'label': 'C7', 'children': []}]}, {'label': 'F6', 'children': []}]}]}]}]}}]",bluesy subdominant -> tonic motion Bb7 -> F6; Db7 interpreted as a neigbor chord of C7
Just Friends,"[1, 2, 3, 4, 5, 6, 7, 8, 9, 10, 11, 12, 13, 14, 15, 16, 16, 17, 18, 19, 20, 21, 22, 23, 24, 25, 26, 27, 27, 28, 29, 30, 30, 31, 32, 32]","[1, 1, 1, 1, 1, 1, 1, 1, 1, 1, 1, 1, 1, 1, 1, 1, 3, 1, 1, 1, 1, 1, 1, 1, 1, 1, 1, 1, 3, 1, 1, 1, 3, 1, 1, 3]","['C^7', 'C^7', 'Cm7', 'F7', 'G^7', 'G^7', 'Bbm7', 'Eb7', 'Am7', 'D7', 'Bm7', 'Em7', 'A7', 'A7', 'Am7', 'D7', 'G7', 'C^7', 'C^7', 'Cm7', 'F7', 'G^7', 'G^7', 'Bbm7', 'Eb7', 'Am7', 'D7', 'F#%7', 'B7', 'Em7', 'A7', 'Am7', 'D7', 'G6']","Klenner, John",1931,"{'numerator': 4, 'denominator': 4}",G,2.0,"[{'open_constituent_tree': {'label': 'G6', 'children': [{'label': 'D7*', 'children': [{'label': 'G^7', 'children': [{'label': 'F7', 'children': [{'label': 'C^7', 'children': [{'label': 'C^7', 'children': []}, {'label': 'C^7', 'children': []}]}, {'label': 'F7', 'children': [{'label': 'Cm7', 'children': []}, {'label': 'F7', 'children': []}]}]}, {'label': 'G^7', 'children': [{'label': 'G^7', 'children': []}, {'label': 'G^7', 'children': []}]}]}, {'label': 'D7', 'children': [{'label': 'A7', 'children': [{'label': 'Em7', 'children': [{'label': 'D7', 'children': [{'label': 'Eb7', 'children': [{'label': 'Bbm7', 'children': []}, {'label': 'Eb7', 'children': []}]}, {'label': 'D7', 'children': [{'label': 'Am7', 'children': []}, {'label': 'D7', 'children': []}]}]}, {'label': 'Em7', 'children': [{'label': 'Bm7', 'children': []}, {'label': 'Em7', 'children': []}]}]}, {'label': 'A7', 'children': [{'label': 'A7', 'children': []}, {'label': 'A7', 'children': []}]}]}, {'label': 'D7', 'children': [{'label': 'Am7', 'children': []}, {'label': 'D7', 'children': []}]}]}]}, {'label': 'G6', 'children': [{'label': 'G^7', 'children': [{'label': 'F7', 'children': [{'label': 'C^7', 'children': [{'label': 'G7', 'children': []}, {'label': 'C^7', 'children': [{'label': 'C^7', 'children': []}, {'label': 'C^7', 'children': []}]}]}, {'label': 'F7', 'children': [{'label': 'Cm7', 'children': []}, {'label': 'F7', 'children': []}]}]}, {'label': 'G^7', 'children': [{'label': 'G^7', 'children': []}, {'label': 'G^7', 'children': []}]}]}, {'label': 'G6', 'children': [{'label': 'D7', 'children': [{'label': 'A7', 'children': [{'label': 'Em7', 'children': [{'label': 'D7', 'children': [{'label': 'Eb7', 'children': [{'label': 'Bbm7', 'children': []}, {'label': 'Eb7', 'children': []}]}, {'label': 'D7', 'children': [{'label': 'Am7', 'children': []}, {'label': 'D7', 'children': []}]}]}, {'label': 'Em7', 'children': [{'label': 'B7', 'children': [{'label': 'F#%7', 'children': []}, {'label': 'B7', 'children': []}]}, {'label': 'Em7', 'children': []}]}]}, {'label': 'A7', 'children': []}]}, {'label': 'D7', 'children': [{'label': 'Am7', 'children': []}, {'label': 'D7', 'children': []}]}]}, {'label': 'G6', 'children': []}]}]}]}, 'complete_constituent_tree': {'label': 'G6', 'children': [{'label': 'G^7', 'children': [{'label': 'F7', 'children': [{'label': 'C^7', 'children': [{'label': 'C^7', 'children': []}, {'label': 'C^7', 'children': []}]}, {'label': 'F7', 'children': [{'label': 'Cm7', 'children': []}, {'label': 'F7', 'children': []}]}]}, {'label': 'G^7', 'children': [{'label': 'G^7', 'children': []}, {'label': 'G^7', 'children': []}]}]}, {'label': 'G6', 'children': [{'label': 'D7', 'children': [{'label': 'A7', 'children': [{'label': 'Em7', 'children': [{'label': 'D7', 'children': [{'label': 'Eb7', 'children': [{'label': 'Bbm7', 'children': []}, {'label': 'Eb7', 'children': []}]}, {'label': 'D7', 'children': [{'label': 'Am7', 'children': []}, {'label': 'D7', 'children': []}]}]}, {'label': 'Em7', 'children': [{'label': 'Bm7', 'children': []}, {'label': 'Em7', 'children': []}]}]}, {'label': 'A7', 'children': [{'label': 'A7', 'children': []}, {'label': 'A7', 'children': []}]}]}, {'label': 'D7', 'children': [{'label': 'Am7', 'children': []}, {'label': 'D7', 'children': []}]}]}, {'label': 'G6', 'children': [{'label': 'G^7', 'children': [{'label': 'F7', 'children': [{'label': 'C^7', 'children': [{'label': 'G7', 'children': []}, {'label': 'C^7', 'children': [{'label': 'C^7', 'children': []}, {'label': 'C^7', 'children': []}]}]}, {'label': 'F7', 'children': [{'label': 'Cm7', 'children': []}, {'label': 'F7', 'children': []}]}]}, {'label': 'G^7', 'children': [{'label': 'G^7', 'children': []}, {'label': 'G^7', 'children': []}]}]}, {'label': 'G6', 'children': [{'label': 'D7', 'children': [{'label': 'A7', 'children': [{'label': 'Em7', 'children': [{'label': 'D7', 'children': [{'label': 'Eb7', 'children': [{'label': 'Bbm7', 'children': []}, {'label': 'Eb7', 'children': []}]}, {'label': 'D7', 'children': [{'label': 'Am7', 'children': []}, {'label': 'D7', 'children': []}]}]}, {'label': 'Em7', 'children': [{'label': 'B7', 'children': [{'label': 'F#%7', 'children': []}, {'label': 'B7', 'children': []}]}, {'label': 'Em7', 'children': []}]}]}, {'label': 'A7', 'children': []}]}, {'label': 'D7', 'children': [{'label': 'Am7', 'children': []}, {'label': 'D7', 'children': []}]}]}, {'label': 'G6', 'children': []}]}]}]}]}}]",
Glad To Be Unhappy,"[1, 2, 3, 4, 5, 6, 7, 8, 8, 8, 9, 9, 10, 11, 11, 12, 13, 13, 14, 15, 15, 16, 17, 18, 19, 20, 21, 21, 22, 22, 23, 24]","[1, 1, 1, 1, 1, 1, 1, 1, 2, 3, 1, 3, 1, 1, 3, 1, 1, 3, 1, 1, 3, 1, 1, 1, 1, 1, 1, 3, 1, 3, 1, 1]","['Gm7', 'Eb^7', 'C7', 'C7', 'Gm7', 'Eb7', 'C7', 'C7', 'F^', 'F7', 'Bb^7', 'Bo7', 'F^7', 'Gm7', 'C7', 'F^7', 'Bb^7', 'Bo7', 'F^7', 'Gm7', 'C7', 'F^7', 'Gm7', 'Eb^7', 'C7', 'C7', 'F^7', 'Dm7', 'Gm7', 'C7', 'F^7', 'F^7']","Rodgers, Richard",1936,"{'numerator': 4, 'denominator': 4}",F,0.0,"[{'open_constituent_tree': {'label': 'F^7', 'children': [{'label': 'F^7', 'children': [{'label': 'F^', 'children': [{'label': 'C7', 'children': [{'label': 'Eb^7', 'children': [{'label': 'Gm7', 'children': []}, {'label': 'Eb^7', 'children': []}]}, {'label': 'C7', 'children': [{'label': 'C7', 'children': []}, {'label': 'C7', 'children': []}]}]}, {'label': 'F^', 'children': [{'label': 'C7', 'children': [{'label': 'Eb7', 'children': [{'label': 'Gm7', 'children': []}, {'label': 'Eb7', 'children': []}]}, {'label': 'C7', 'children': [{'label': 'C7', 'children': []}, {'label': 'C7', 'children': []}]}]}, {'label': 'F^', 'children': []}]}]}, {'label': 'F^7', 'children': [{'label': 'F^7', 'children': [{'label': 'C7', 'children': [{'label': 'Bb^7', 'children': [{'label': 'Bb^7', 'children': [{'label': 'F7', 'children': []}, {'label': 'Bb^7', 'children': []}]}, {'label': 'Bo7', 'children': []}]}, {'label': 'C7', 'children': [{'label': 'Gm7', 'children': [{'label': 'F^7', 'children': []}, {'label': 'Gm7', 'children': []}]}, {'label': 'C7', 'children': []}]}]}, {'label': 'F^7', 'children': []}]}, {'label': 'F^7', 'children': [{'label': 'C7', 'children': [{'label': 'Bb^7', 'children': [{'label': 'Bb^7', 'children': []}, {'label': 'Bo7', 'children': []}]}, {'label': 'C7', 'children': [{'label': 'Gm7', 'children': [{'label': 'F^7', 'children': []}, {'label': 'Gm7', 'children': []}]}, {'label': 'C7', 'children': []}]}]}, {'label': 'F^7', 'children': []}]}]}]}, {'label': 'F^7', 'children': [{'label': 'C7', 'children': [{'label': 'Eb^7', 'children': [{'label': 'Gm7', 'children': []}, {'label': 'Eb^7', 'children': []}]}, {'label': 'C7', 'children': [{'label': 'C7', 'children': []}, {'label': 'C7', 'children': []}]}]}, {'label': 'F^7', 'children': [{'label': 'F^7', 'children': []}, {'label': 'F^7', 'children': [{'label': 'C7', 'children': [{'label': 'Gm7', 'children': [{'label': 'Dm7', 'children': []}, {'label': 'Gm7', 'children': []}]}, {'label': 'C7', 'children': []}]}, {'label': 'F^7', 'children': [{'label': 'F^7', 'children': []}, {'label': 'F^7', 'children': []}]}]}]}]}]}, 'complete_constituent_tree': {'label': 'F^7', 'children': [{'label': 'F^7', 'children': [{'label': 'F^', 'children': [{'label': 'C7', 'children': [{'label': 'Eb^7', 'children': [{'label': 'Gm7', 'children': []}, {'label': 'Eb^7', 'children': []}]}, {'label': 'C7', 'children': [{'label': 'C7', 'children': []}, {'label': 'C7', 'children': []}]}]}, {'label': 'F^', 'children': [{'label': 'C7', 'children': [{'label': 'Eb7', 'children': [{'label': 'Gm7', 'children': []}, {'label': 'Eb7', 'children': []}]}, {'label': 'C7', 'children': [{'label': 'C7', 'children': []}, {'label': 'C7', 'children': []}]}]}, {'label': 'F^', 'children': []}]}]}, {'label': 'F^7', 'children': [{'label': 'F^7', 'children': [{'label': 'C7', 'children': [{'label': 'Bb^7', 'children': [{'label': 'Bb^7', 'children': [{'label': 'F7', 'children': []}, {'label': 'Bb^7', 'children': []}]}, {'label': 'Bo7', 'children': []}]}, {'label': 'C7', 'children': [{'label': 'Gm7', 'children': [{'label': 'F^7', 'children': []}, {'label': 'Gm7', 'children': []}]}, {'label': 'C7', 'children': []}]}]}, {'label': 'F^7', 'children': []}]}, {'label': 'F^7', 'children': [{'label': 'C7', 'children': [{'label': 'Bb^7', 'children': [{'label': 'Bb^7', 'children': []}, {'label': 'Bo7', 'children': []}]}, {'label': 'C7', 'children': [{'label': 'Gm7', 'children': [{'label': 'F^7', 'children': []}, {'label': 'Gm7', 'children': []}]}, {'label': 'C7', 'children': []}]}]}, {'label': 'F^7', 'children': []}]}]}]}, {'label': 'F^7', 'children': [{'label': 'C7', 'children': [{'label': 'Eb^7', 'children': [{'label': 'Gm7', 'children': []}, {'label': 'Eb^7', 'children': []}]}, {'label': 'C7', 'children': [{'label': 'C7', 'children': []}, {'label': 'C7', 'children': []}]}]}, {'label': 'F^7', 'children': [{'label': 'F^7', 'children': []}, {'label': 'F^7', 'children': [{'label': 'C7', 'children': [{'label': 'Gm7', 'children': [{'label': 'Dm7', 'children': []}, {'label': 'Gm7', 'children': []}]}, {'label': 'C7', 'children': []}]}, {'label': 'F^7', 'children': [{'label': 'F^7', 'children': []}, {'label': 'F^7', 'children': []}]}]}]}]}]}}]",
Bill Bailey,"[1, 2, 3, 4, 5, 6, 6, 7, 8, 9, 10, 11, 12, 13, 14, 15, 16, 16, 17, 18, 19, 20, 21, 22, 23, 24, 25, 26, 27, 28, 29, 30, 31, 32, 32]","[1, 1, 1, 1, 1, 1, 3, 1, 1, 1, 1, 1, 1, 1, 1, 1, 1, 3, 1, 1, 1, 1, 1, 1, 1, 1, 1, 1, 1, 1, 1, 1, 1, 1, 3]","['G^', 'G^', 'G^', 'G^', 'G^', 'G^', 'Abo7', 'Am7', 'D7', 'D7', 'D7', 'D7', 'D7', 'D7', 'D7', 'G^', 'Am7', 'D7', 'G^', 'G^', 'G^', 'G^', 'Dm7', 'G7', 'C^', 'C^', 'C^', 'C#o7', 'G^', 'E7', 'A7', 'D7', 'G^']",Traditional,1902,"{'numerator': 4, 'denominator': 4}",G,2.0,"[{'open_constituent_tree': {'label': 'G^', 'children': [{'label': 'G^', 'children': [{'label': 'G^', 'children': [{'label': 'G^', 'children': [{'label': 'G^', 'children': [{'label': 'G^', 'children': []}, {'label': 'G^', 'children': []}]}, {'label': 'G^', 'children': [{'label': 'G^', 'children': []}, {'label': 'G^', 'children': []}]}]}, {'label': 'G^', 'children': [{'label': 'G^', 'children': []}, {'label': 'G^', 'children': []}]}]}, {'label': 'G^', 'children': [{'label': 'D7', 'children': [{'label': 'Am7', 'children': [{'label': 'Abo7', 'children': []}, {'label': 'Am7', 'children': []}]}, {'label': 'D7', 'children': []}]}, {'label': 'G^', 'children': [{'label': 'D7', 'children': [{'label': 'D7', 'children': [{'label': 'D7', 'children': []}, {'label': 'D7', 'children': []}]}, {'label': 'D7', 'children': [{'label': 'D7', 'children': []}, {'label': 'D7', 'children': []}]}]}, {'label': 'G^', 'children': [{'label': 'D7', 'children': [{'label': 'D7', 'children': []}, {'label': 'D7', 'children': []}]}, {'label': 'G^', 'children': []}]}]}]}]}, {'label': 'G^', 'children': [{'label': 'G^', 'children': [{'label': 'D7', 'children': [{'label': 'Am7', 'children': []}, {'label': 'D7', 'children': []}]}, {'label': 'G^', 'children': [{'label': 'G^', 'children': [{'label': 'G^', 'children': []}, {'label': 'G^', 'children': []}]}, {'label': 'G^', 'children': [{'label': 'G^', 'children': []}, {'label': 'G^', 'children': []}]}]}]}, {'label': 'G^', 'children': [{'label': 'D7', 'children': [{'label': 'C^', 'children': [{'label': 'G7', 'children': [{'label': 'Dm7', 'children': []}, {'label': 'G7', 'children': []}]}, {'label': 'C^', 'children': [{'label': 'C^', 'children': []}, {'label': 'C^', 'children': []}]}]}, {'label': 'D7', 'children': [{'label': 'G^', 'children': [{'label': 'C#o7', 'children': [{'label': 'C^', 'children': []}, {'label': 'C#o7', 'children': []}]}, {'label': 'G^', 'children': []}]}, {'label': 'D7', 'children': [{'label': 'A7', 'children': [{'label': 'E7', 'children': []}, {'label': 'A7', 'children': []}]}, {'label': 'D7', 'children': []}]}]}]}, {'label': 'G^', 'children': []}]}]}]}, 'complete_constituent_tree': {'label': 'G^', 'children': [{'label': 'G^', 'children': [{'label': 'G^', 'children': [{'label': 'G^', 'children': [{'label': 'G^', 'children': [{'label': 'G^', 'children': []}, {'label': 'G^', 'children': []}]}, {'label': 'G^', 'children': [{'label': 'G^', 'children': []}, {'label': 'G^', 'children': []}]}]}, {'label': 'G^', 'children': [{'label': 'G^', 'children': []}, {'label': 'G^', 'children': []}]}]}, {'label': 'G^', 'children': [{'label': 'D7', 'children': [{'label': 'Am7', 'children': [{'label': 'Abo7', 'children': []}, {'label': 'Am7', 'children': []}]}, {'label': 'D7', 'children': []}]}, {'label': 'G^', 'children': [{'label': 'D7', 'children': [{'label': 'D7', 'children': [{'label': 'D7', 'children': []}, {'label': 'D7', 'children': []}]}, {'label': 'D7', 'children': [{'label': 'D7', 'children': []}, {'label': 'D7', 'children': []}]}]}, {'label': 'G^', 'children': [{'label': 'D7', 'children': [{'label': 'D7', 'children': []}, {'label': 'D7', 'children': []}]}, {'label': 'G^', 'children': []}]}]}]}]}, {'label': 'G^', 'children': [{'label': 'G^', 'children': [{'label': 'D7', 'children': [{'label': 'Am7', 'children': []}, {'label': 'D7', 'children': []}]}, {'label': 'G^', 'children': [{'label': 'G^', 'children': [{'label': 'G^', 'children': []}, {'label': 'G^', 'children': []}]}, {'label': 'G^', 'children': [{'label': 'G^', 'children': []}, {'label': 'G^', 'children': []}]}]}]}, {'label': 'G^', 'children': [{'label': 'D7', 'children': [{'label': 'C^', 'children': [{'label': 'G7', 'children': [{'label': 'Dm7', 'children': []}, {'label': 'G7', 'children': []}]}, {'label': 'C^', 'children': [{'label': 'C^', 'children': []}, {'label': 'C^', 'children': []}]}]}, {'label': 'D7', 'children': [{'label': 'G^', 'children': [{'label': 'C#o7', 'children': [{'label': 'C^', 'children': []}, {'label': 'C#o7', 'children': []}]}, {'label': 'G^', 'children': []}]}, {'label': 'D7', 'children': [{'label': 'A7', 'children': [{'label': 'E7', 'children': []}, {'label': 'A7', 'children': []}]}, {'label': 'D7', 'children': []}]}]}]}, {'label': 'G^', 'children': []}]}]}]}}]",
All Of Me,"[1, 2, 3, 4, 5, 6, 7, 8, 9, 10, 11, 12, 13, 14, 15, 16, 17, 18, 19, 20, 21, 22, 23, 24, 25, 26, 27, 28, 29, 30, 31, 31, 32, 32]","[1, 1, 1, 1, 1, 1, 1, 1, 1, 1, 1, 1, 1, 1, 1, 1, 1, 1, 1, 1, 1, 1, 1, 1, 1, 1, 1, 1, 1, 1, 1, 3, 1, 3]","['C^7', 'C^7', 'E7', 'E7', 'A7', 'A7', 'Dm7', 'Dm7', 'E7', 'E7', 'Am7', 'Am7', 'D7', 'D7', 'Dm7', 'G7', 'C^7', 'C^7', 'E7', 'E7', 'A7', 'A7', 'Dm7', 'Dm7', 'F^7', 'Fm6', 'Em7', 'A7', 'Dm7', 'G7', 'C6']","Marks, Gerald",1931,"{'numerator': 4, 'denominator': 4}",C,3.0,"[{'open_constituent_tree': {'label': 'C6', 'children': [{'label': 'G7*', 'children': [{'label': 'C^7', 'children': [{'label': 'C^7', 'children': []}, {'label': 'C^7', 'children': []}]}, {'label': 'G7', 'children': [{'label': 'Dm7', 'children': [{'label': 'A7', 'children': [{'label': 'E7', 'children': [{'label': 'E7', 'children': []}, {'label': 'E7', 'children': []}]}, {'label': 'A7', 'children': [{'label': 'A7', 'children': []}, {'label': 'A7', 'children': []}]}]}, {'label': 'Dm7', 'children': [{'label': 'Dm7', 'children': []}, {'label': 'Dm7', 'children': []}]}]}, {'label': 'G7', 'children': [{'label': 'D7', 'children': [{'label': 'Am7', 'children': [{'label': 'E7', 'children': [{'label': 'E7', 'children': []}, {'label': 'E7', 'children': []}]}, {'label': 'Am7', 'children': [{'label': 'Am7', 'children': []}, {'label': 'Am7', 'children': []}]}]}, {'label': 'D7', 'children': [{'label': 'D7', 'children': []}, {'label': 'D7', 'children': []}]}]}, {'label': 'G7', 'children': [{'label': 'Dm7', 'children': []}, {'label': 'G7', 'children': []}]}]}]}]}, {'label': 'C6', 'children': [{'label': 'C^7', 'children': [{'label': 'C^7', 'children': []}, {'label': 'C^7', 'children': []}]}, {'label': 'C6', 'children': [{'label': 'G7', 'children': [{'label': 'Dm7', 'children': [{'label': 'A7', 'children': [{'label': 'E7', 'children': [{'label': 'E7', 'children': []}, {'label': 'E7', 'children': []}]}, {'label': 'A7', 'children': [{'label': 'A7', 'children': []}, {'label': 'A7', 'children': []}]}]}, {'label': 'Dm7', 'children': [{'label': 'Dm7', 'children': []}, {'label': 'Dm7', 'children': []}]}]}, {'label': 'G7', 'children': [{'label': 'F^7', 'children': [{'label': 'F^7', 'children': []}, {'label': 'Fm6', 'children': []}]}, {'label': 'G7', 'children': [{'label': 'Dm7', 'children': [{'label': 'A7', 'children': [{'label': 'Em7', 'children': []}, {'label': 'A7', 'children': []}]}, {'label': 'Dm7', 'children': []}]}, {'label': 'G7', 'children': []}]}]}]}, {'label': 'C6', 'children': []}]}]}]}, 'complete_constituent_tree': {'label': 'C6', 'children': [{'label': 'C^7', 'children': [{'label': 'C^7', 'children': []}, {'label': 'C^7', 'children': []}]}, {'label': 'C6', 'children': [{'label': 'G7', 'children': [{'label': 'Dm7', 'children': [{'label': 'A7', 'children': [{'label': 'E7', 'children': [{'label': 'E7', 'children': []}, {'label': 'E7', 'children': []}]}, {'label': 'A7', 'children': [{'label': 'A7', 'children': []}, {'label': 'A7', 'children': []}]}]}, {'label': 'Dm7', 'children': [{'label': 'Dm7', 'children': []}, {'label': 'Dm7', 'children': []}]}]}, {'label': 'G7', 'children': [{'label': 'D7', 'children': [{'label': 'Am7', 'children': [{'label': 'E7', 'children': [{'label': 'E7', 'children': []}, {'label': 'E7', 'children': []}]}, {'label': 'Am7', 'children': [{'label': 'Am7', 'children': []}, {'label': 'Am7', 'children': []}]}]}, {'label': 'D7', 'children': [{'label': 'D7', 'children': []}, {'label': 'D7', 'children': []}]}]}, {'label': 'G7', 'children': [{'label': 'Dm7', 'children': []}, {'label': 'G7', 'children': []}]}]}]}, {'label': 'C6', 'children': [{'label': 'C^7', 'children': [{'label': 'C^7', 'children': []}, {'label': 'C^7', 'children': []}]}, {'label': 'C6', 'children': [{'label': 'G7', 'children': [{'label': 'Dm7', 'children': [{'label': 'A7', 'children': [{'label': 'E7', 'children': [{'label': 'E7', 'children': []}, {'label': 'E7', 'children': []}]}, {'label': 'A7', 'children': [{'label': 'A7', 'children': []}, {'label': 'A7', 'children': []}]}]}, {'label': 'Dm7', 'children': [{'label': 'Dm7', 'children': []}, {'label': 'Dm7', 'children': []}]}]}, {'label': 'G7', 'children': [{'label': 'F^7', 'children': [{'label': 'F^7', 'children': []}, {'label': 'Fm6', 'children': []}]}, {'label': 'G7', 'children': [{'label': 'Dm7', 'children': [{'label': 'A7', 'children': [{'label': 'Em7', 'children': []}, {'label': 'A7', 'children': []}]}, {'label': 'Dm7', 'children': []}]}, {'label': 'G7', 'children': []}]}]}]}, {'label': 'C6', 'children': []}]}]}]}]}}]",
Smile,"[1, 2, 3, 4, 5, 6, 7, 8, 9, 10, 11, 12, 13, 14, 15, 16, 17, 18, 19, 20, 21, 22, 23, 24, 25, 26, 27, 28, 29, 30, 31, 32, 33, 34]","[1, 1, 1, 1, 1, 1, 1, 1, 1, 1, 1, 1, 1, 1, 1, 1, 1, 1, 1, 1, 1, 1, 1, 1, 1, 1, 1, 1, 1, 1, 1, 1, 1, 1]","['F^7', 'F^7', 'F^7', 'F^7', 'F^7', 'Abo7', 'Gm7', 'D7', 'Gm7', 'Gm7', 'Bbm7', 'Eb7', 'F^7', 'F^7', 'Gm7', 'C7', 'F^7', 'F^7', 'F^7', 'F^7', 'F^7', 'Abo7', 'Gm7', 'D7', 'Gm7', 'Gm7', 'Bbm7', 'Eb7', 'F^7', 'F^7', 'Gm7', 'C7', 'F6', 'F6']","Chaplin, Charles",1936,"{'numerator': 4, 'denominator': 4}",F,0.0,"[{'open_constituent_tree': {'label': 'F6', 'children': [{'label': 'C7', 'children': [{'label': 'F^7', 'children': [{'label': 'F^7', 'children': [{'label': 'F^7', 'children': [{'label': 'F^7', 'children': []}, {'label': 'F^7', 'children': []}]}, {'label': 'F^7', 'children': [{'label': 'F^7', 'children': []}, {'label': 'F^7', 'children': []}]}]}, {'label': 'F^7', 'children': [{'label': 'F^7', 'children': []}, {'label': 'F^7', 'children': [{'label': 'Eb7', 'children': [{'label': 'Gm7', 'children': [{'label': 'D7', 'children': [{'label': 'Abo7', 'children': []}, {'label': 'D7', 'children': [{'label': 'Gm7', 'children': []}, {'label': 'D7', 'children': []}]}]}, {'label': 'Gm7', 'children': [{'label': 'Gm7', 'children': []}, {'label': 'Gm7', 'children': []}]}]}, {'label': 'Eb7', 'children': [{'label': 'Bbm7', 'children': []}, {'label': 'Eb7', 'children': []}]}]}, {'label': 'F^7', 'children': [{'label': 'F^7', 'children': []}, {'label': 'F^7', 'children': []}]}]}]}]}, {'label': 'C7', 'children': [{'label': 'Gm7', 'children': []}, {'label': 'C7', 'children': []}]}]}, {'label': 'F6', 'children': [{'label': 'F^7', 'children': [{'label': 'F^7', 'children': [{'label': 'F^7', 'children': [{'label': 'F^7', 'children': []}, {'label': 'F^7', 'children': []}]}, {'label': 'F^7', 'children': [{'label': 'F^7', 'children': []}, {'label': 'F^7', 'children': []}]}]}, {'label': 'F^7', 'children': [{'label': 'F^7', 'children': []}, {'label': 'F^7', 'children': [{'label': 'Gm7', 'children': [{'label': 'D7', 'children': [{'label': 'Abo7', 'children': []}, {'label': 'D7', 'children': [{'label': 'Gm7', 'children': []}, {'label': 'D7', 'children': []}]}]}, {'label': 'Gm7', 'children': [{'label': 'Gm7', 'children': []}, {'label': 'Gm7', 'children': []}]}]}, {'label': 'F^7', 'children': [{'label': 'Eb7', 'children': [{'label': 'Bbm7', 'children': []}, {'label': 'Eb7', 'children': []}]}, {'label': 'F^7', 'children': [{'label': 'F^7', 'children': []}, {'label': 'F^7', 'children': []}]}]}]}]}]}, {'label': 'F6', 'children': [{'label': 'C7', 'children': [{'label': 'Gm7', 'children': []}, {'label': 'C7', 'children': []}]}, {'label': 'F6', 'children': [{'label': 'F6', 'children': []}, {'label': 'F6', 'children': []}]}]}]}]}, 'complete_constituent_tree': {'label': 'F6', 'children': [{'label': 'C7', 'children': [{'label': 'F^7', 'children': [{'label': 'F^7', 'children': [{'label': 'F^7', 'children': [{'label': 'F^7', 'children': []}, {'label': 'F^7', 'children': []}]}, {'label': 'F^7', 'children': [{'label': 'F^7', 'children': []}, {'label': 'F^7', 'children': []}]}]}, {'label': 'F^7', 'children': [{'label': 'F^7', 'children': []}, {'label': 'F^7', 'children': [{'label': 'Eb7', 'children': [{'label': 'Gm7', 'children': [{'label': 'D7', 'children': [{'label': 'Abo7', 'children': []}, {'label': 'D7', 'children': [{'label': 'Gm7', 'children': []}, {'label': 'D7', 'children': []}]}]}, {'label': 'Gm7', 'children': [{'label': 'Gm7', 'children': []}, {'label': 'Gm7', 'children': []}]}]}, {'label': 'Eb7', 'children': [{'label': 'Bbm7', 'children': []}, {'label': 'Eb7', 'children': []}]}]}, {'label': 'F^7', 'children': [{'label': 'F^7', 'children': []}, {'label': 'F^7', 'children': []}]}]}]}]}, {'label': 'C7', 'children': [{'label': 'Gm7', 'children': []}, {'label': 'C7', 'children': []}]}]}, {'label': 'F6', 'children': [{'label': 'F^7', 'children': [{'label': 'F^7', 'children': [{'label': 'F^7', 'children': [{'label': 'F^7', 'children': []}, {'label': 'F^7', 'children': []}]}, {'label': 'F^7', 'children': [{'label': 'F^7', 'children': []}, {'label': 'F^7', 'children': []}]}]}, {'label': 'F^7', 'children': [{'label': 'F^7', 'children': []}, {'label': 'F^7', 'children': [{'label': 'Gm7', 'children': [{'label': 'D7', 'children': [{'label': 'Abo7', 'children': []}, {'label': 'D7', 'children': [{'label': 'Gm7', 'children': []}, {'label': 'D7', 'children': []}]}]}, {'label': 'Gm7', 'children': [{'label': 'Gm7', 'children': []}, {'label': 'Gm7', 'children': []}]}]}, {'label': 'F^7', 'children': [{'label': 'Eb7', 'children': [{'label': 'Bbm7', 'children': []}, {'label': 'Eb7', 'children': []}]}, {'label': 'F^7', 'children': [{'label': 'F^7', 'children': []}, {'label': 'F^7', 'children': []}]}]}]}]}]}, {'label': 'F6', 'children': [{'label': 'C7', 'children': [{'label': 'Gm7', 'children': []}, {'label': 'C7', 'children': []}]}, {'label': 'F6', 'children': [{'label': 'F6', 'children': []}, {'label': 'F6', 'children': []}]}]}]}]}}]",
My Ideal,"[1, 1, 2, 3, 3, 4, 5, 5, 6, 6, 7, 7, 8, 8, 9, 9, 10, 11, 11, 12, 13, 13, 14, 14, 14, 14, 15, 15, 16]","[1, 3, 1, 1, 3, 1, 1, 3, 1, 3, 1, 3, 1, 3, 1, 3, 1, 1, 3, 1, 1, 3, 1, 2, 3, 4, 1, 3, 1]","['Eb6', 'C7', 'Fm7', 'Db7', 'C7', 'F7', 'Fm7', 'Bb7', 'D%7', 'G7', 'Cm7', 'F7', 'B7', 'Bb7', 'Eb6', 'C7', 'Fm7', 'Db7', 'C7', 'F7', 'Fm7', 'Abm6', 'Eb^', 'Ab7', 'Gm7', 'C7', 'B7', 'Bb7', 'Eb6']","Whiting, Richard",1930,"{'numerator': 4, 'denominator': 4}",E-,0.0,"[{'open_constituent_tree': {'label': 'Eb6', 'children': [{'label': 'Bb7*', 'children': [{'label': 'Eb6', 'children': []}, {'label': 'Bb7', 'children': [{'label': 'F7', 'children': [{'label': 'Fm7', 'children': [{'label': 'C7', 'children': []}, {'label': 'Fm7', 'children': []}]}, {'label': 'F7', 'children': [{'label': 'C7', 'children': [{'label': 'Db7', 'children': []}, {'label': 'C7', 'children': []}]}, {'label': 'F7', 'children': []}]}]}, {'label': 'Bb7', 'children': [{'label': 'Bb7', 'children': [{'label': 'Fm7', 'children': []}, {'label': 'Bb7', 'children': []}]}, {'label': 'Bb7', 'children': [{'label': 'F7', 'children': [{'label': 'Cm7', 'children': [{'label': 'G7', 'children': [{'label': 'D%7', 'children': []}, {'label': 'G7', 'children': []}]}, {'label': 'Cm7', 'children': []}]}, {'label': 'F7', 'children': []}]}, {'label': 'Bb7', 'children': [{'label': 'B7', 'children': []}, {'label': 'Bb7', 'children': []}]}]}]}]}]}, {'label': 'Eb6', 'children': [{'label': 'Eb6', 'children': []}, {'label': 'Eb6', 'children': [{'label': 'Bb7', 'children': [{'label': 'F7', 'children': [{'label': 'Fm7', 'children': [{'label': 'C7', 'children': []}, {'label': 'Fm7', 'children': []}]}, {'label': 'F7', 'children': [{'label': 'C7', 'children': [{'label': 'Db7', 'children': []}, {'label': 'C7', 'children': []}]}, {'label': 'F7', 'children': []}]}]}, {'label': 'Bb7', 'children': [{'label': 'B7', 'children': [{'label': 'C7', 'children': [{'label': 'Abm6', 'children': [{'label': 'Fm7', 'children': []}, {'label': 'Abm6', 'children': []}]}, {'label': 'C7', 'children': [{'label': 'Gm7', 'children': [{'label': 'Ab7', 'children': [{'label': 'Eb^', 'children': []}, {'label': 'Ab7', 'children': []}]}, {'label': 'Gm7', 'children': []}]}, {'label': 'C7', 'children': []}]}]}, {'label': 'B7', 'children': []}]}, {'label': 'Bb7', 'children': []}]}]}, {'label': 'Eb6', 'children': []}]}]}]}, 'complete_constituent_tree': {'label': 'Eb6', 'children': [{'label': 'Eb6', 'children': []}, {'label': 'Eb6', 'children': [{'label': 'Bb7', 'children': [{'label': 'F7', 'children': [{'label': 'Fm7', 'children': [{'label': 'C7', 'children': []}, {'label': 'Fm7', 'children': []}]}, {'label': 'F7', 'children': [{'label': 'C7', 'children': [{'label': 'Db7', 'children': []}, {'label': 'C7', 'children': []}]}, {'label': 'F7', 'children': []}]}]}, {'label': 'Bb7', 'children': [{'label': 'Bb7', 'children': [{'label': 'Fm7', 'children': []}, {'label': 'Bb7', 'children': []}]}, {'label': 'Bb7', 'children': [{'label': 'F7', 'children': [{'label': 'Cm7', 'children': [{'label': 'G7', 'children': [{'label': 'D%7', 'children': []}, {'label': 'G7', 'children': []}]}, {'label': 'Cm7', 'children': []}]}, {'label': 'F7', 'children': []}]}, {'label': 'Bb7', 'children': [{'label': 'B7', 'children': []}, {'label': 'Bb7', 'children': []}]}]}]}]}, {'label': 'Eb6', 'children': [{'label': 'Eb6', 'children': []}, {'label': 'Eb6', 'children': [{'label': 'Bb7', 'children': [{'label': 'F7', 'children': [{'label': 'Fm7', 'children': [{'label': 'C7', 'children': []}, {'label': 'Fm7', 'children': []}]}, {'label': 'F7', 'children': [{'label': 'C7', 'children': [{'label': 'Db7', 'children': []}, {'label': 'C7', 'children': []}]}, {'label': 'F7', 'children': []}]}]}, {'label': 'Bb7', 'children': [{'label': 'B7', 'children': [{'label': 'C7', 'children': [{'label': 'Abm6', 'children': [{'label': 'Fm7', 'children': []}, {'label': 'Abm6', 'children': []}]}, {'label': 'C7', 'children': [{'label': 'Gm7', 'children': [{'label': 'Ab7', 'children': [{'label': 'Eb^', 'children': []}, {'label': 'Ab7', 'children': []}]}, {'label': 'Gm7', 'children': []}]}, {'label': 'C7', 'children': []}]}]}, {'label': 'B7', 'children': []}]}, {'label': 'Bb7', 'children': []}]}]}, {'label': 'Eb6', 'children': []}]}]}]}]}}]",
Red Clay,"[1, 2, 3, 3, 4, 4, 5, 6, 6, 7, 8, 8]","[1, 1, 1, 3, 1, 3, 1, 1, 3, 1, 1, 3]","['Cm7', 'Bbm7', 'Dbsus', 'Ebsus', 'Fsus', 'Gsus', 'Cm7', 'Bbm7', 'Eb7', 'Ab^7', 'D%7', 'G7', 'Cm7']","Hubbard, Freddie",1970,"{'numerator': 4, 'denominator': 4}",c,-1.0,"[{'open_constituent_tree': {'label': 'Cm7', 'children': [{'label': 'G7*', 'children': [{'label': 'Gsus*', 'children': [{'label': 'Cm7', 'children': []}, {'label': 'Gsus', 'children': [{'label': 'Fsus', 'children': [{'label': 'Ebsus', 'children': [{'label': 'Bbm7', 'children': []}, {'label': 'Ebsus', 'children': [{'label': 'Dbsus', 'children': []}, {'label': 'Ebsus', 'children': []}]}]}, {'label': 'Fsus', 'children': []}]}, {'label': 'Gsus', 'children': []}]}]}, {'label': 'G7*', 'children': [{'label': 'Cm7', 'children': []}, {'label': 'G7', 'children': [{'label': 'Ab^7', 'children': [{'label': 'Eb7', 'children': [{'label': 'Bbm7', 'children': []}, {'label': 'Eb7', 'children': []}]}, {'label': 'Ab^7', 'children': []}]}, {'label': 'G7', 'children': [{'label': 'D%7', 'children': []}, {'label': 'G7', 'children': []}]}]}]}]}, {'label': 'Cm7', 'children': []}]}, 'complete_constituent_tree': {'label': 'Cm7', 'children': [{'label': 'Cm7', 'children': []}, {'label': 'Cm7', 'children': [{'label': 'Gsus', 'children': [{'label': 'Fsus', 'children': [{'label': 'Ebsus', 'children': [{'label': 'Bbm7', 'children': []}, {'label': 'Ebsus', 'children': [{'label': 'Dbsus', 'children': []}, {'label': 'Ebsus', 'children': []}]}]}, {'label': 'Fsus', 'children': []}]}, {'label': 'Gsus', 'children': []}]}, {'label': 'Cm7', 'children': [{'label': 'Cm7', 'children': []}, {'label': 'Cm7', 'children': [{'label': 'G7', 'children': [{'label': 'Ab^7', 'children': [{'label': 'Eb7', 'children': [{'label': 'Bbm7', 'children': []}, {'label': 'Eb7', 'children': []}]}, {'label': 'Ab^7', 'children': []}]}, {'label': 'G7', 'children': [{'label': 'D%7', 'children': []}, {'label': 'G7', 'children': []}]}]}, {'label': 'Cm7', 'children': []}]}]}]}]}}]",
Stella By Starlight,"[1, 2, 3, 4, 5, 6, 7, 8, 9, 10, 10, 11, 12, 12, 13, 14, 14, 15, 16, 17, 18, 19, 20, 21, 22, 23, 24, 25, 26, 27, 28, 29, 30, 31, 32]","[1, 1, 1, 1, 1, 1, 1, 1, 1, 1, 3, 1, 1, 3, 1, 1, 3, 1, 1, 1, 1, 1, 1, 1, 1, 1, 1, 1, 1, 1, 1, 1, 1, 1, 1]","['E%7', 'A7', 'Cm7', 'F7', 'Fm7', 'Bb7', 'Eb^7', 'Ab7', 'Bb^7', 'E%7', 'A7', 'Dm7', 'Bbm7', 'Eb7', 'F^7', 'E%7', 'E%7', 'Eb^7', 'D7', 'G7', 'G7', 'Cm7', 'Cm7', 'Ab7', 'Ab7', 'Bb^7', 'Bb^7', 'E%7', 'A7', 'D%7', 'G7', 'C%7', 'F7', 'Bb^7', 'Bb^7']","Young, Victor",1946,"{'numerator': 4, 'denominator': 4}",B-,0.0,"[{'open_constituent_tree': {'label': 'Bb^7', 'children': [{'label': 'Bb^7', 'children': [{'label': 'Bb^7', 'children': [{'label': 'Ab7', 'children': [{'label': 'Eb^7', 'children': [{'label': 'Bb7', 'children': [{'label': 'F7', 'children': [{'label': 'A7', 'children': [{'label': 'E%7', 'children': []}, {'label': 'A7', 'children': []}]}, {'label': 'F7', 'children': [{'label': 'Cm7', 'children': []}, {'label': 'F7', 'children': []}]}]}, {'label': 'Bb7', 'children': [{'label': 'Fm7', 'children': []}, {'label': 'Bb7', 'children': []}]}]}, {'label': 'Eb^7', 'children': []}]}, {'label': 'Ab7', 'children': []}]}, {'label': 'Bb^7', 'children': []}]}, {'label': 'Bb^7', 'children': [{'label': 'Ab7', 'children': [{'label': 'Cm7', 'children': [{'label': 'G7', 'children': [{'label': 'D7', 'children': [{'label': 'Dm7', 'children': [{'label': 'Dm7', 'children': [{'label': 'A7', 'children': [{'label': 'E%7', 'children': []}, {'label': 'A7', 'children': []}]}, {'label': 'Dm7', 'children': []}]}, {'label': 'F^7', 'children': [{'label': 'Eb7', 'children': [{'label': 'Bbm7', 'children': []}, {'label': 'Eb7', 'children': []}]}, {'label': 'F^7', 'children': []}]}]}, {'label': 'D7', 'children': [{'label': 'Eb^7', 'children': [{'label': 'E%7', 'children': [{'label': 'E%7', 'children': []}, {'label': 'E%7', 'children': []}]}, {'label': 'Eb^7', 'children': []}]}, {'label': 'D7', 'children': []}]}]}, {'label': 'G7', 'children': [{'label': 'G7', 'children': []}, {'label': 'G7', 'children': []}]}]}, {'label': 'Cm7', 'children': [{'label': 'Cm7', 'children': []}, {'label': 'Cm7', 'children': []}]}]}, {'label': 'Ab7', 'children': [{'label': 'Ab7', 'children': []}, {'label': 'Ab7', 'children': []}]}]}, {'label': 'Bb^7', 'children': [{'label': 'Bb^7', 'children': []}, {'label': 'Bb^7', 'children': []}]}]}]}, {'label': 'Bb^7', 'children': [{'label': 'F7', 'children': [{'label': 'C%7', 'children': [{'label': 'G7', 'children': [{'label': 'D%7', 'children': [{'label': 'A7', 'children': [{'label': 'E%7', 'children': []}, {'label': 'A7', 'children': []}]}, {'label': 'D%7', 'children': []}]}, {'label': 'G7', 'children': []}]}, {'label': 'C%7', 'children': []}]}, {'label': 'F7', 'children': []}]}, {'label': 'Bb^7', 'children': [{'label': 'Bb^7', 'children': []}, {'label': 'Bb^7', 'children': []}]}]}]}, 'complete_constituent_tree': {'label': 'Bb^7', 'children': [{'label': 'Bb^7', 'children': [{'label': 'Bb^7', 'children': [{'label': 'Ab7', 'children': [{'label': 'Eb^7', 'children': [{'label': 'Bb7', 'children': [{'label': 'F7', 'children': [{'label': 'A7', 'children': [{'label': 'E%7', 'children': []}, {'label': 'A7', 'children': []}]}, {'label': 'F7', 'children': [{'label': 'Cm7', 'children': []}, {'label': 'F7', 'children': []}]}]}, {'label': 'Bb7', 'children': [{'label': 'Fm7', 'children': []}, {'label': 'Bb7', 'children': []}]}]}, {'label': 'Eb^7', 'children': []}]}, {'label': 'Ab7', 'children': []}]}, {'label': 'Bb^7', 'children': []}]}, {'label': 'Bb^7', 'children': [{'label': 'Ab7', 'children': [{'label': 'Cm7', 'children': [{'label': 'G7', 'children': [{'label': 'D7', 'children': [{'label': 'Dm7', 'children': [{'label': 'Dm7', 'children': [{'label': 'A7', 'children': [{'label': 'E%7', 'children': []}, {'label': 'A7', 'children': []}]}, {'label': 'Dm7', 'children': []}]}, {'label': 'F^7', 'children': [{'label': 'Eb7', 'children': [{'label': 'Bbm7', 'children': []}, {'label': 'Eb7', 'children': []}]}, {'label': 'F^7', 'children': []}]}]}, {'label': 'D7', 'children': [{'label': 'Eb^7', 'children': [{'label': 'E%7', 'children': [{'label': 'E%7', 'children': []}, {'label': 'E%7', 'children': []}]}, {'label': 'Eb^7', 'children': []}]}, {'label': 'D7', 'children': []}]}]}, {'label': 'G7', 'children': [{'label': 'G7', 'children': []}, {'label': 'G7', 'children': []}]}]}, {'label': 'Cm7', 'children': [{'label': 'Cm7', 'children': []}, {'label': 'Cm7', 'children': []}]}]}, {'label': 'Ab7', 'children': [{'label': 'Ab7', 'children': []}, {'label': 'Ab7', 'children': []}]}]}, {'label': 'Bb^7', 'children': [{'label': 'Bb^7', 'children': []}, {'label': 'Bb^7', 'children': []}]}]}]}, {'label': 'Bb^7', 'children': [{'label': 'F7', 'children': [{'label': 'C%7', 'children': [{'label': 'G7', 'children': [{'label': 'D%7', 'children': [{'label': 'A7', 'children': [{'label': 'E%7', 'children': []}, {'label': 'A7', 'children': []}]}, {'label': 'D%7', 'children': []}]}, {'label': 'G7', 'children': []}]}, {'label': 'C%7', 'children': []}]}, {'label': 'F7', 'children': []}]}, {'label': 'Bb^7', 'children': [{'label': 'Bb^7', 'children': []}, {'label': 'Bb^7', 'children': []}]}]}]}}]",
Chucho,"[1, 2, 2, 3, 4, 4, 5, 6, 6, 7, 8, 8, 9, 10, 10, 11, 12, 13, 13, 14, 14, 15, 15, 16, 16, 17, 18, 18, 19, 20]","[1, 1, 3, 1, 1, 3, 1, 1, 3, 1, 1, 3, 1, 1, 3, 1, 1, 1, 3, 1, 3, 1, 3, 1, 3, 1, 1, 3, 1, 1]","['Dm', 'E%7', 'A7', 'Dm', 'E%7', 'A7', 'Dm', 'E%7', 'A7', 'Dm', 'E%7', 'A7', 'Dm', 'E%7', 'A7', 'Dm', 'D7', 'Gm', 'Gm7', 'E%7', 'A7', 'Dm', 'Dbm', 'Cm7', 'F7', 'Bb7', 'E%7', 'A7', 'Dm']","D'Rivera, Paquito",1974,"{'numerator': 4, 'denominator': 4}",d,1.0,"[{'open_constituent_tree': {'label': 'Dm', 'children': [{'label': 'Dm', 'children': [{'label': 'Dm', 'children': [{'label': 'Dm', 'children': []}, {'label': 'Dm', 'children': [{'label': 'A7', 'children': [{'label': 'E%7', 'children': []}, {'label': 'A7', 'children': []}]}, {'label': 'Dm', 'children': []}]}]}, {'label': 'Dm', 'children': [{'label': 'Dm', 'children': [{'label': 'A7', 'children': [{'label': 'E%7', 'children': []}, {'label': 'A7', 'children': []}]}, {'label': 'Dm', 'children': []}]}, {'label': 'Dm', 'children': [{'label': 'A7', 'children': [{'label': 'E%7', 'children': []}, {'label': 'A7', 'children': []}]}, {'label': 'Dm', 'children': []}]}]}]}, {'label': 'Dm', 'children': [{'label': 'Dm', 'children': [{'label': 'Dm', 'children': [{'label': 'A7', 'children': [{'label': 'E%7', 'children': []}, {'label': 'A7', 'children': []}]}, {'label': 'Dm', 'children': []}]}, {'label': 'Dm', 'children': [{'label': 'A7', 'children': [{'label': 'E%7', 'children': []}, {'label': 'A7', 'children': []}]}, {'label': 'Dm', 'children': []}]}]}, {'label': 'Dm', 'children': [{'label': 'A7', 'children': [{'label': 'Bb7', 'children': [{'label': 'F7', 'children': [{'label': 'Cm7', 'children': [{'label': 'Dbm', 'children': [{'label': 'Dm', 'children': [{'label': 'A7', 'children': [{'label': 'Gm', 'children': [{'label': 'D7', 'children': []}, {'label': 'Gm', 'children': [{'label': 'Gm', 'children': []}, {'label': 'Gm7', 'children': []}]}]}, {'label': 'A7', 'children': [{'label': 'E%7', 'children': []}, {'label': 'A7', 'children': []}]}]}, {'label': 'Dm', 'children': []}]}, {'label': 'Dbm', 'children': []}]}, {'label': 'Cm7', 'children': []}]}, {'label': 'F7', 'children': []}]}, {'label': 'Bb7', 'children': []}]}, {'label': 'A7', 'children': [{'label': 'E%7', 'children': []}, {'label': 'A7', 'children': []}]}]}, {'label': 'Dm', 'children': []}]}]}]}, 'complete_constituent_tree': {'label': 'Dm', 'children': [{'label': 'Dm', 'children': [{'label': 'Dm', 'children': [{'label': 'Dm', 'children': []}, {'label': 'Dm', 'children': [{'label': 'A7', 'children': [{'label': 'E%7', 'children': []}, {'label': 'A7', 'children': []}]}, {'label': 'Dm', 'children': []}]}]}, {'label': 'Dm', 'children': [{'label': 'Dm', 'children': [{'label': 'A7', 'children': [{'label': 'E%7', 'children': []}, {'label': 'A7', 'children': []}]}, {'label': 'Dm', 'children': []}]}, {'label': 'Dm', 'children': [{'label': 'A7', 'children': [{'label': 'E%7', 'children': []}, {'label': 'A7', 'children': []}]}, {'label': 'Dm', 'children': []}]}]}]}, {'label': 'Dm', 'children': [{'label': 'Dm', 'children': [{'label': 'Dm', 'children': [{'label': 'A7', 'children': [{'label': 'E%7', 'children': []}, {'label': 'A7', 'children': []}]}, {'label': 'Dm', 'children': []}]}, {'label': 'Dm', 'children': [{'label': 'A7', 'children': [{'label': 'E%7', 'children': []}, {'label': 'A7', 'children': []}]}, {'label': 'Dm', 'children': []}]}]}, {'label': 'Dm', 'children': [{'label': 'A7', 'children': [{'label': 'Bb7', 'children': [{'label': 'F7', 'children': [{'label': 'Cm7', 'children': [{'label': 'Dbm', 'children': [{'label': 'Dm', 'children': [{'label': 'A7', 'children': [{'label': 'Gm', 'children': [{'label': 'D7', 'children': []}, {'label': 'Gm', 'children': [{'label': 'Gm', 'children': []}, {'label': 'Gm7', 'children': []}]}]}, {'label': 'A7', 'children': [{'label': 'E%7', 'children': []}, {'label': 'A7', 'children': []}]}]}, {'label': 'Dm', 'children': []}]}, {'label': 'Dbm', 'children': []}]}, {'label': 'Cm7', 'children': []}]}, {'label': 'F7', 'children': []}]}, {'label': 'Bb7', 'children': []}]}, {'label': 'A7', 'children': [{'label': 'E%7', 'children': []}, {'label': 'A7', 'children': []}]}]}, {'label': 'Dm', 'children': []}]}]}]}}]",
Peace,"[1, 1, 2, 2, 3, 3, 3, 4, 5, 5, 6, 6, 7, 7, 8, 9, 9, 10]","[1, 3, 1, 3, 1, 3, 4, 1, 1, 3, 1, 3, 1, 3, 1, 1, 3, 1]","['A%7', 'D7', 'Gm7', 'C7', 'B^7', 'C%7', 'F7', 'Bb^7', 'Bm7', 'E7', 'A^7', 'F#m7', 'Eb%7', 'Ab7', 'Db^7', 'C7', 'B7', 'Bb^7']","Silver, Horace",1959,"{'numerator': 4, 'denominator': 4}",B-,0.0,"[{'open_constituent_tree': {'label': 'Bb^7', 'children': [{'label': 'Bb^7', 'children': [{'label': 'B^7', 'children': [{'label': 'C7', 'children': [{'label': 'Gm7', 'children': [{'label': 'D7', 'children': [{'label': 'A%7', 'children': []}, {'label': 'D7', 'children': []}]}, {'label': 'Gm7', 'children': []}]}, {'label': 'C7', 'children': []}]}, {'label': 'B^7', 'children': []}]}, {'label': 'Bb^7', 'children': [{'label': 'F7', 'children': [{'label': 'C%7', 'children': []}, {'label': 'F7', 'children': []}]}, {'label': 'Bb^7', 'children': []}]}]}, {'label': 'Bb^7', 'children': [{'label': 'B7', 'children': [{'label': 'C7', 'children': [{'label': 'Db^7', 'children': [{'label': 'Ab7', 'children': [{'label': 'A^7', 'children': [{'label': 'E7', 'children': [{'label': 'Bm7', 'children': []}, {'label': 'E7', 'children': []}]}, {'label': 'A^7', 'children': [{'label': 'A^7', 'children': []}, {'label': 'F#m7', 'children': []}]}]}, {'label': 'Ab7', 'children': [{'label': 'Eb%7', 'children': []}, {'label': 'Ab7', 'children': []}]}]}, {'label': 'Db^7', 'children': []}]}, {'label': 'C7', 'children': []}]}, {'label': 'B7', 'children': []}]}, {'label': 'Bb^7', 'children': []}]}]}, 'complete_constituent_tree': {'label': 'Bb^7', 'children': [{'label': 'Bb^7', 'children': [{'label': 'B^7', 'children': [{'label': 'C7', 'children': [{'label': 'Gm7', 'children': [{'label': 'D7', 'children': [{'label': 'A%7', 'children': []}, {'label': 'D7', 'children': []}]}, {'label': 'Gm7', 'children': []}]}, {'label': 'C7', 'children': []}]}, {'label': 'B^7', 'children': []}]}, {'label': 'Bb^7', 'children': [{'label': 'F7', 'children': [{'label': 'C%7', 'children': []}, {'label': 'F7', 'children': []}]}, {'label': 'Bb^7', 'children': []}]}]}, {'label': 'Bb^7', 'children': [{'label': 'B7', 'children': [{'label': 'C7', 'children': [{'label': 'Db^7', 'children': [{'label': 'Ab7', 'children': [{'label': 'A^7', 'children': [{'label': 'E7', 'children': [{'label': 'Bm7', 'children': []}, {'label': 'E7', 'children': []}]}, {'label': 'A^7', 'children': [{'label': 'A^7', 'children': []}, {'label': 'F#m7', 'children': []}]}]}, {'label': 'Ab7', 'children': [{'label': 'Eb%7', 'children': []}, {'label': 'Ab7', 'children': []}]}]}, {'label': 'Db^7', 'children': []}]}, {'label': 'C7', 'children': []}]}, {'label': 'B7', 'children': []}]}, {'label': 'Bb^7', 'children': []}]}]}}]",
"Old Country, The","[1, 2, 3, 4, 5, 5, 6, 7, 7, 8, 9, 10, 11, 12, 12, 13, 14, 15, 15, 16]","[1, 1, 1, 1, 1, 3, 1, 1, 3, 1, 1, 1, 1, 1, 3, 1, 1, 1, 3, 1]","['Dm', 'E%7', 'A7', 'Dm', 'Dm', 'D7', 'Gm7', 'Csus', 'C7', 'F^7', 'F^7', 'E%7', 'A7', 'Dm', 'Dm', 'B7', 'Bb7', 'E%7', 'A7', 'Dm']","Lewis, Curtis & Adderley, Cannonball",1961,"{'numerator': 4, 'denominator': 4}",d,0.0,"[{'open_constituent_tree': {'label': 'Dm', 'children': [{'label': 'Dm', 'children': [{'label': 'Dm', 'children': [{'label': 'Dm', 'children': []}, {'label': 'Dm', 'children': [{'label': 'A7', 'children': [{'label': 'E%7', 'children': []}, {'label': 'A7', 'children': []}]}, {'label': 'Dm', 'children': []}]}]}, {'label': 'F^7', 'children': [{'label': 'C7', 'children': [{'label': 'Gm7', 'children': [{'label': 'Dm', 'children': []}, {'label': 'Gm7', 'children': [{'label': 'D7', 'children': []}, {'label': 'Gm7', 'children': []}]}]}, {'label': 'C7', 'children': [{'label': 'Csus', 'children': []}, {'label': 'C7', 'children': []}]}]}, {'label': 'F^7', 'children': []}]}]}, {'label': 'Dm', 'children': [{'label': 'Dm', 'children': [{'label': 'F^7', 'children': []}, {'label': 'Dm', 'children': [{'label': 'A7', 'children': [{'label': 'E%7', 'children': []}, {'label': 'A7', 'children': []}]}, {'label': 'Dm', 'children': [{'label': 'Dm', 'children': []}, {'label': 'Dm', 'children': []}]}]}]}, {'label': 'Dm', 'children': [{'label': 'A7', 'children': [{'label': 'Bb7', 'children': [{'label': 'B7', 'children': []}, {'label': 'Bb7', 'children': []}]}, {'label': 'A7', 'children': [{'label': 'E%7', 'children': []}, {'label': 'A7', 'children': []}]}]}, {'label': 'Dm', 'children': []}]}]}]}, 'complete_constituent_tree': {'label': 'Dm', 'children': [{'label': 'Dm', 'children': [{'label': 'Dm', 'children': [{'label': 'Dm', 'children': []}, {'label': 'Dm', 'children': [{'label': 'A7', 'children': [{'label': 'E%7', 'children': []}, {'label': 'A7', 'children': []}]}, {'label': 'Dm', 'children': []}]}]}, {'label': 'F^7', 'children': [{'label': 'C7', 'children': [{'label': 'Gm7', 'children': [{'label': 'Dm', 'children': []}, {'label': 'Gm7', 'children': [{'label': 'D7', 'children': []}, {'label': 'Gm7', 'children': []}]}]}, {'label': 'C7', 'children': [{'label': 'Csus', 'children': []}, {'label': 'C7', 'children': []}]}]}, {'label': 'F^7', 'children': []}]}]}, {'label': 'Dm', 'children': [{'label': 'Dm', 'children': [{'label': 'F^7', 'children': []}, {'label': 'Dm', 'children': [{'label': 'A7', 'children': [{'label': 'E%7', 'children': []}, {'label': 'A7', 'children': []}]}, {'label': 'Dm', 'children': [{'label': 'Dm', 'children': []}, {'label': 'Dm', 'children': []}]}]}]}, {'label': 'Dm', 'children': [{'label': 'A7', 'children': [{'label': 'Bb7', 'children': [{'label': 'B7', 'children': []}, {'label': 'Bb7', 'children': []}]}, {'label': 'A7', 'children': [{'label': 'E%7', 'children': []}, {'label': 'A7', 'children': []}]}]}, {'label': 'Dm', 'children': []}]}]}]}}]",
Armando's Rhumba,"[1, 2, 3, 4, 5, 6, 7, 8, 9, 10, 11, 12, 13, 14, 15, 16, 17, 18, 19, 19, 19, 19, 20]","[1, 1, 1, 1, 1, 1, 1, 1, 1, 1, 1, 1, 1, 1, 1, 1, 1, 1, 1, 2, 3, 4, 1]","['Cm7', 'D7', 'G7', 'Cm7', 'Cm7', 'D7', 'G7', 'Cm7', 'C7', 'Fm7', 'D7', 'Gm7', 'Abo7', 'D7', 'Bbsus', 'Bbsus', 'Bbsus', 'Bbsus', 'Eb6', 'Eb6', 'Eb6', 'Eb6']","Corea, Chick",1976,"{'numerator': 4, 'denominator': 4}",c,1.0,"[{'open_constituent_tree': {'label': 'Cm7', 'children': [{'label': 'Cm7', 'children': [{'label': 'Cm7', 'children': [{'label': 'Cm7', 'children': []}, {'label': 'Cm7', 'children': [{'label': 'G7', 'children': [{'label': 'D7', 'children': []}, {'label': 'G7', 'children': []}]}, {'label': 'Cm7', 'children': []}]}]}, {'label': 'Cm7', 'children': [{'label': 'Cm7', 'children': []}, {'label': 'Cm7', 'children': [{'label': 'G7', 'children': [{'label': 'D7', 'children': []}, {'label': 'G7', 'children': []}]}, {'label': 'Cm7', 'children': []}]}]}]}, {'label': 'Eb6', 'children': [{'label': 'Bbsus', 'children': [{'label': 'D7', 'children': [{'label': 'Gm7', 'children': [{'label': 'Fm7', 'children': [{'label': 'C7', 'children': []}, {'label': 'Fm7', 'children': []}]}, {'label': 'Gm7', 'children': [{'label': 'D7', 'children': []}, {'label': 'Gm7', 'children': []}]}]}, {'label': 'D7', 'children': [{'label': 'Abo7', 'children': []}, {'label': 'D7', 'children': []}]}]}, {'label': 'Bbsus', 'children': [{'label': 'Bbsus', 'children': [{'label': 'Bbsus', 'children': []}, {'label': 'Bbsus', 'children': []}]}, {'label': 'Bbsus', 'children': [{'label': 'Bbsus', 'children': []}, {'label': 'Bbsus', 'children': []}]}]}]}, {'label': 'Eb6', 'children': [{'label': 'Eb6', 'children': [{'label': 'Eb6', 'children': []}, {'label': 'Eb6', 'children': []}]}, {'label': 'Eb6', 'children': [{'label': 'Eb6', 'children': []}, {'label': 'Eb6', 'children': []}]}]}]}]}, 'complete_constituent_tree': {'label': 'Cm7', 'children': [{'label': 'Cm7', 'children': [{'label': 'Cm7', 'children': [{'label': 'Cm7', 'children': []}, {'label': 'Cm7', 'children': [{'label': 'G7', 'children': [{'label': 'D7', 'children': []}, {'label': 'G7', 'children': []}]}, {'label': 'Cm7', 'children': []}]}]}, {'label': 'Cm7', 'children': [{'label': 'Cm7', 'children': []}, {'label': 'Cm7', 'children': [{'label': 'G7', 'children': [{'label': 'D7', 'children': []}, {'label': 'G7', 'children': []}]}, {'label': 'Cm7', 'children': []}]}]}]}, {'label': 'Eb6', 'children': [{'label': 'Bbsus', 'children': [{'label': 'D7', 'children': [{'label': 'Gm7', 'children': [{'label': 'Fm7', 'children': [{'label': 'C7', 'children': []}, {'label': 'Fm7', 'children': []}]}, {'label': 'Gm7', 'children': [{'label': 'D7', 'children': []}, {'label': 'Gm7', 'children': []}]}]}, {'label': 'D7', 'children': [{'label': 'Abo7', 'children': []}, {'label': 'D7', 'children': []}]}]}, {'label': 'Bbsus', 'children': [{'label': 'Bbsus', 'children': [{'label': 'Bbsus', 'children': []}, {'label': 'Bbsus', 'children': []}]}, {'label': 'Bbsus', 'children': [{'label': 'Bbsus', 'children': []}, {'label': 'Bbsus', 'children': []}]}]}]}, {'label': 'Eb6', 'children': [{'label': 'Eb6', 'children': [{'label': 'Eb6', 'children': []}, {'label': 'Eb6', 'children': []}]}, {'label': 'Eb6', 'children': [{'label': 'Eb6', 'children': []}, {'label': 'Eb6', 'children': []}]}]}]}]}}]",
If You Ever Should Leave,"[1, 2, 3, 4, 5, 6, 7, 8, 9, 10, 11, 12, 13, 14, 15, 16, 17, 18, 19, 20, 21, 22, 23, 23, 24, 24]","[1, 1, 1, 1, 1, 1, 1, 1, 1, 1, 1, 1, 1, 1, 1, 1, 1, 1, 1, 1, 1, 1, 1, 3, 1, 3]","['C^', 'C^', 'A7', 'A7', 'D7', 'D7', 'G7', 'G7', 'C7', 'C7', 'F^', 'F^', 'D7', 'D7', 'G7', 'G7', 'C^', 'C^', 'A7', 'A7', 'D7', 'G7', 'C^', 'C^', 'C^', 'C^']","Cahn, Sammy & Chaplin, Saul",1937,"{'numerator': 4, 'denominator': 4}",C,0.0,"[{'open_constituent_tree': {'label': 'C^', 'children': [{'label': 'G7*', 'children': [{'label': 'G7*', 'children': [{'label': 'C^', 'children': [{'label': 'C^', 'children': []}, {'label': 'C^', 'children': []}]}, {'label': 'G7', 'children': [{'label': 'D7', 'children': [{'label': 'A7', 'children': [{'label': 'A7', 'children': []}, {'label': 'A7', 'children': []}]}, {'label': 'D7', 'children': [{'label': 'D7', 'children': []}, {'label': 'D7', 'children': []}]}]}, {'label': 'G7', 'children': [{'label': 'G7', 'children': []}, {'label': 'G7', 'children': []}]}]}]}, {'label': 'G7', 'children': [{'label': 'F^', 'children': [{'label': 'C7', 'children': [{'label': 'C7', 'children': []}, {'label': 'C7', 'children': []}]}, {'label': 'F^', 'children': [{'label': 'F^', 'children': []}, {'label': 'F^', 'children': []}]}]}, {'label': 'G7', 'children': [{'label': 'D7', 'children': [{'label': 'D7', 'children': []}, {'label': 'D7', 'children': []}]}, {'label': 'G7', 'children': [{'label': 'G7', 'children': []}, {'label': 'G7', 'children': []}]}]}]}]}, {'label': 'C^', 'children': [{'label': 'C^', 'children': [{'label': 'C^', 'children': []}, {'label': 'C^', 'children': []}]}, {'label': 'C^', 'children': [{'label': 'G7', 'children': [{'label': 'D7', 'children': [{'label': 'A7', 'children': [{'label': 'A7', 'children': []}, {'label': 'A7', 'children': []}]}, {'label': 'D7', 'children': []}]}, {'label': 'G7', 'children': []}]}, {'label': 'C^', 'children': [{'label': 'C^', 'children': [{'label': 'C^', 'children': []}, {'label': 'C^', 'children': []}]}, {'label': 'C^', 'children': [{'label': 'C^', 'children': []}, {'label': 'C^', 'children': []}]}]}]}]}]}, 'complete_constituent_tree': {'label': 'C^', 'children': [{'label': 'C^', 'children': [{'label': 'C^', 'children': []}, {'label': 'C^', 'children': []}]}, {'label': 'C^', 'children': [{'label': 'G7', 'children': [{'label': 'D7', 'children': [{'label': 'A7', 'children': [{'label': 'A7', 'children': []}, {'label': 'A7', 'children': []}]}, {'label': 'D7', 'children': [{'label': 'D7', 'children': []}, {'label': 'D7', 'children': []}]}]}, {'label': 'G7', 'children': [{'label': 'G7', 'children': []}, {'label': 'G7', 'children': []}]}]}, {'label': 'C^', 'children': [{'label': 'G7', 'children': [{'label': 'F^', 'children': [{'label': 'C7', 'children': [{'label': 'C7', 'children': []}, {'label': 'C7', 'children': []}]}, {'label': 'F^', 'children': [{'label': 'F^', 'children': []}, {'label': 'F^', 'children': []}]}]}, {'label': 'G7', 'children': [{'label': 'D7', 'children': [{'label': 'D7', 'children': []}, {'label': 'D7', 'children': []}]}, {'label': 'G7', 'children': [{'label': 'G7', 'children': []}, {'label': 'G7', 'children': []}]}]}]}, {'label': 'C^', 'children': [{'label': 'C^', 'children': [{'label': 'C^', 'children': []}, {'label': 'C^', 'children': []}]}, {'label': 'C^', 'children': [{'label': 'G7', 'children': [{'label': 'D7', 'children': [{'label': 'A7', 'children': [{'label': 'A7', 'children': []}, {'label': 'A7', 'children': []}]}, {'label': 'D7', 'children': []}]}, {'label': 'G7', 'children': []}]}, {'label': 'C^', 'children': [{'label': 'C^', 'children': [{'label': 'C^', 'children': []}, {'label': 'C^', 'children': []}]}, {'label': 'C^', 'children': [{'label': 'C^', 'children': []}, {'label': 'C^', 'children': []}]}]}]}]}]}]}]}}]",noteworthy form of three phrases
Them There Eyes,"[1, 2, 3, 4, 5, 6, 7, 8, 9, 10, 11, 12, 13, 14, 15, 16, 17, 18, 19, 20, 21, 22, 23, 24, 25, 26, 27, 28, 28, 29, 30, 31, 31, 32, 32]","[1, 1, 1, 1, 1, 1, 1, 1, 1, 1, 1, 1, 1, 1, 1, 1, 1, 1, 1, 1, 1, 1, 1, 1, 1, 1, 1, 1, 3, 1, 1, 1, 3, 1, 3]","['Ab^7', 'Ab^7', 'Ab^7', 'Ab^7', 'Ab6', 'F7', 'Bb7', 'Bb7', 'Bbm7', 'Eb7', 'C7', 'Fm7', 'Bb7', 'Bb7', 'Eb7', 'Eb7', 'Ab^7', 'Ab^7', 'Ab^7', 'Ab^7', 'Ab7', 'Ab7', 'Db^7', 'Db^7', 'Db^7', 'Do7', 'Ab^7', 'Bb7', 'Eb7', 'Ab^7', 'F7', 'Bb7', 'Eb7', 'Ab6']","Pinkard, Maceo & Tauber, Doris & Tracey, William",1930,"{'numerator': 4, 'denominator': 4}",A-,1.0,"[{'open_constituent_tree': {'label': 'Ab6', 'children': [{'label': 'Eb7*', 'children': [{'label': 'Ab6', 'children': [{'label': 'Ab^7', 'children': [{'label': 'Ab^7', 'children': [{'label': 'Ab^7', 'children': []}, {'label': 'Ab^7', 'children': []}]}, {'label': 'Ab^7', 'children': [{'label': 'Ab^7', 'children': []}, {'label': 'Ab^7', 'children': []}]}]}, {'label': 'Ab6', 'children': []}]}, {'label': 'Eb7', 'children': [{'label': 'Eb7', 'children': [{'label': 'Bb7', 'children': [{'label': 'F7', 'children': []}, {'label': 'Bb7', 'children': [{'label': 'Bb7', 'children': []}, {'label': 'Bb7', 'children': []}]}]}, {'label': 'Eb7', 'children': [{'label': 'Bbm7', 'children': []}, {'label': 'Eb7', 'children': []}]}]}, {'label': 'Eb7', 'children': [{'label': 'Bb7', 'children': [{'label': 'Fm7', 'children': [{'label': 'C7', 'children': []}, {'label': 'Fm7', 'children': []}]}, {'label': 'Bb7', 'children': [{'label': 'Bb7', 'children': []}, {'label': 'Bb7', 'children': []}]}]}, {'label': 'Eb7', 'children': [{'label': 'Eb7', 'children': []}, {'label': 'Eb7', 'children': []}]}]}]}]}, {'label': 'Ab6', 'children': [{'label': 'Ab^7', 'children': [{'label': 'Ab^7', 'children': [{'label': 'Ab^7', 'children': []}, {'label': 'Ab^7', 'children': []}]}, {'label': 'Ab^7', 'children': [{'label': 'Ab^7', 'children': []}, {'label': 'Ab^7', 'children': []}]}]}, {'label': 'Ab6', 'children': [{'label': 'Eb7', 'children': [{'label': 'Db^7', 'children': [{'label': 'Ab7', 'children': [{'label': 'Ab7', 'children': []}, {'label': 'Ab7', 'children': []}]}, {'label': 'Db^7', 'children': [{'label': 'Db^7', 'children': []}, {'label': 'Db^7', 'children': []}]}]}, {'label': 'Eb7', 'children': [{'label': 'Ab^7', 'children': [{'label': 'Db^7', 'children': [{'label': 'Db^7', 'children': []}, {'label': 'Do7', 'children': []}]}, {'label': 'Ab^7', 'children': []}]}, {'label': 'Eb7', 'children': [{'label': 'Bb7', 'children': []}, {'label': 'Eb7', 'children': []}]}]}]}, {'label': 'Ab6', 'children': [{'label': 'Ab^7', 'children': []}, {'label': 'Ab6', 'children': [{'label': 'Eb7', 'children': [{'label': 'Bb7', 'children': [{'label': 'F7', 'children': []}, {'label': 'Bb7', 'children': []}]}, {'label': 'Eb7', 'children': []}]}, {'label': 'Ab6', 'children': []}]}]}]}]}]}, 'complete_constituent_tree': {'label': 'Ab6', 'children': [{'label': 'Ab6', 'children': [{'label': 'Ab^7', 'children': [{'label': 'Ab^7', 'children': [{'label': 'Ab^7', 'children': []}, {'label': 'Ab^7', 'children': []}]}, {'label': 'Ab^7', 'children': [{'label': 'Ab^7', 'children': []}, {'label': 'Ab^7', 'children': []}]}]}, {'label': 'Ab6', 'children': []}]}, {'label': 'Ab6', 'children': [{'label': 'Eb7', 'children': [{'label': 'Eb7', 'children': [{'label': 'Bb7', 'children': [{'label': 'F7', 'children': []}, {'label': 'Bb7', 'children': [{'label': 'Bb7', 'children': []}, {'label': 'Bb7', 'children': []}]}]}, {'label': 'Eb7', 'children': [{'label': 'Bbm7', 'children': []}, {'label': 'Eb7', 'children': []}]}]}, {'label': 'Eb7', 'children': [{'label': 'Bb7', 'children': [{'label': 'Fm7', 'children': [{'label': 'C7', 'children': []}, {'label': 'Fm7', 'children': []}]}, {'label': 'Bb7', 'children': [{'label': 'Bb7', 'children': []}, {'label': 'Bb7', 'children': []}]}]}, {'label': 'Eb7', 'children': [{'label': 'Eb7', 'children': []}, {'label': 'Eb7', 'children': []}]}]}]}, {'label': 'Ab6', 'children': [{'label': 'Ab^7', 'children': [{'label': 'Ab^7', 'children': [{'label': 'Ab^7', 'children': []}, {'label': 'Ab^7', 'children': []}]}, {'label': 'Ab^7', 'children': [{'label': 'Ab^7', 'children': []}, {'label': 'Ab^7', 'children': []}]}]}, {'label': 'Ab6', 'children': [{'label': 'Eb7', 'children': [{'label': 'Db^7', 'children': [{'label': 'Ab7', 'children': [{'label': 'Ab7', 'children': []}, {'label': 'Ab7', 'children': []}]}, {'label': 'Db^7', 'children': [{'label': 'Db^7', 'children': []}, {'label': 'Db^7', 'children': []}]}]}, {'label': 'Eb7', 'children': [{'label': 'Ab^7', 'children': [{'label': 'Db^7', 'children': [{'label': 'Db^7', 'children': []}, {'label': 'Do7', 'children': []}]}, {'label': 'Ab^7', 'children': []}]}, {'label': 'Eb7', 'children': [{'label': 'Bb7', 'children': []}, {'label': 'Eb7', 'children': []}]}]}]}, {'label': 'Ab6', 'children': [{'label': 'Ab^7', 'children': []}, {'label': 'Ab6', 'children': [{'label': 'Eb7', 'children': [{'label': 'Bb7', 'children': [{'label': 'F7', 'children': []}, {'label': 'Bb7', 'children': []}]}, {'label': 'Eb7', 'children': []}]}, {'label': 'Ab6', 'children': []}]}]}]}]}]}]}}]",
Beatrice,"[1, 2, 3, 4, 5, 6, 7, 7, 8, 9, 10, 11, 11, 12, 13, 14, 15, 16]","[1, 1, 1, 1, 1, 1, 1, 3, 1, 1, 1, 1, 3, 1, 1, 1, 1, 1]","['F^7', 'Gb^7', 'F^7', 'Eb^7', 'Dm7', 'Eb^7', 'Dm7', 'Cm7', 'Bbm7', 'Am7', 'Bb^7', 'E%7', 'A7', 'Dm7', 'Gm7', 'Gb^7', 'Fm7']","Rivers, Sam",1968,"{'numerator': 4, 'denominator': 4}",F,1.0,"[{'open_constituent_tree': {'label': 'F^7', 'children': [{'label': 'F^7', 'children': [{'label': 'F^7', 'children': []}, {'label': 'F^7', 'children': [{'label': 'Gb^7', 'children': []}, {'label': 'F^7', 'children': []}]}]}, {'label': 'Fm7', 'children': [{'label': 'Gb^7', 'children': [{'label': 'Gm7', 'children': [{'label': 'Dm7', 'children': [{'label': 'Dm7', 'children': [{'label': 'Dm7', 'children': [{'label': 'Eb^7', 'children': []}, {'label': 'Dm7', 'children': []}]}, {'label': 'Dm7', 'children': [{'label': 'Eb^7', 'children': []}, {'label': 'Dm7', 'children': []}]}]}, {'label': 'Dm7', 'children': [{'label': 'A7', 'children': [{'label': 'Am7', 'children': [{'label': 'Bbm7', 'children': [{'label': 'Cm7', 'children': []}, {'label': 'Bbm7', 'children': []}]}, {'label': 'Am7', 'children': []}]}, {'label': 'A7', 'children': [{'label': 'Bb^7', 'children': []}, {'label': 'A7', 'children': [{'label': 'E%7', 'children': []}, {'label': 'A7', 'children': []}]}]}]}, {'label': 'Dm7', 'children': []}]}]}, {'label': 'Gm7', 'children': []}]}, {'label': 'Gb^7', 'children': []}]}, {'label': 'Fm7', 'children': []}]}]}, 'complete_constituent_tree': {'label': 'F^7', 'children': [{'label': 'F^7', 'children': [{'label': 'F^7', 'children': []}, {'label': 'F^7', 'children': [{'label': 'Gb^7', 'children': []}, {'label': 'F^7', 'children': []}]}]}, {'label': 'Fm7', 'children': [{'label': 'Gb^7', 'children': [{'label': 'Gm7', 'children': [{'label': 'Dm7', 'children': [{'label': 'Dm7', 'children': [{'label': 'Dm7', 'children': [{'label': 'Eb^7', 'children': []}, {'label': 'Dm7', 'children': []}]}, {'label': 'Dm7', 'children': [{'label': 'Eb^7', 'children': []}, {'label': 'Dm7', 'children': []}]}]}, {'label': 'Dm7', 'children': [{'label': 'A7', 'children': [{'label': 'Am7', 'children': [{'label': 'Bbm7', 'children': [{'label': 'Cm7', 'children': []}, {'label': 'Bbm7', 'children': []}]}, {'label': 'Am7', 'children': []}]}, {'label': 'A7', 'children': [{'label': 'Bb^7', 'children': []}, {'label': 'A7', 'children': [{'label': 'E%7', 'children': []}, {'label': 'A7', 'children': []}]}]}]}, {'label': 'Dm7', 'children': []}]}]}, {'label': 'Gm7', 'children': []}]}, {'label': 'Gb^7', 'children': []}]}, {'label': 'Fm7', 'children': []}]}]}}]","Sequence Dm7 Cm7, Ambiguity: Dm7 in measure 5 is both the relative minor of F^7 and the subdominant of Am7"
Jackie-ing,"[1, 2, 3, 4, 5, 6, 7, 7, 8, 9, 10, 11, 12, 12, 13, 14, 15, 16]","[1, 1, 1, 1, 1, 1, 1, 3, 1, 1, 1, 1, 1, 3, 1, 1, 1, 1]","['Bb^7', 'Bb^7', 'Bb^7', 'Bb^7', 'Bb^7', 'Bb^7', 'Cm7', 'Fsus', 'Fsus', 'Bb^7', 'Bb^7', 'G7', 'Cm7', 'F7', 'Bb^7', 'Bb^7', 'Bb^7', 'Bb^7']","Monk, Thelonious",1959,"{'numerator': 4, 'denominator': 4}",B-,0.0,"[{'open_constituent_tree': {'label': 'Bb^7', 'children': [{'label': 'Fsus*', 'children': [{'label': 'Bb^7', 'children': [{'label': 'Bb^7', 'children': [{'label': 'Bb^7', 'children': []}, {'label': 'Bb^7', 'children': []}]}, {'label': 'Bb^7', 'children': [{'label': 'Bb^7', 'children': []}, {'label': 'Bb^7', 'children': []}]}]}, {'label': 'Fsus*', 'children': [{'label': 'Bb^7', 'children': [{'label': 'Bb^7', 'children': []}, {'label': 'Bb^7', 'children': []}]}, {'label': 'Fsus', 'children': [{'label': 'Fsus', 'children': [{'label': 'Cm7', 'children': []}, {'label': 'Fsus', 'children': []}]}, {'label': 'Fsus', 'children': []}]}]}]}, {'label': 'Bb^7', 'children': [{'label': 'F7*', 'children': [{'label': 'Bb^7', 'children': [{'label': 'Bb^7', 'children': []}, {'label': 'Bb^7', 'children': []}]}, {'label': 'F7', 'children': [{'label': 'Cm7', 'children': [{'label': 'G7', 'children': []}, {'label': 'Cm7', 'children': []}]}, {'label': 'F7', 'children': []}]}]}, {'label': 'Bb^7', 'children': [{'label': 'Bb^7', 'children': [{'label': 'Bb^7', 'children': []}, {'label': 'Bb^7', 'children': []}]}, {'label': 'Bb^7', 'children': [{'label': 'Bb^7', 'children': []}, {'label': 'Bb^7', 'children': []}]}]}]}]}, 'complete_constituent_tree': {'label': 'Bb^7', 'children': [{'label': 'Bb^7', 'children': [{'label': 'Bb^7', 'children': [{'label': 'Bb^7', 'children': []}, {'label': 'Bb^7', 'children': []}]}, {'label': 'Bb^7', 'children': [{'label': 'Bb^7', 'children': []}, {'label': 'Bb^7', 'children': []}]}]}, {'label': 'Bb^7', 'children': [{'label': 'Bb^7', 'children': [{'label': 'Bb^7', 'children': []}, {'label': 'Bb^7', 'children': []}]}, {'label': 'Bb^7', 'children': [{'label': 'Fsus', 'children': [{'label': 'Fsus', 'children': [{'label': 'Cm7', 'children': []}, {'label': 'Fsus', 'children': []}]}, {'label': 'Fsus', 'children': []}]}, {'label': 'Bb^7', 'children': [{'label': 'Bb^7', 'children': [{'label': 'Bb^7', 'children': []}, {'label': 'Bb^7', 'children': []}]}, {'label': 'Bb^7', 'children': [{'label': 'F7', 'children': [{'label': 'Cm7', 'children': [{'label': 'G7', 'children': []}, {'label': 'Cm7', 'children': []}]}, {'label': 'F7', 'children': []}]}, {'label': 'Bb^7', 'children': [{'label': 'Bb^7', 'children': [{'label': 'Bb^7', 'children': []}, {'label': 'Bb^7', 'children': []}]}, {'label': 'Bb^7', 'children': [{'label': 'Bb^7', 'children': []}, {'label': 'Bb^7', 'children': []}]}]}]}]}]}]}]}}]",
Work Song,"[1, 2, 3, 4, 5, 6, 7, 8, 9, 10, 11, 12, 13, 14, 15, 15, 16]","[1, 1, 1, 1, 1, 1, 1, 1, 1, 1, 1, 1, 1, 1, 1, 3, 1]","['Fm', 'Fm', 'Fm', 'Fm', 'Fm', 'Fm', 'C7', 'C7', 'Fm', 'Fm', 'Fm', 'Fm', 'F7', 'Bb7', 'G7', 'C7', 'Fm']","Adderley, Nat",1960,"{'numerator': 4, 'denominator': 4}",f,0.0,"[{'open_constituent_tree': {'label': 'Fm', 'children': [{'label': 'C7*', 'children': [{'label': 'Fm', 'children': [{'label': 'Fm', 'children': [{'label': 'Fm', 'children': []}, {'label': 'Fm', 'children': []}]}, {'label': 'Fm', 'children': [{'label': 'Fm', 'children': []}, {'label': 'Fm', 'children': []}]}]}, {'label': 'C7*', 'children': [{'label': 'Fm', 'children': [{'label': 'Fm', 'children': []}, {'label': 'Fm', 'children': []}]}, {'label': 'C7', 'children': [{'label': 'C7', 'children': []}, {'label': 'C7', 'children': []}]}]}]}, {'label': 'Fm', 'children': [{'label': 'Fm', 'children': [{'label': 'Fm', 'children': [{'label': 'Fm', 'children': []}, {'label': 'Fm', 'children': []}]}, {'label': 'Fm', 'children': [{'label': 'Fm', 'children': []}, {'label': 'Fm', 'children': []}]}]}, {'label': 'Fm', 'children': [{'label': 'C7', 'children': [{'label': 'Bb7', 'children': [{'label': 'F7', 'children': []}, {'label': 'Bb7', 'children': []}]}, {'label': 'C7', 'children': [{'label': 'G7', 'children': []}, {'label': 'C7', 'children': []}]}]}, {'label': 'Fm', 'children': []}]}]}]}, 'complete_constituent_tree': {'label': 'Fm', 'children': [{'label': 'Fm', 'children': [{'label': 'Fm', 'children': [{'label': 'Fm', 'children': []}, {'label': 'Fm', 'children': []}]}, {'label': 'Fm', 'children': [{'label': 'Fm', 'children': []}, {'label': 'Fm', 'children': []}]}]}, {'label': 'Fm', 'children': [{'label': 'Fm', 'children': [{'label': 'Fm', 'children': []}, {'label': 'Fm', 'children': []}]}, {'label': 'Fm', 'children': [{'label': 'C7', 'children': [{'label': 'C7', 'children': []}, {'label': 'C7', 'children': []}]}, {'label': 'Fm', 'children': [{'label': 'Fm', 'children': [{'label': 'Fm', 'children': [{'label': 'Fm', 'children': []}, {'label': 'Fm', 'children': []}]}, {'label': 'Fm', 'children': [{'label': 'Fm', 'children': []}, {'label': 'Fm', 'children': []}]}]}, {'label': 'Fm', 'children': [{'label': 'C7', 'children': [{'label': 'Bb7', 'children': [{'label': 'F7', 'children': []}, {'label': 'Bb7', 'children': []}]}, {'label': 'C7', 'children': [{'label': 'G7', 'children': []}, {'label': 'C7', 'children': []}]}]}, {'label': 'Fm', 'children': []}]}]}]}]}]}}]",
Nothing Personal,"[1, 2, 3, 4, 5, 6, 7, 8, 9, 10, 11, 12, 13, 14, 15, 16, 17, 18, 19, 20, 21, 22, 23, 24, 24, 25, 26, 27, 28, 29, 30, 31, 32]","[1, 1, 1, 1, 1, 1, 1, 1, 1, 1, 1, 1, 1, 1, 1, 1, 1, 1, 1, 1, 1, 1, 1, 1, 3, 1, 1, 1, 1, 1, 1, 1, 1]","['Gm', 'Gm', 'Gm', 'Gm', 'Gm', 'Gm', 'Gm', 'Gm', 'Gm', 'Gm', 'Gm', 'Gm', 'Gm', 'Gm', 'Gm', 'Gm', 'C7', 'C7', 'C7', 'C7', 'Gm', 'Gm', 'Gm', 'F7', 'E7', 'Eb7', 'Eb7', 'D7', 'D7', 'Gm', 'Gm', 'Gm', 'Gm']","Grolnick, Don",1987,"{'numerator': 4, 'denominator': 4}",g,0.0,"[{'open_constituent_tree': {'label': 'Gm', 'children': [{'label': 'Gm', 'children': [{'label': 'Gm', 'children': [{'label': 'Gm', 'children': [{'label': 'Gm', 'children': [{'label': 'Gm', 'children': [{'label': 'Gm', 'children': []}, {'label': 'Gm', 'children': []}]}, {'label': 'Gm', 'children': [{'label': 'Gm', 'children': []}, {'label': 'Gm', 'children': []}]}]}, {'label': 'Gm', 'children': [{'label': 'Gm', 'children': [{'label': 'Gm', 'children': []}, {'label': 'Gm', 'children': []}]}, {'label': 'Gm', 'children': [{'label': 'Gm', 'children': []}, {'label': 'Gm', 'children': []}]}]}]}, {'label': 'Gm', 'children': [{'label': 'Gm', 'children': [{'label': 'Gm', 'children': [{'label': 'Gm', 'children': []}, {'label': 'Gm', 'children': []}]}, {'label': 'Gm', 'children': [{'label': 'Gm', 'children': []}, {'label': 'Gm', 'children': []}]}]}, {'label': 'Gm', 'children': [{'label': 'Gm', 'children': [{'label': 'Gm', 'children': []}, {'label': 'Gm', 'children': []}]}, {'label': 'Gm', 'children': [{'label': 'Gm', 'children': []}, {'label': 'Gm', 'children': []}]}]}]}]}, {'label': 'Gm', 'children': [{'label': 'C7', 'children': [{'label': 'C7', 'children': [{'label': 'C7', 'children': []}, {'label': 'C7', 'children': []}]}, {'label': 'C7', 'children': [{'label': 'C7', 'children': []}, {'label': 'C7', 'children': []}]}]}, {'label': 'Gm', 'children': [{'label': 'Gm', 'children': [{'label': 'Gm', 'children': []}, {'label': 'Gm', 'children': []}]}, {'label': 'Gm', 'children': []}]}]}]}, {'label': 'Gm', 'children': [{'label': 'D7', 'children': [{'label': 'Eb7', 'children': [{'label': 'E7', 'children': [{'label': 'F7', 'children': []}, {'label': 'E7', 'children': []}]}, {'label': 'Eb7', 'children': [{'label': 'Eb7', 'children': []}, {'label': 'Eb7', 'children': []}]}]}, {'label': 'D7', 'children': [{'label': 'D7', 'children': []}, {'label': 'D7', 'children': []}]}]}, {'label': 'Gm', 'children': [{'label': 'Gm', 'children': [{'label': 'Gm', 'children': []}, {'label': 'Gm', 'children': []}]}, {'label': 'Gm', 'children': [{'label': 'Gm', 'children': []}, {'label': 'Gm', 'children': []}]}]}]}]}, 'complete_constituent_tree': {'label': 'Gm', 'children': [{'label': 'Gm', 'children': [{'label': 'Gm', 'children': [{'label': 'Gm', 'children': [{'label': 'Gm', 'children': [{'label': 'Gm', 'children': [{'label': 'Gm', 'children': []}, {'label': 'Gm', 'children': []}]}, {'label': 'Gm', 'children': [{'label': 'Gm', 'children': []}, {'label': 'Gm', 'children': []}]}]}, {'label': 'Gm', 'children': [{'label': 'Gm', 'children': [{'label': 'Gm', 'children': []}, {'label': 'Gm', 'children': []}]}, {'label': 'Gm', 'children': [{'label': 'Gm', 'children': []}, {'label': 'Gm', 'children': []}]}]}]}, {'label': 'Gm', 'children': [{'label': 'Gm', 'children': [{'label': 'Gm', 'children': [{'label': 'Gm', 'children': []}, {'label': 'Gm', 'children': []}]}, {'label': 'Gm', 'children': [{'label': 'Gm', 'children': []}, {'label': 'Gm', 'children': []}]}]}, {'label': 'Gm', 'children': [{'label': 'Gm', 'children': [{'label': 'Gm', 'children': []}, {'label': 'Gm', 'children': []}]}, {'label': 'Gm', 'children': [{'label': 'Gm', 'children': []}, {'label': 'Gm', 'children': []}]}]}]}]}, {'label': 'Gm', 'children': [{'label': 'C7', 'children': [{'label': 'C7', 'children': [{'label': 'C7', 'children': []}, {'label': 'C7', 'children': []}]}, {'label': 'C7', 'children': [{'label': 'C7', 'children': []}, {'label': 'C7', 'children': []}]}]}, {'label': 'Gm', 'children': [{'label': 'Gm', 'children': [{'label': 'Gm', 'children': []}, {'label': 'Gm', 'children': []}]}, {'label': 'Gm', 'children': []}]}]}]}, {'label': 'Gm', 'children': [{'label': 'D7', 'children': [{'label': 'Eb7', 'children': [{'label': 'E7', 'children': [{'label': 'F7', 'children': []}, {'label': 'E7', 'children': []}]}, {'label': 'Eb7', 'children': [{'label': 'Eb7', 'children': []}, {'label': 'Eb7', 'children': []}]}]}, {'label': 'D7', 'children': [{'label': 'D7', 'children': []}, {'label': 'D7', 'children': []}]}]}, {'label': 'Gm', 'children': [{'label': 'Gm', 'children': [{'label': 'Gm', 'children': []}, {'label': 'Gm', 'children': []}]}, {'label': 'Gm', 'children': [{'label': 'Gm', 'children': []}, {'label': 'Gm', 'children': []}]}]}]}]}}]",
Leaving,"[1, 2, 3, 4, 5, 5, 6, 7, 8, 9, 10, 11, 11, 12, 12, 13, 13, 14, 15, 16]","[1, 1, 1, 1, 1, 3, 1, 1, 1, 1, 1, 1, 3, 1, 3, 1, 3, 1, 1, 1]","['Eb^7', 'D7', 'Gm7', 'Gm7', 'Gb^7', 'F7', 'D7', 'Gm7', 'Gm7', 'Cm7', 'Absus', 'Bb^', 'F^', 'Ab7', 'G7', 'Cm^7', 'Gb^7', 'B^7', 'Bb^']","Beirach, Richie",1976,"{'numerator': 4, 'denominator': 4}",B-,1.0,"[{'open_constituent_tree': {'label': 'Bb^', 'children': [{'label': 'Gm7', 'children': [{'label': 'Gm7', 'children': [{'label': 'D7', 'children': [{'label': 'Eb^7', 'children': []}, {'label': 'D7', 'children': []}]}, {'label': 'Gm7', 'children': [{'label': 'Gm7', 'children': []}, {'label': 'Gm7', 'children': []}]}]}, {'label': 'Gm7', 'children': [{'label': 'F7', 'children': [{'label': 'Gb^7', 'children': []}, {'label': 'F7', 'children': []}]}, {'label': 'Gm7', 'children': [{'label': 'D7', 'children': []}, {'label': 'Gm7', 'children': [{'label': 'Gm7', 'children': []}, {'label': 'Gm7', 'children': []}]}]}]}]}, {'label': 'Bb^', 'children': [{'label': 'Bb^', 'children': [{'label': 'Absus', 'children': [{'label': 'Cm7', 'children': []}, {'label': 'Absus', 'children': []}]}, {'label': 'Bb^', 'children': []}]}, {'label': 'Bb^', 'children': [{'label': 'B^7', 'children': [{'label': 'Cm^7', 'children': [{'label': 'G7', 'children': [{'label': 'F^', 'children': []}, {'label': 'G7', 'children': [{'label': 'Ab7', 'children': []}, {'label': 'G7', 'children': []}]}]}, {'label': 'Cm^7', 'children': []}]}, {'label': 'B^7', 'children': [{'label': 'Gb^7', 'children': []}, {'label': 'B^7', 'children': []}]}]}, {'label': 'Bb^', 'children': []}]}]}]}, 'complete_constituent_tree': {'label': 'Bb^', 'children': [{'label': 'Gm7', 'children': [{'label': 'Gm7', 'children': [{'label': 'D7', 'children': [{'label': 'Eb^7', 'children': []}, {'label': 'D7', 'children': []}]}, {'label': 'Gm7', 'children': [{'label': 'Gm7', 'children': []}, {'label': 'Gm7', 'children': []}]}]}, {'label': 'Gm7', 'children': [{'label': 'F7', 'children': [{'label': 'Gb^7', 'children': []}, {'label': 'F7', 'children': []}]}, {'label': 'Gm7', 'children': [{'label': 'D7', 'children': []}, {'label': 'Gm7', 'children': [{'label': 'Gm7', 'children': []}, {'label': 'Gm7', 'children': []}]}]}]}]}, {'label': 'Bb^', 'children': [{'label': 'Bb^', 'children': [{'label': 'Absus', 'children': [{'label': 'Cm7', 'children': []}, {'label': 'Absus', 'children': []}]}, {'label': 'Bb^', 'children': []}]}, {'label': 'Bb^', 'children': [{'label': 'B^7', 'children': [{'label': 'Cm^7', 'children': [{'label': 'G7', 'children': [{'label': 'F^', 'children': []}, {'label': 'G7', 'children': [{'label': 'Ab7', 'children': []}, {'label': 'G7', 'children': []}]}]}, {'label': 'Cm^7', 'children': []}]}, {'label': 'B^7', 'children': [{'label': 'Gb^7', 'children': []}, {'label': 'B^7', 'children': []}]}]}, {'label': 'Bb^', 'children': []}]}]}]}}]",
O Grande Amor,"[1, 2, 3, 4, 5, 6, 7, 8, 9, 10, 11, 12, 13, 14, 15, 16, 17, 18, 19, 20, 21, 22, 23, 24, 25, 26, 27, 28, 29, 30, 30, 31, 32]","[1, 1, 1, 1, 1, 1, 1, 1, 1, 1, 1, 1, 1, 1, 1, 1, 1, 1, 1, 1, 1, 1, 1, 1, 1, 1, 1, 1, 1, 1, 3, 1, 1]","['Am', 'Abo7', 'Gm7', 'C7', 'B%7', 'E7', 'Am', 'A7', 'Dm7', 'G7', 'C^7', 'F^7', 'Bb^7', 'Bb^7', 'B%7', 'E7', 'Am', 'Abo7', 'Gm7', 'C7', 'B%7', 'E7', 'E%7', 'A7', 'Dm7', 'Ebo7', 'C^', 'F^7', 'Bb^7', 'B%7', 'E7', 'Am']","Jobim, Antonio Carlos",1963,"{'numerator': 4, 'denominator': 4}",a,1.0,"[{'open_constituent_tree': {'label': 'Am', 'children': [{'label': 'E7*', 'children': [{'label': 'Am', 'children': [{'label': 'Am', 'children': []}, {'label': 'Am', 'children': [{'label': 'E7', 'children': [{'label': 'B%7', 'children': [{'label': 'C7', 'children': [{'label': 'Abo7', 'children': []}, {'label': 'C7', 'children': [{'label': 'Gm7', 'children': []}, {'label': 'C7', 'children': []}]}]}, {'label': 'B%7', 'children': []}]}, {'label': 'E7', 'children': []}]}, {'label': 'Am', 'children': []}]}]}, {'label': 'E7', 'children': [{'label': 'Bb^7', 'children': [{'label': 'F^7', 'children': [{'label': 'C^7', 'children': [{'label': 'G7', 'children': [{'label': 'Dm7', 'children': [{'label': 'A7', 'children': []}, {'label': 'Dm7', 'children': []}]}, {'label': 'G7', 'children': []}]}, {'label': 'C^7', 'children': []}]}, {'label': 'F^7', 'children': []}]}, {'label': 'Bb^7', 'children': [{'label': 'Bb^7', 'children': []}, {'label': 'Bb^7', 'children': []}]}]}, {'label': 'E7', 'children': [{'label': 'B%7', 'children': []}, {'label': 'E7', 'children': []}]}]}]}, {'label': 'Am', 'children': [{'label': 'Am', 'children': []}, {'label': 'Am', 'children': [{'label': 'Bb^7', 'children': [{'label': 'F^7', 'children': [{'label': 'Dm7', 'children': [{'label': 'A7', 'children': [{'label': 'E7', 'children': [{'label': 'B%7', 'children': [{'label': 'C7', 'children': [{'label': 'Abo7', 'children': []}, {'label': 'C7', 'children': [{'label': 'Gm7', 'children': []}, {'label': 'C7', 'children': []}]}]}, {'label': 'B%7', 'children': []}]}, {'label': 'E7', 'children': []}]}, {'label': 'A7', 'children': [{'label': 'E%7', 'children': []}, {'label': 'A7', 'children': []}]}]}, {'label': 'Dm7', 'children': []}]}, {'label': 'F^7', 'children': [{'label': 'Ebo7', 'children': []}, {'label': 'F^7', 'children': [{'label': 'C^', 'children': []}, {'label': 'F^7', 'children': []}]}]}]}, {'label': 'Bb^7', 'children': []}]}, {'label': 'Am', 'children': [{'label': 'E7', 'children': [{'label': 'B%7', 'children': []}, {'label': 'E7', 'children': []}]}, {'label': 'Am', 'children': []}]}]}]}]}, 'complete_constituent_tree': {'label': 'Am', 'children': [{'label': 'Am', 'children': [{'label': 'Am', 'children': []}, {'label': 'Am', 'children': [{'label': 'E7', 'children': [{'label': 'B%7', 'children': [{'label': 'C7', 'children': [{'label': 'Abo7', 'children': []}, {'label': 'C7', 'children': [{'label': 'Gm7', 'children': []}, {'label': 'C7', 'children': []}]}]}, {'label': 'B%7', 'children': []}]}, {'label': 'E7', 'children': []}]}, {'label': 'Am', 'children': []}]}]}, {'label': 'Am', 'children': [{'label': 'E7', 'children': [{'label': 'Bb^7', 'children': [{'label': 'F^7', 'children': [{'label': 'C^7', 'children': [{'label': 'G7', 'children': [{'label': 'Dm7', 'children': [{'label': 'A7', 'children': []}, {'label': 'Dm7', 'children': []}]}, {'label': 'G7', 'children': []}]}, {'label': 'C^7', 'children': []}]}, {'label': 'F^7', 'children': []}]}, {'label': 'Bb^7', 'children': [{'label': 'Bb^7', 'children': []}, {'label': 'Bb^7', 'children': []}]}]}, {'label': 'E7', 'children': [{'label': 'B%7', 'children': []}, {'label': 'E7', 'children': []}]}]}, {'label': 'Am', 'children': [{'label': 'Am', 'children': []}, {'label': 'Am', 'children': [{'label': 'Bb^7', 'children': [{'label': 'F^7', 'children': [{'label': 'Dm7', 'children': [{'label': 'A7', 'children': [{'label': 'E7', 'children': [{'label': 'B%7', 'children': [{'label': 'C7', 'children': [{'label': 'Abo7', 'children': []}, {'label': 'C7', 'children': [{'label': 'Gm7', 'children': []}, {'label': 'C7', 'children': []}]}]}, {'label': 'B%7', 'children': []}]}, {'label': 'E7', 'children': []}]}, {'label': 'A7', 'children': [{'label': 'E%7', 'children': []}, {'label': 'A7', 'children': []}]}]}, {'label': 'Dm7', 'children': []}]}, {'label': 'F^7', 'children': [{'label': 'Ebo7', 'children': []}, {'label': 'F^7', 'children': [{'label': 'C^', 'children': []}, {'label': 'F^7', 'children': []}]}]}]}, {'label': 'Bb^7', 'children': []}]}, {'label': 'Am', 'children': [{'label': 'E7', 'children': [{'label': 'B%7', 'children': []}, {'label': 'E7', 'children': []}]}, {'label': 'Am', 'children': []}]}]}]}]}]}}]",
Look For The Silver Lining,"[1, 2, 3, 4, 5, 6, 6, 7, 8, 9, 10, 11, 12, 13, 14, 15, 16, 16, 17, 18, 19, 20, 21, 22, 23, 24, 25, 26, 26, 27, 28, 29, 30, 31, 32]","[1, 1, 1, 1, 1, 1, 3, 1, 1, 1, 1, 1, 1, 1, 1, 1, 1, 3, 1, 1, 1, 1, 1, 1, 1, 1, 1, 1, 3, 1, 1, 1, 1, 1, 1]","['Bb^7', 'F7', 'Bb^7', 'F7', 'Dm7', 'Cm7', 'F7', 'Bb^7', 'Gm7', 'Cm7', 'F7', 'Bb^7', 'Bb^7', 'Gm7', 'F#7', 'F7', 'Cm7', 'F7', 'Bb^7', 'F7', 'Bb^7', 'F7', 'Fm7', 'Bb7', 'Eb^7', 'Eb7', 'Gm7', 'Em7', 'A7', 'Dm7', 'G7', 'Cm7', 'F7', 'Bb^7']","Kern, Jerome",1920,"{'numerator': 4, 'denominator': 4}",B-,1.0,"[{'open_constituent_tree': {'label': 'Bb^7', 'children': [{'label': 'F7*', 'children': [{'label': 'Bb^7', 'children': [{'label': 'Bb^7', 'children': [{'label': 'Bb^7', 'children': [{'label': 'Bb^7', 'children': []}, {'label': 'Bb^7', 'children': [{'label': 'F7', 'children': []}, {'label': 'Bb^7', 'children': []}]}]}, {'label': 'Bb^7', 'children': [{'label': 'F7', 'children': []}, {'label': 'Bb^7', 'children': [{'label': 'F7', 'children': [{'label': 'Dm7', 'children': []}, {'label': 'F7', 'children': [{'label': 'Cm7', 'children': []}, {'label': 'F7', 'children': []}]}]}, {'label': 'Bb^7', 'children': []}]}]}]}, {'label': 'Bb^7', 'children': [{'label': 'F7', 'children': [{'label': 'Cm7', 'children': [{'label': 'Gm7', 'children': []}, {'label': 'Cm7', 'children': []}]}, {'label': 'F7', 'children': []}]}, {'label': 'Bb^7', 'children': [{'label': 'Bb^7', 'children': []}, {'label': 'Bb^7', 'children': []}]}]}]}, {'label': 'F7', 'children': [{'label': 'F7', 'children': [{'label': 'F#7', 'children': [{'label': 'Gm7', 'children': []}, {'label': 'F#7', 'children': []}]}, {'label': 'F7', 'children': []}]}, {'label': 'F7', 'children': [{'label': 'Cm7', 'children': []}, {'label': 'F7', 'children': []}]}]}]}, {'label': 'Bb^7', 'children': [{'label': 'Bb^7', 'children': [{'label': 'Bb^7', 'children': []}, {'label': 'Bb^7', 'children': [{'label': 'F7', 'children': []}, {'label': 'Bb^7', 'children': []}]}]}, {'label': 'Bb^7', 'children': [{'label': 'F7', 'children': [{'label': 'Eb^7', 'children': [{'label': 'Bb7', 'children': [{'label': 'F7', 'children': []}, {'label': 'Bb7', 'children': [{'label': 'Fm7', 'children': []}, {'label': 'Bb7', 'children': []}]}]}, {'label': 'Eb^7', 'children': [{'label': 'Eb^7', 'children': []}, {'label': 'Eb7', 'children': []}]}]}, {'label': 'F7', 'children': [{'label': 'Cm7', 'children': [{'label': 'G7', 'children': [{'label': 'Gm7', 'children': []}, {'label': 'G7', 'children': [{'label': 'Dm7', 'children': [{'label': 'A7', 'children': [{'label': 'Em7', 'children': []}, {'label': 'A7', 'children': []}]}, {'label': 'Dm7', 'children': []}]}, {'label': 'G7', 'children': []}]}]}, {'label': 'Cm7', 'children': []}]}, {'label': 'F7', 'children': []}]}]}, {'label': 'Bb^7', 'children': []}]}]}]}, 'complete_constituent_tree': {'label': 'Bb^7', 'children': [{'label': 'Bb^7', 'children': [{'label': 'Bb^7', 'children': [{'label': 'Bb^7', 'children': [{'label': 'Bb^7', 'children': []}, {'label': 'Bb^7', 'children': [{'label': 'F7', 'children': []}, {'label': 'Bb^7', 'children': []}]}]}, {'label': 'Bb^7', 'children': [{'label': 'F7', 'children': []}, {'label': 'Bb^7', 'children': [{'label': 'F7', 'children': [{'label': 'Dm7', 'children': []}, {'label': 'F7', 'children': [{'label': 'Cm7', 'children': []}, {'label': 'F7', 'children': []}]}]}, {'label': 'Bb^7', 'children': []}]}]}]}, {'label': 'Bb^7', 'children': [{'label': 'F7', 'children': [{'label': 'Cm7', 'children': [{'label': 'Gm7', 'children': []}, {'label': 'Cm7', 'children': []}]}, {'label': 'F7', 'children': []}]}, {'label': 'Bb^7', 'children': [{'label': 'Bb^7', 'children': []}, {'label': 'Bb^7', 'children': []}]}]}]}, {'label': 'Bb^7', 'children': [{'label': 'F7', 'children': [{'label': 'F7', 'children': [{'label': 'F#7', 'children': [{'label': 'Gm7', 'children': []}, {'label': 'F#7', 'children': []}]}, {'label': 'F7', 'children': []}]}, {'label': 'F7', 'children': [{'label': 'Cm7', 'children': []}, {'label': 'F7', 'children': []}]}]}, {'label': 'Bb^7', 'children': [{'label': 'Bb^7', 'children': [{'label': 'Bb^7', 'children': []}, {'label': 'Bb^7', 'children': [{'label': 'F7', 'children': []}, {'label': 'Bb^7', 'children': []}]}]}, {'label': 'Bb^7', 'children': [{'label': 'F7', 'children': [{'label': 'Eb^7', 'children': [{'label': 'Bb7', 'children': [{'label': 'F7', 'children': []}, {'label': 'Bb7', 'children': [{'label': 'Fm7', 'children': []}, {'label': 'Bb7', 'children': []}]}]}, {'label': 'Eb^7', 'children': [{'label': 'Eb^7', 'children': []}, {'label': 'Eb7', 'children': []}]}]}, {'label': 'F7', 'children': [{'label': 'Cm7', 'children': [{'label': 'G7', 'children': [{'label': 'Gm7', 'children': []}, {'label': 'G7', 'children': [{'label': 'Dm7', 'children': [{'label': 'A7', 'children': [{'label': 'Em7', 'children': []}, {'label': 'A7', 'children': []}]}, {'label': 'Dm7', 'children': []}]}, {'label': 'G7', 'children': []}]}]}, {'label': 'Cm7', 'children': []}]}, {'label': 'F7', 'children': []}]}]}, {'label': 'Bb^7', 'children': []}]}]}]}]}}]",
Bluesette,"[1, 2, 3, 4, 5, 6, 7, 8, 9, 10, 11, 12, 13, 14, 15, 16, 17, 18, 19, 20, 21, 22, 23, 24]","[1, 1, 1, 1, 1, 1, 1, 1, 1, 1, 1, 1, 1, 1, 1, 1, 1, 1, 1, 1, 1, 1, 1, 1]","['Bb^7', 'Bb^7', 'A%7', 'D7', 'Gm7', 'C7', 'Fm7', 'Bb7', 'Eb^7', 'Eb^7', 'Ebm7', 'Ab7', 'Db^7', 'Db^7', 'C#m7', 'F#7', 'B^7', 'B^7', 'Cm7', 'F7', 'Dm7', 'G7', 'Cm7', 'F7', 'Bb^7']","Thielemans, Toots",1962,"{'numerator': 3, 'denominator': 4}",B-,-1.0,"[{'open_constituent_tree': {'label': 'Bb^7', 'children': [{'label': 'F7*', 'children': [{'label': 'Bb^7', 'children': [{'label': 'Bb^7', 'children': []}, {'label': 'Bb^7', 'children': []}]}, {'label': 'F7', 'children': [{'label': 'B^7', 'children': [{'label': 'F#7', 'children': [{'label': 'Db^7', 'children': [{'label': 'Ab7', 'children': [{'label': 'Eb^7', 'children': [{'label': 'Bb7', 'children': [{'label': 'Fm7', 'children': [{'label': 'C7', 'children': [{'label': 'Gm7', 'children': [{'label': 'D7', 'children': [{'label': 'A%7', 'children': []}, {'label': 'D7', 'children': []}]}, {'label': 'Gm7', 'children': []}]}, {'label': 'C7', 'children': []}]}, {'label': 'Fm7', 'children': []}]}, {'label': 'Bb7', 'children': []}]}, {'label': 'Eb^7', 'children': [{'label': 'Eb^7', 'children': []}, {'label': 'Eb^7', 'children': []}]}]}, {'label': 'Ab7', 'children': [{'label': 'Ebm7', 'children': []}, {'label': 'Ab7', 'children': []}]}]}, {'label': 'Db^7', 'children': [{'label': 'Db^7', 'children': []}, {'label': 'Db^7', 'children': []}]}]}, {'label': 'F#7', 'children': [{'label': 'C#m7', 'children': []}, {'label': 'F#7', 'children': []}]}]}, {'label': 'B^7', 'children': [{'label': 'B^7', 'children': []}, {'label': 'B^7', 'children': []}]}]}, {'label': 'F7', 'children': [{'label': 'F7', 'children': [{'label': 'Cm7', 'children': []}, {'label': 'F7', 'children': []}]}, {'label': 'F7', 'children': [{'label': 'Cm7', 'children': [{'label': 'G7', 'children': [{'label': 'Dm7', 'children': []}, {'label': 'G7', 'children': []}]}, {'label': 'Cm7', 'children': []}]}, {'label': 'F7', 'children': []}]}]}]}]}, {'label': 'Bb^7', 'children': []}]}, 'complete_constituent_tree': {'label': 'Bb^7', 'children': [{'label': 'Bb^7', 'children': [{'label': 'Bb^7', 'children': []}, {'label': 'Bb^7', 'children': []}]}, {'label': 'Bb^7', 'children': [{'label': 'F7', 'children': [{'label': 'B^7', 'children': [{'label': 'F#7', 'children': [{'label': 'Db^7', 'children': [{'label': 'Ab7', 'children': [{'label': 'Eb^7', 'children': [{'label': 'Bb7', 'children': [{'label': 'Fm7', 'children': [{'label': 'C7', 'children': [{'label': 'Gm7', 'children': [{'label': 'D7', 'children': [{'label': 'A%7', 'children': []}, {'label': 'D7', 'children': []}]}, {'label': 'Gm7', 'children': []}]}, {'label': 'C7', 'children': []}]}, {'label': 'Fm7', 'children': []}]}, {'label': 'Bb7', 'children': []}]}, {'label': 'Eb^7', 'children': [{'label': 'Eb^7', 'children': []}, {'label': 'Eb^7', 'children': []}]}]}, {'label': 'Ab7', 'children': [{'label': 'Ebm7', 'children': []}, {'label': 'Ab7', 'children': []}]}]}, {'label': 'Db^7', 'children': [{'label': 'Db^7', 'children': []}, {'label': 'Db^7', 'children': []}]}]}, {'label': 'F#7', 'children': [{'label': 'C#m7', 'children': []}, {'label': 'F#7', 'children': []}]}]}, {'label': 'B^7', 'children': [{'label': 'B^7', 'children': []}, {'label': 'B^7', 'children': []}]}]}, {'label': 'F7', 'children': [{'label': 'F7', 'children': [{'label': 'Cm7', 'children': []}, {'label': 'F7', 'children': []}]}, {'label': 'F7', 'children': [{'label': 'Cm7', 'children': [{'label': 'G7', 'children': [{'label': 'Dm7', 'children': []}, {'label': 'G7', 'children': []}]}, {'label': 'Cm7', 'children': []}]}, {'label': 'F7', 'children': []}]}]}]}, {'label': 'Bb^7', 'children': []}]}]}}]",
Autumn Leaves,"[1, 2, 3, 4, 5, 6, 7, 8, 9, 10, 11, 12, 13, 14, 15, 16, 17, 18, 19, 20, 21, 22, 23, 24, 25, 26, 27, 27, 28, 28, 29, 30, 31, 32]","[1, 1, 1, 1, 1, 1, 1, 1, 1, 1, 1, 1, 1, 1, 1, 1, 1, 1, 1, 1, 1, 1, 1, 1, 1, 1, 1, 3, 1, 3, 1, 1, 1, 1]","['Cm7', 'F7', 'Bb^7', 'Eb^7', 'A%7', 'D7', 'Gm6', 'Gm6', 'Cm7', 'F7', 'Bb^7', 'Eb^7', 'A%7', 'D7', 'Gm6', 'Gm6', 'A%7', 'D7', 'Gm6', 'Gm6', 'Cm7', 'F7', 'Bb^7', 'Bb^7', 'A%7', 'D7', 'Gm7', 'Gb7', 'Fm7', 'E7', 'A%7', 'D7', 'Gm6', 'Gm6']","Kosma, Joseph",1947,"{'numerator': 4, 'denominator': 4}",g,0.0,"[{'open_constituent_tree': {'label': 'Gm6', 'children': [{'label': 'Gm6', 'children': [{'label': 'Gm6', 'children': [{'label': 'D7', 'children': [{'label': 'Eb^7', 'children': [{'label': 'Bb^7', 'children': [{'label': 'F7', 'children': [{'label': 'Cm7', 'children': []}, {'label': 'F7', 'children': []}]}, {'label': 'Bb^7', 'children': []}]}, {'label': 'Eb^7', 'children': []}]}, {'label': 'D7', 'children': [{'label': 'A%7', 'children': []}, {'label': 'D7', 'children': []}]}]}, {'label': 'Gm6', 'children': [{'label': 'Gm6', 'children': []}, {'label': 'Gm6', 'children': []}]}]}, {'label': 'Gm6', 'children': [{'label': 'D7', 'children': [{'label': 'Eb^7', 'children': [{'label': 'Bb^7', 'children': [{'label': 'F7', 'children': [{'label': 'Cm7', 'children': []}, {'label': 'F7', 'children': []}]}, {'label': 'Bb^7', 'children': []}]}, {'label': 'Eb^7', 'children': []}]}, {'label': 'D7', 'children': [{'label': 'A%7', 'children': []}, {'label': 'D7', 'children': []}]}]}, {'label': 'Gm6', 'children': [{'label': 'Gm6', 'children': []}, {'label': 'Gm6', 'children': []}]}]}]}, {'label': 'Gm6', 'children': [{'label': 'Gm6', 'children': [{'label': 'Gm6', 'children': [{'label': 'D7', 'children': [{'label': 'A%7', 'children': []}, {'label': 'D7', 'children': []}]}, {'label': 'Gm6', 'children': [{'label': 'Gm6', 'children': []}, {'label': 'Gm6', 'children': []}]}]}, {'label': 'Bb^7', 'children': [{'label': 'F7', 'children': [{'label': 'Cm7', 'children': []}, {'label': 'F7', 'children': []}]}, {'label': 'Bb^7', 'children': [{'label': 'Bb^7', 'children': []}, {'label': 'Bb^7', 'children': []}]}]}]}, {'label': 'Gm6', 'children': [{'label': 'D7', 'children': [{'label': 'A%7', 'children': [{'label': 'E7', 'children': [{'label': 'Fm7', 'children': [{'label': 'Gb7', 'children': [{'label': 'Gm7', 'children': [{'label': 'D7', 'children': [{'label': 'A%7', 'children': []}, {'label': 'D7', 'children': []}]}, {'label': 'Gm7', 'children': []}]}, {'label': 'Gb7', 'children': []}]}, {'label': 'Fm7', 'children': []}]}, {'label': 'E7', 'children': []}]}, {'label': 'A%7', 'children': []}]}, {'label': 'D7', 'children': []}]}, {'label': 'Gm6', 'children': [{'label': 'Gm6', 'children': []}, {'label': 'Gm6', 'children': []}]}]}]}]}, 'complete_constituent_tree': {'label': 'Gm6', 'children': [{'label': 'Gm6', 'children': [{'label': 'Gm6', 'children': [{'label': 'D7', 'children': [{'label': 'Eb^7', 'children': [{'label': 'Bb^7', 'children': [{'label': 'F7', 'children': [{'label': 'Cm7', 'children': []}, {'label': 'F7', 'children': []}]}, {'label': 'Bb^7', 'children': []}]}, {'label': 'Eb^7', 'children': []}]}, {'label': 'D7', 'children': [{'label': 'A%7', 'children': []}, {'label': 'D7', 'children': []}]}]}, {'label': 'Gm6', 'children': [{'label': 'Gm6', 'children': []}, {'label': 'Gm6', 'children': []}]}]}, {'label': 'Gm6', 'children': [{'label': 'D7', 'children': [{'label': 'Eb^7', 'children': [{'label': 'Bb^7', 'children': [{'label': 'F7', 'children': [{'label': 'Cm7', 'children': []}, {'label': 'F7', 'children': []}]}, {'label': 'Bb^7', 'children': []}]}, {'label': 'Eb^7', 'children': []}]}, {'label': 'D7', 'children': [{'label': 'A%7', 'children': []}, {'label': 'D7', 'children': []}]}]}, {'label': 'Gm6', 'children': [{'label': 'Gm6', 'children': []}, {'label': 'Gm6', 'children': []}]}]}]}, {'label': 'Gm6', 'children': [{'label': 'Gm6', 'children': [{'label': 'Gm6', 'children': [{'label': 'D7', 'children': [{'label': 'A%7', 'children': []}, {'label': 'D7', 'children': []}]}, {'label': 'Gm6', 'children': [{'label': 'Gm6', 'children': []}, {'label': 'Gm6', 'children': []}]}]}, {'label': 'Bb^7', 'children': [{'label': 'F7', 'children': [{'label': 'Cm7', 'children': []}, {'label': 'F7', 'children': []}]}, {'label': 'Bb^7', 'children': [{'label': 'Bb^7', 'children': []}, {'label': 'Bb^7', 'children': []}]}]}]}, {'label': 'Gm6', 'children': [{'label': 'D7', 'children': [{'label': 'A%7', 'children': [{'label': 'E7', 'children': [{'label': 'Fm7', 'children': [{'label': 'Gb7', 'children': [{'label': 'Gm7', 'children': [{'label': 'D7', 'children': [{'label': 'A%7', 'children': []}, {'label': 'D7', 'children': []}]}, {'label': 'Gm7', 'children': []}]}, {'label': 'Gb7', 'children': []}]}, {'label': 'Fm7', 'children': []}]}, {'label': 'E7', 'children': []}]}, {'label': 'A%7', 'children': []}]}, {'label': 'D7', 'children': []}]}, {'label': 'Gm6', 'children': [{'label': 'Gm6', 'children': []}, {'label': 'Gm6', 'children': []}]}]}]}]}}]",change measure 24 (Eb^7 to Bb^7)
"Good Life, The","[1, 2, 3, 4, 5, 6, 7, 8, 9, 10, 11, 12, 12, 13, 14, 15, 16, 17, 18, 19, 20, 21, 22, 23, 24, 25, 26, 27, 28, 29, 30, 30, 31, 32, 32]","[1, 1, 1, 1, 1, 1, 1, 1, 1, 1, 1, 1, 3, 1, 1, 1, 1, 1, 1, 1, 1, 1, 1, 1, 1, 1, 1, 1, 1, 1, 1, 3, 1, 1, 3]","['Ab^7', 'Ab^7', 'Gm7', 'C7', 'Fm7', 'Fm7', 'D%7', 'G7', 'Db^7', 'Gb7', 'Ab^7', 'G%7', 'C7', 'Fm7', 'Bb7', 'Bbm7', 'Eb7', 'Ab^7', 'Ab^7', 'Gm7', 'C7', 'Fm7', 'Fm7', 'D%7', 'G7', 'Db^7', 'Gb7', 'Ab^7', 'F7', 'Bbm7', 'Ebsus', 'Eb7', 'Ab6']","Distel, Sacha",1962,"{'numerator': 4, 'denominator': 4}",A-,2.0,"[{'open_constituent_tree': {'label': 'Ab6', 'children': [{'label': 'Eb7*', 'children': [{'label': 'Ab^7', 'children': [{'label': 'Ab^7', 'children': [{'label': 'Ab^7', 'children': []}, {'label': 'Ab^7', 'children': []}]}, {'label': 'Ab^7', 'children': [{'label': 'Gb7', 'children': [{'label': 'G7', 'children': [{'label': 'Fm7', 'children': [{'label': 'C7', 'children': [{'label': 'Gm7', 'children': []}, {'label': 'C7', 'children': []}]}, {'label': 'Fm7', 'children': [{'label': 'Fm7', 'children': []}, {'label': 'Fm7', 'children': []}]}]}, {'label': 'G7', 'children': [{'label': 'D%7', 'children': []}, {'label': 'G7', 'children': []}]}]}, {'label': 'Gb7', 'children': [{'label': 'Db^7', 'children': []}, {'label': 'Gb7', 'children': []}]}]}, {'label': 'Ab^7', 'children': []}]}]}, {'label': 'Eb7', 'children': [{'label': 'Bb7', 'children': [{'label': 'Fm7', 'children': [{'label': 'C7', 'children': [{'label': 'G%7', 'children': []}, {'label': 'C7', 'children': []}]}, {'label': 'Fm7', 'children': []}]}, {'label': 'Bb7', 'children': []}]}, {'label': 'Eb7', 'children': [{'label': 'Bbm7', 'children': []}, {'label': 'Eb7', 'children': []}]}]}]}, {'label': 'Ab6', 'children': [{'label': 'Ab^7', 'children': [{'label': 'Ab^7', 'children': [{'label': 'Ab^7', 'children': []}, {'label': 'Ab^7', 'children': []}]}, {'label': 'Ab^7', 'children': [{'label': 'Gb7', 'children': [{'label': 'G7', 'children': [{'label': 'Fm7', 'children': [{'label': 'C7', 'children': [{'label': 'Gm7', 'children': []}, {'label': 'C7', 'children': []}]}, {'label': 'Fm7', 'children': [{'label': 'Fm7', 'children': []}, {'label': 'Fm7', 'children': []}]}]}, {'label': 'G7', 'children': [{'label': 'D%7', 'children': []}, {'label': 'G7', 'children': []}]}]}, {'label': 'Gb7', 'children': [{'label': 'Db^7', 'children': []}, {'label': 'Gb7', 'children': []}]}]}, {'label': 'Ab^7', 'children': []}]}]}, {'label': 'Ab6', 'children': [{'label': 'Eb7', 'children': [{'label': 'Bbm7', 'children': [{'label': 'F7', 'children': []}, {'label': 'Bbm7', 'children': []}]}, {'label': 'Eb7', 'children': [{'label': 'Ebsus', 'children': []}, {'label': 'Eb7', 'children': []}]}]}, {'label': 'Ab6', 'children': []}]}]}]}, 'complete_constituent_tree': {'label': 'Ab6', 'children': [{'label': 'Ab^7', 'children': [{'label': 'Ab^7', 'children': [{'label': 'Ab^7', 'children': []}, {'label': 'Ab^7', 'children': []}]}, {'label': 'Ab^7', 'children': [{'label': 'Gb7', 'children': [{'label': 'G7', 'children': [{'label': 'Fm7', 'children': [{'label': 'C7', 'children': [{'label': 'Gm7', 'children': []}, {'label': 'C7', 'children': []}]}, {'label': 'Fm7', 'children': [{'label': 'Fm7', 'children': []}, {'label': 'Fm7', 'children': []}]}]}, {'label': 'G7', 'children': [{'label': 'D%7', 'children': []}, {'label': 'G7', 'children': []}]}]}, {'label': 'Gb7', 'children': [{'label': 'Db^7', 'children': []}, {'label': 'Gb7', 'children': []}]}]}, {'label': 'Ab^7', 'children': []}]}]}, {'label': 'Ab6', 'children': [{'label': 'Eb7', 'children': [{'label': 'Bb7', 'children': [{'label': 'Fm7', 'children': [{'label': 'C7', 'children': [{'label': 'G%7', 'children': []}, {'label': 'C7', 'children': []}]}, {'label': 'Fm7', 'children': []}]}, {'label': 'Bb7', 'children': []}]}, {'label': 'Eb7', 'children': [{'label': 'Bbm7', 'children': []}, {'label': 'Eb7', 'children': []}]}]}, {'label': 'Ab6', 'children': [{'label': 'Ab^7', 'children': [{'label': 'Ab^7', 'children': [{'label': 'Ab^7', 'children': []}, {'label': 'Ab^7', 'children': []}]}, {'label': 'Ab^7', 'children': [{'label': 'Gb7', 'children': [{'label': 'G7', 'children': [{'label': 'Fm7', 'children': [{'label': 'C7', 'children': [{'label': 'Gm7', 'children': []}, {'label': 'C7', 'children': []}]}, {'label': 'Fm7', 'children': [{'label': 'Fm7', 'children': []}, {'label': 'Fm7', 'children': []}]}]}, {'label': 'G7', 'children': [{'label': 'D%7', 'children': []}, {'label': 'G7', 'children': []}]}]}, {'label': 'Gb7', 'children': [{'label': 'Db^7', 'children': []}, {'label': 'Gb7', 'children': []}]}]}, {'label': 'Ab^7', 'children': []}]}]}, {'label': 'Ab6', 'children': [{'label': 'Eb7', 'children': [{'label': 'Bbm7', 'children': [{'label': 'F7', 'children': []}, {'label': 'Bbm7', 'children': []}]}, {'label': 'Eb7', 'children': [{'label': 'Ebsus', 'children': []}, {'label': 'Eb7', 'children': []}]}]}, {'label': 'Ab6', 'children': []}]}]}]}]}}]",
Afro Blue,"[1, 2, 3, 3, 4, 5, 6, 7, 7, 8, 9, 10, 11, 11, 12, 13, 14, 15, 15, 16]","[1, 1, 1, 3, 1, 1, 1, 1, 3, 1, 1, 1, 1, 3, 1, 1, 1, 1, 3, 1]","['Fm7', 'Gm7', 'Ab^7', 'Gm7', 'Fm7', 'Fm7', 'Gm7', 'Ab^7', 'Gm7', 'Fm7', 'Eb^', 'Eb^', 'Db^', 'Eb^', 'Fm7', 'Eb^', 'Eb^', 'Db^', 'Eb^', 'Fm7']","Santamaria, Mongo",1959,"{'numerator': 3, 'denominator': 4}",f,0.0,"[{'open_constituent_tree': {'label': 'Fm7', 'children': [{'label': 'Fm7', 'children': [{'label': 'Fm7', 'children': [{'label': 'Fm7', 'children': []}, {'label': 'Fm7', 'children': [{'label': 'Gm7', 'children': [{'label': 'Gm7', 'children': []}, {'label': 'Gm7', 'children': [{'label': 'Ab^7', 'children': []}, {'label': 'Gm7', 'children': []}]}]}, {'label': 'Fm7', 'children': []}]}]}, {'label': 'Fm7', 'children': [{'label': 'Fm7', 'children': []}, {'label': 'Fm7', 'children': [{'label': 'Gm7', 'children': [{'label': 'Gm7', 'children': []}, {'label': 'Gm7', 'children': [{'label': 'Ab^7', 'children': []}, {'label': 'Gm7', 'children': []}]}]}, {'label': 'Fm7', 'children': []}]}]}]}, {'label': 'Fm7', 'children': [{'label': 'Fm7', 'children': [{'label': 'Eb^', 'children': [{'label': 'Eb^', 'children': [{'label': 'Eb^', 'children': []}, {'label': 'Eb^', 'children': []}]}, {'label': 'Eb^', 'children': [{'label': 'Db^', 'children': []}, {'label': 'Eb^', 'children': []}]}]}, {'label': 'Fm7', 'children': []}]}, {'label': 'Fm7', 'children': [{'label': 'Eb^', 'children': [{'label': 'Eb^', 'children': [{'label': 'Eb^', 'children': []}, {'label': 'Eb^', 'children': []}]}, {'label': 'Eb^', 'children': [{'label': 'Db^', 'children': []}, {'label': 'Eb^', 'children': []}]}]}, {'label': 'Fm7', 'children': []}]}]}]}, 'complete_constituent_tree': {'label': 'Fm7', 'children': [{'label': 'Fm7', 'children': [{'label': 'Fm7', 'children': [{'label': 'Fm7', 'children': []}, {'label': 'Fm7', 'children': [{'label': 'Gm7', 'children': [{'label': 'Gm7', 'children': []}, {'label': 'Gm7', 'children': [{'label': 'Ab^7', 'children': []}, {'label': 'Gm7', 'children': []}]}]}, {'label': 'Fm7', 'children': []}]}]}, {'label': 'Fm7', 'children': [{'label': 'Fm7', 'children': []}, {'label': 'Fm7', 'children': [{'label': 'Gm7', 'children': [{'label': 'Gm7', 'children': []}, {'label': 'Gm7', 'children': [{'label': 'Ab^7', 'children': []}, {'label': 'Gm7', 'children': []}]}]}, {'label': 'Fm7', 'children': []}]}]}]}, {'label': 'Fm7', 'children': [{'label': 'Fm7', 'children': [{'label': 'Eb^', 'children': [{'label': 'Eb^', 'children': [{'label': 'Eb^', 'children': []}, {'label': 'Eb^', 'children': []}]}, {'label': 'Eb^', 'children': [{'label': 'Db^', 'children': []}, {'label': 'Eb^', 'children': []}]}]}, {'label': 'Fm7', 'children': []}]}, {'label': 'Fm7', 'children': [{'label': 'Eb^', 'children': [{'label': 'Eb^', 'children': [{'label': 'Eb^', 'children': []}, {'label': 'Eb^', 'children': []}]}, {'label': 'Eb^', 'children': [{'label': 'Db^', 'children': []}, {'label': 'Eb^', 'children': []}]}]}, {'label': 'Fm7', 'children': []}]}]}]}}]",
Just In Time,"[1, 2, 3, 4, 5, 6, 7, 8, 9, 10, 11, 12, 13, 14, 15, 16, 16, 17, 18, 19, 20, 20, 21, 22, 23, 24, 25, 26, 27, 28, 29, 30, 30, 31, 32, 32]","[1, 1, 1, 1, 1, 1, 1, 1, 1, 1, 1, 1, 1, 1, 1, 1, 3, 1, 1, 1, 1, 3, 1, 1, 1, 1, 1, 1, 1, 1, 1, 1, 3, 1, 1, 3]","['Bb^7', 'Bb^7', 'A%7', 'D7', 'G7', 'G7', 'C7', 'C7', 'F7', 'F7', 'Bb7', 'Bb7', 'Eb^7', 'Eb^7', 'Ab^7', 'A%7', 'D7', 'Gm7', 'Gm', 'Gm7', 'C7', 'C#o7', 'Bb6', 'Bb6', 'Ab7', 'G7', 'C7', 'F7', 'Dm7', 'Gm7', 'C7', 'Cm7', 'F7', 'Bb6']","Styne, Jule",1956,"{'numerator': 4, 'denominator': 4}",B-,2.0,"[{'open_constituent_tree': {'label': 'Bb6', 'children': [{'label': 'Ab^7*', 'children': [{'label': 'Bb^7', 'children': [{'label': 'Bb^7', 'children': []}, {'label': 'Bb^7', 'children': []}]}, {'label': 'Ab^7', 'children': [{'label': 'Eb^7', 'children': [{'label': 'Bb7', 'children': [{'label': 'F7', 'children': [{'label': 'C7', 'children': [{'label': 'G7', 'children': [{'label': 'D7', 'children': [{'label': 'A%7', 'children': []}, {'label': 'D7', 'children': []}]}, {'label': 'G7', 'children': [{'label': 'G7', 'children': []}, {'label': 'G7', 'children': []}]}]}, {'label': 'C7', 'children': [{'label': 'C7', 'children': []}, {'label': 'C7', 'children': []}]}]}, {'label': 'F7', 'children': [{'label': 'F7', 'children': []}, {'label': 'F7', 'children': []}]}]}, {'label': 'Bb7', 'children': [{'label': 'Bb7', 'children': []}, {'label': 'Bb7', 'children': []}]}]}, {'label': 'Eb^7', 'children': [{'label': 'Eb^7', 'children': []}, {'label': 'Eb^7', 'children': []}]}]}, {'label': 'Ab^7', 'children': []}]}]}, {'label': 'Bb6', 'children': [{'label': 'F7', 'children': [{'label': 'C7', 'children': [{'label': 'Gm7', 'children': [{'label': 'D7', 'children': [{'label': 'A%7', 'children': []}, {'label': 'D7', 'children': []}]}, {'label': 'Gm7', 'children': [{'label': 'Gm7', 'children': []}, {'label': 'Gm', 'children': []}]}]}, {'label': 'C7', 'children': [{'label': 'Gm7', 'children': []}, {'label': 'C7', 'children': [{'label': 'C7', 'children': []}, {'label': 'C#o7', 'children': []}]}]}]}, {'label': 'F7', 'children': [{'label': 'C7', 'children': [{'label': 'Gm7', 'children': [{'label': 'F7', 'children': [{'label': 'C7', 'children': [{'label': 'G7', 'children': [{'label': 'Bb6', 'children': [{'label': 'Bb6', 'children': []}, {'label': 'Bb6', 'children': []}]}, {'label': 'G7', 'children': [{'label': 'Ab7', 'children': []}, {'label': 'G7', 'children': []}]}]}, {'label': 'C7', 'children': []}]}, {'label': 'F7', 'children': []}]}, {'label': 'Gm7', 'children': [{'label': 'Dm7', 'children': []}, {'label': 'Gm7', 'children': []}]}]}, {'label': 'C7', 'children': []}]}, {'label': 'F7', 'children': [{'label': 'Cm7', 'children': []}, {'label': 'F7', 'children': []}]}]}]}, {'label': 'Bb6', 'children': []}]}]}, 'complete_constituent_tree': {'label': 'Bb6', 'children': [{'label': 'Bb^7', 'children': [{'label': 'Bb^7', 'children': []}, {'label': 'Bb^7', 'children': []}]}, {'label': 'Bb6', 'children': [{'label': 'Ab^7', 'children': [{'label': 'Eb^7', 'children': [{'label': 'Bb7', 'children': [{'label': 'F7', 'children': [{'label': 'C7', 'children': [{'label': 'G7', 'children': [{'label': 'D7', 'children': [{'label': 'A%7', 'children': []}, {'label': 'D7', 'children': []}]}, {'label': 'G7', 'children': [{'label': 'G7', 'children': []}, {'label': 'G7', 'children': []}]}]}, {'label': 'C7', 'children': [{'label': 'C7', 'children': []}, {'label': 'C7', 'children': []}]}]}, {'label': 'F7', 'children': [{'label': 'F7', 'children': []}, {'label': 'F7', 'children': []}]}]}, {'label': 'Bb7', 'children': [{'label': 'Bb7', 'children': []}, {'label': 'Bb7', 'children': []}]}]}, {'label': 'Eb^7', 'children': [{'label': 'Eb^7', 'children': []}, {'label': 'Eb^7', 'children': []}]}]}, {'label': 'Ab^7', 'children': []}]}, {'label': 'Bb6', 'children': [{'label': 'F7', 'children': [{'label': 'C7', 'children': [{'label': 'Gm7', 'children': [{'label': 'D7', 'children': [{'label': 'A%7', 'children': []}, {'label': 'D7', 'children': []}]}, {'label': 'Gm7', 'children': [{'label': 'Gm7', 'children': []}, {'label': 'Gm', 'children': []}]}]}, {'label': 'C7', 'children': [{'label': 'Gm7', 'children': []}, {'label': 'C7', 'children': [{'label': 'C7', 'children': []}, {'label': 'C#o7', 'children': []}]}]}]}, {'label': 'F7', 'children': [{'label': 'C7', 'children': [{'label': 'Gm7', 'children': [{'label': 'F7', 'children': [{'label': 'C7', 'children': [{'label': 'G7', 'children': [{'label': 'Bb6', 'children': [{'label': 'Bb6', 'children': []}, {'label': 'Bb6', 'children': []}]}, {'label': 'G7', 'children': [{'label': 'Ab7', 'children': []}, {'label': 'G7', 'children': []}]}]}, {'label': 'C7', 'children': []}]}, {'label': 'F7', 'children': []}]}, {'label': 'Gm7', 'children': [{'label': 'Dm7', 'children': []}, {'label': 'Gm7', 'children': []}]}]}, {'label': 'C7', 'children': []}]}, {'label': 'F7', 'children': [{'label': 'Cm7', 'children': []}, {'label': 'F7', 'children': []}]}]}]}, {'label': 'Bb6', 'children': []}]}]}]}}]","Bb6 in measure 21 does also refer to the final tonic, i.e. it has a double function."
In A Shanty In Old Shanty Town,"[1, 2, 3, 4, 5, 6, 7, 8, 9, 10, 11, 12, 12, 13, 14, 15, 16, 17, 18, 19, 20, 21, 22, 23, 24, 25, 26, 27, 27, 28, 29, 30, 31, 32]","[1, 1, 1, 1, 1, 1, 1, 1, 1, 1, 1, 1, 3, 1, 1, 1, 1, 1, 1, 1, 1, 1, 1, 1, 1, 1, 1, 1, 3, 1, 1, 1, 1, 1]","['F^7', 'A7', 'D7', 'D7', 'G7', 'Ab7', 'G7', 'G7', 'C7', 'C7', 'F6', 'F6', 'D7', 'G7', 'G7', 'Gm7', 'C7', 'F^7', 'A7', 'D7', 'D7', 'G7', 'Ab7', 'G7', 'G7', 'Bb6', 'Bbm6', 'F^7', 'A7', 'D7', 'Gm7', 'C7', 'F6']","Little, Jack & Siras, John",1932,"{'numerator': 3, 'denominator': 4}",F,1.0,"[{'open_constituent_tree': {'label': 'F6', 'children': [{'label': 'C7*', 'children': [{'label': 'F^7', 'children': []}, {'label': 'C7', 'children': [{'label': 'G7', 'children': [{'label': 'D7', 'children': [{'label': 'A7', 'children': []}, {'label': 'D7', 'children': [{'label': 'D7', 'children': []}, {'label': 'D7', 'children': []}]}]}, {'label': 'G7', 'children': [{'label': 'G7', 'children': []}, {'label': 'G7', 'children': [{'label': 'Ab7', 'children': []}, {'label': 'G7', 'children': [{'label': 'G7', 'children': []}, {'label': 'G7', 'children': []}]}]}]}]}, {'label': 'C7', 'children': [{'label': 'G7', 'children': [{'label': 'F6', 'children': [{'label': 'C7', 'children': [{'label': 'C7', 'children': []}, {'label': 'C7', 'children': []}]}, {'label': 'F6', 'children': [{'label': 'F6', 'children': []}, {'label': 'F6', 'children': []}]}]}, {'label': 'G7', 'children': [{'label': 'D7', 'children': []}, {'label': 'G7', 'children': [{'label': 'G7', 'children': []}, {'label': 'G7', 'children': []}]}]}]}, {'label': 'C7', 'children': [{'label': 'Gm7', 'children': []}, {'label': 'C7', 'children': []}]}]}]}]}, {'label': 'F6', 'children': [{'label': 'F^7', 'children': []}, {'label': 'F6', 'children': [{'label': 'C7', 'children': [{'label': 'G7', 'children': [{'label': 'D7', 'children': [{'label': 'A7', 'children': []}, {'label': 'D7', 'children': [{'label': 'D7', 'children': []}, {'label': 'D7', 'children': []}]}]}, {'label': 'G7', 'children': [{'label': 'G7', 'children': []}, {'label': 'G7', 'children': [{'label': 'Ab7', 'children': []}, {'label': 'G7', 'children': [{'label': 'G7', 'children': []}, {'label': 'G7', 'children': []}]}]}]}]}, {'label': 'C7', 'children': [{'label': 'F^7', 'children': [{'label': 'Bbm6', 'children': [{'label': 'Bb6', 'children': []}, {'label': 'Bbm6', 'children': []}]}, {'label': 'F^7', 'children': []}]}, {'label': 'C7', 'children': [{'label': 'Gm7', 'children': [{'label': 'D7', 'children': [{'label': 'A7', 'children': []}, {'label': 'D7', 'children': []}]}, {'label': 'Gm7', 'children': []}]}, {'label': 'C7', 'children': []}]}]}]}, {'label': 'F6', 'children': []}]}]}]}, 'complete_constituent_tree': {'label': 'F6', 'children': [{'label': 'F^7', 'children': []}, {'label': 'F6', 'children': [{'label': 'C7', 'children': [{'label': 'G7', 'children': [{'label': 'D7', 'children': [{'label': 'A7', 'children': []}, {'label': 'D7', 'children': [{'label': 'D7', 'children': []}, {'label': 'D7', 'children': []}]}]}, {'label': 'G7', 'children': [{'label': 'G7', 'children': []}, {'label': 'G7', 'children': [{'label': 'Ab7', 'children': []}, {'label': 'G7', 'children': [{'label': 'G7', 'children': []}, {'label': 'G7', 'children': []}]}]}]}]}, {'label': 'C7', 'children': [{'label': 'G7', 'children': [{'label': 'F6', 'children': [{'label': 'C7', 'children': [{'label': 'C7', 'children': []}, {'label': 'C7', 'children': []}]}, {'label': 'F6', 'children': [{'label': 'F6', 'children': []}, {'label': 'F6', 'children': []}]}]}, {'label': 'G7', 'children': [{'label': 'D7', 'children': []}, {'label': 'G7', 'children': [{'label': 'G7', 'children': []}, {'label': 'G7', 'children': []}]}]}]}, {'label': 'C7', 'children': [{'label': 'Gm7', 'children': []}, {'label': 'C7', 'children': []}]}]}]}, {'label': 'F6', 'children': [{'label': 'F^7', 'children': []}, {'label': 'F6', 'children': [{'label': 'C7', 'children': [{'label': 'G7', 'children': [{'label': 'D7', 'children': [{'label': 'A7', 'children': []}, {'label': 'D7', 'children': [{'label': 'D7', 'children': []}, {'label': 'D7', 'children': []}]}]}, {'label': 'G7', 'children': [{'label': 'G7', 'children': []}, {'label': 'G7', 'children': [{'label': 'Ab7', 'children': []}, {'label': 'G7', 'children': [{'label': 'G7', 'children': []}, {'label': 'G7', 'children': []}]}]}]}]}, {'label': 'C7', 'children': [{'label': 'F^7', 'children': [{'label': 'Bbm6', 'children': [{'label': 'Bb6', 'children': []}, {'label': 'Bbm6', 'children': []}]}, {'label': 'F^7', 'children': []}]}, {'label': 'C7', 'children': [{'label': 'Gm7', 'children': [{'label': 'D7', 'children': [{'label': 'A7', 'children': []}, {'label': 'D7', 'children': []}]}, {'label': 'Gm7', 'children': []}]}, {'label': 'C7', 'children': []}]}]}]}, {'label': 'F6', 'children': []}]}]}]}]}}]","measure 6 corrected, in agreement with https://www.youtube.com/watch?v=wuZuBGM_Hcw"
Boo Boo's Birthday,"[1, 2, 3, 4, 5, 5, 6, 6, 7, 8, 9, 10, 11, 12, 13, 13, 14, 14, 15, 16, 17, 18, 18, 19, 20, 21, 21]","[1, 1, 1, 1, 1, 3, 1, 3, 1, 1, 1, 1, 1, 1, 1, 3, 1, 3, 1, 1, 1, 1, 3, 1, 1, 1, 3]","['C^7', 'B7', 'E7', 'E7', 'F7', 'E7', 'Eb7', 'D7', 'Db^7', 'Db7', 'C^7', 'B7', 'E7', 'E7', 'F7', 'E7', 'Eb7', 'D7', 'Db^7', 'Db7', 'Gm7', 'Db7', 'Gb7', 'F^7', 'C^7', 'F^7', 'C^7']","Monk, Thelonious",1968,"{'numerator': 4, 'denominator': 4}",C,0.0,"[{'open_constituent_tree': {'label': 'C^7', 'children': [{'label': 'Db7*', 'children': [{'label': 'Db7*', 'children': [{'label': 'E7*', 'children': [{'label': 'C^7', 'children': []}, {'label': 'E7', 'children': [{'label': 'B7', 'children': []}, {'label': 'E7', 'children': [{'label': 'E7', 'children': []}, {'label': 'E7', 'children': []}]}]}]}, {'label': 'Db7', 'children': [{'label': 'D7', 'children': [{'label': 'Eb7', 'children': [{'label': 'E7', 'children': [{'label': 'F7', 'children': []}, {'label': 'E7', 'children': []}]}, {'label': 'Eb7', 'children': []}]}, {'label': 'D7', 'children': []}]}, {'label': 'Db7', 'children': [{'label': 'Db^7', 'children': []}, {'label': 'Db7', 'children': []}]}]}]}, {'label': 'Db7*', 'children': [{'label': 'E7*', 'children': [{'label': 'C^7', 'children': []}, {'label': 'E7', 'children': [{'label': 'B7', 'children': []}, {'label': 'E7', 'children': [{'label': 'E7', 'children': []}, {'label': 'E7', 'children': []}]}]}]}, {'label': 'Db7', 'children': [{'label': 'D7', 'children': [{'label': 'Eb7', 'children': [{'label': 'E7', 'children': [{'label': 'F7', 'children': []}, {'label': 'E7', 'children': []}]}, {'label': 'Eb7', 'children': []}]}, {'label': 'D7', 'children': []}]}, {'label': 'Db7', 'children': [{'label': 'Db^7', 'children': []}, {'label': 'Db7', 'children': []}]}]}]}]}, {'label': 'C^7', 'children': [{'label': 'C^7', 'children': [{'label': 'F^7', 'children': [{'label': 'Gb7', 'children': [{'label': 'Gm7', 'children': []}, {'label': 'Gb7', 'children': [{'label': 'Db7', 'children': []}, {'label': 'Gb7', 'children': []}]}]}, {'label': 'F^7', 'children': []}]}, {'label': 'C^7', 'children': []}]}, {'label': 'C^7', 'children': [{'label': 'F^7', 'children': []}, {'label': 'C^7', 'children': []}]}]}]}, 'complete_constituent_tree': {'label': 'C^7', 'children': [{'label': 'C^7', 'children': []}, {'label': 'C^7', 'children': [{'label': 'E7', 'children': [{'label': 'B7', 'children': []}, {'label': 'E7', 'children': [{'label': 'E7', 'children': []}, {'label': 'E7', 'children': []}]}]}, {'label': 'C^7', 'children': [{'label': 'Db7', 'children': [{'label': 'D7', 'children': [{'label': 'Eb7', 'children': [{'label': 'E7', 'children': [{'label': 'F7', 'children': []}, {'label': 'E7', 'children': []}]}, {'label': 'Eb7', 'children': []}]}, {'label': 'D7', 'children': []}]}, {'label': 'Db7', 'children': [{'label': 'Db^7', 'children': []}, {'label': 'Db7', 'children': []}]}]}, {'label': 'C^7', 'children': [{'label': 'C^7', 'children': []}, {'label': 'C^7', 'children': [{'label': 'E7', 'children': [{'label': 'B7', 'children': []}, {'label': 'E7', 'children': [{'label': 'E7', 'children': []}, {'label': 'E7', 'children': []}]}]}, {'label': 'C^7', 'children': [{'label': 'Db7', 'children': [{'label': 'D7', 'children': [{'label': 'Eb7', 'children': [{'label': 'E7', 'children': [{'label': 'F7', 'children': []}, {'label': 'E7', 'children': []}]}, {'label': 'Eb7', 'children': []}]}, {'label': 'D7', 'children': []}]}, {'label': 'Db7', 'children': [{'label': 'Db^7', 'children': []}, {'label': 'Db7', 'children': []}]}]}, {'label': 'C^7', 'children': [{'label': 'C^7', 'children': [{'label': 'F^7', 'children': [{'label': 'Gb7', 'children': [{'label': 'Gm7', 'children': []}, {'label': 'Gb7', 'children': [{'label': 'Db7', 'children': []}, {'label': 'Gb7', 'children': []}]}]}, {'label': 'F^7', 'children': []}]}, {'label': 'C^7', 'children': []}]}, {'label': 'C^7', 'children': [{'label': 'F^7', 'children': []}, {'label': 'C^7', 'children': []}]}]}]}]}]}]}]}]}}]",
Subconscious Lee,"[1, 2, 3, 4, 5, 6, 7, 8, 9, 10, 11, 12, 13, 14, 15, 16, 17, 18, 19, 20, 21, 22, 23, 24, 25, 26, 27, 28, 29, 30, 31, 32]","[1, 1, 1, 1, 1, 1, 1, 1, 1, 1, 1, 1, 1, 1, 1, 1, 1, 1, 1, 1, 1, 1, 1, 1, 1, 1, 1, 1, 1, 1, 1, 1]","['G%7', 'C7', 'Fm7', 'Fm7', 'D%7', 'G7', 'C^7', 'C^7', 'G%7', 'C7', 'Fm7', 'Fm7', 'D%7', 'G7', 'C^7', 'C^7', 'Cm7', 'F7', 'Bb^7', 'Bb^7', 'Ab7', 'Ab7', 'G7', 'G7', 'G%7', 'C7', 'Fm7', 'Fm7', 'D%7', 'G7', 'C^7', 'C^7']","Konitz, Lee",1949,"{'numerator': 4, 'denominator': 4}",C,0.0,"[{'open_constituent_tree': {'label': 'C^7', 'children': [{'label': 'C^7', 'children': [{'label': 'C^7', 'children': [{'label': 'G7', 'children': [{'label': 'Fm7', 'children': [{'label': 'C7', 'children': [{'label': 'G%7', 'children': []}, {'label': 'C7', 'children': []}]}, {'label': 'Fm7', 'children': [{'label': 'Fm7', 'children': []}, {'label': 'Fm7', 'children': []}]}]}, {'label': 'G7', 'children': [{'label': 'D%7', 'children': []}, {'label': 'G7', 'children': []}]}]}, {'label': 'C^7', 'children': [{'label': 'C^7', 'children': []}, {'label': 'C^7', 'children': []}]}]}, {'label': 'C^7', 'children': [{'label': 'G7', 'children': [{'label': 'Fm7', 'children': [{'label': 'C7', 'children': [{'label': 'G%7', 'children': []}, {'label': 'C7', 'children': []}]}, {'label': 'Fm7', 'children': [{'label': 'Fm7', 'children': []}, {'label': 'Fm7', 'children': []}]}]}, {'label': 'G7', 'children': [{'label': 'D%7', 'children': []}, {'label': 'G7', 'children': []}]}]}, {'label': 'C^7', 'children': [{'label': 'C^7', 'children': []}, {'label': 'C^7', 'children': []}]}]}]}, {'label': 'C^7', 'children': [{'label': 'G7', 'children': [{'label': 'Bb^7', 'children': [{'label': 'F7', 'children': [{'label': 'Cm7', 'children': []}, {'label': 'F7', 'children': []}]}, {'label': 'Bb^7', 'children': [{'label': 'Bb^7', 'children': []}, {'label': 'Bb^7', 'children': []}]}]}, {'label': 'G7', 'children': [{'label': 'Ab7', 'children': [{'label': 'Ab7', 'children': []}, {'label': 'Ab7', 'children': []}]}, {'label': 'G7', 'children': [{'label': 'G7', 'children': []}, {'label': 'G7', 'children': []}]}]}]}, {'label': 'C^7', 'children': [{'label': 'G7', 'children': [{'label': 'Fm7', 'children': [{'label': 'C7', 'children': [{'label': 'G%7', 'children': []}, {'label': 'C7', 'children': []}]}, {'label': 'Fm7', 'children': [{'label': 'Fm7', 'children': []}, {'label': 'Fm7', 'children': []}]}]}, {'label': 'G7', 'children': [{'label': 'D%7', 'children': []}, {'label': 'G7', 'children': []}]}]}, {'label': 'C^7', 'children': [{'label': 'C^7', 'children': []}, {'label': 'C^7', 'children': []}]}]}]}]}, 'complete_constituent_tree': {'label': 'C^7', 'children': [{'label': 'C^7', 'children': [{'label': 'C^7', 'children': [{'label': 'G7', 'children': [{'label': 'Fm7', 'children': [{'label': 'C7', 'children': [{'label': 'G%7', 'children': []}, {'label': 'C7', 'children': []}]}, {'label': 'Fm7', 'children': [{'label': 'Fm7', 'children': []}, {'label': 'Fm7', 'children': []}]}]}, {'label': 'G7', 'children': [{'label': 'D%7', 'children': []}, {'label': 'G7', 'children': []}]}]}, {'label': 'C^7', 'children': [{'label': 'C^7', 'children': []}, {'label': 'C^7', 'children': []}]}]}, {'label': 'C^7', 'children': [{'label': 'G7', 'children': [{'label': 'Fm7', 'children': [{'label': 'C7', 'children': [{'label': 'G%7', 'children': []}, {'label': 'C7', 'children': []}]}, {'label': 'Fm7', 'children': [{'label': 'Fm7', 'children': []}, {'label': 'Fm7', 'children': []}]}]}, {'label': 'G7', 'children': [{'label': 'D%7', 'children': []}, {'label': 'G7', 'children': []}]}]}, {'label': 'C^7', 'children': [{'label': 'C^7', 'children': []}, {'label': 'C^7', 'children': []}]}]}]}, {'label': 'C^7', 'children': [{'label': 'G7', 'children': [{'label': 'Bb^7', 'children': [{'label': 'F7', 'children': [{'label': 'Cm7', 'children': []}, {'label': 'F7', 'children': []}]}, {'label': 'Bb^7', 'children': [{'label': 'Bb^7', 'children': []}, {'label': 'Bb^7', 'children': []}]}]}, {'label': 'G7', 'children': [{'label': 'Ab7', 'children': [{'label': 'Ab7', 'children': []}, {'label': 'Ab7', 'children': []}]}, {'label': 'G7', 'children': [{'label': 'G7', 'children': []}, {'label': 'G7', 'children': []}]}]}]}, {'label': 'C^7', 'children': [{'label': 'G7', 'children': [{'label': 'Fm7', 'children': [{'label': 'C7', 'children': [{'label': 'G%7', 'children': []}, {'label': 'C7', 'children': []}]}, {'label': 'Fm7', 'children': [{'label': 'Fm7', 'children': []}, {'label': 'Fm7', 'children': []}]}]}, {'label': 'G7', 'children': [{'label': 'D%7', 'children': []}, {'label': 'G7', 'children': []}]}]}, {'label': 'C^7', 'children': [{'label': 'C^7', 'children': []}, {'label': 'C^7', 'children': []}]}]}]}]}}]",
How High The Moon,"[1, 2, 3, 4, 5, 6, 7, 8, 9, 10, 10, 11, 12, 12, 13, 14, 15, 16, 17, 18, 19, 20, 21, 22, 23, 24, 25, 26, 26, 27, 28, 28, 29, 29, 30, 30, 31, 32, 32]","[1, 1, 1, 1, 1, 1, 1, 1, 1, 1, 3, 1, 1, 3, 1, 1, 1, 1, 1, 1, 1, 1, 1, 1, 1, 1, 1, 1, 3, 1, 1, 3, 1, 3, 1, 3, 1, 1, 3]","['G^7', 'G^7', 'Gm7', 'C7', 'F^7', 'F^7', 'Fm7', 'Bb7', 'Eb^7', 'A%7', 'D7', 'Gm7', 'A%7', 'D7', 'G^7', 'Em7', 'Am7', 'D7', 'G^7', 'G^7', 'Gm7', 'C7', 'F^7', 'F^7', 'Fm7', 'Bb7', 'Eb^7', 'A%7', 'D7', 'G^7', 'Am7', 'D7', 'Bm7', 'E7', 'Am7', 'D7', 'G6']","Lewis, Morgan",1940,"{'numerator': 4, 'denominator': 4}",G,,"[{'open_constituent_tree': {'label': 'G6', 'children': [{'label': 'D7*', 'children': [{'label': 'G^7', 'children': [{'label': 'G^7', 'children': []}, {'label': 'G^7', 'children': []}]}, {'label': 'D7', 'children': [{'label': 'D7', 'children': [{'label': 'D7', 'children': [{'label': 'Eb^7', 'children': [{'label': 'Bb7', 'children': [{'label': 'F^7', 'children': [{'label': 'C7', 'children': [{'label': 'Gm7', 'children': []}, {'label': 'C7', 'children': []}]}, {'label': 'F^7', 'children': [{'label': 'F^7', 'children': []}, {'label': 'F^7', 'children': []}]}]}, {'label': 'Bb7', 'children': [{'label': 'Fm7', 'children': []}, {'label': 'Bb7', 'children': []}]}]}, {'label': 'Eb^7', 'children': []}]}, {'label': 'D7', 'children': [{'label': 'A%7', 'children': []}, {'label': 'D7', 'children': []}]}]}, {'label': 'D7', 'children': [{'label': 'A%7', 'children': [{'label': 'Gm7', 'children': []}, {'label': 'A%7', 'children': []}]}, {'label': 'D7', 'children': []}]}]}, {'label': 'D7', 'children': [{'label': 'G^7', 'children': []}, {'label': 'D7', 'children': [{'label': 'Am7', 'children': [{'label': 'Em7', 'children': []}, {'label': 'Am7', 'children': []}]}, {'label': 'D7', 'children': []}]}]}]}]}, {'label': 'G6', 'children': [{'label': 'G^7', 'children': [{'label': 'G^7', 'children': []}, {'label': 'G^7', 'children': []}]}, {'label': 'G6', 'children': [{'label': 'D7', 'children': [{'label': 'D7', 'children': [{'label': 'Eb^7', 'children': [{'label': 'Bb7', 'children': [{'label': 'F^7', 'children': [{'label': 'C7', 'children': [{'label': 'Gm7', 'children': []}, {'label': 'C7', 'children': []}]}, {'label': 'F^7', 'children': [{'label': 'F^7', 'children': []}, {'label': 'F^7', 'children': []}]}]}, {'label': 'Bb7', 'children': [{'label': 'Fm7', 'children': []}, {'label': 'Bb7', 'children': []}]}]}, {'label': 'Eb^7', 'children': []}]}, {'label': 'D7', 'children': [{'label': 'A%7', 'children': []}, {'label': 'D7', 'children': []}]}]}, {'label': 'D7', 'children': [{'label': 'Am7', 'children': [{'label': 'G^7', 'children': []}, {'label': 'Am7', 'children': []}]}, {'label': 'D7', 'children': []}]}]}, {'label': 'G6', 'children': [{'label': 'D7', 'children': [{'label': 'Am7', 'children': [{'label': 'E7', 'children': [{'label': 'Bm7', 'children': []}, {'label': 'E7', 'children': []}]}, {'label': 'Am7', 'children': []}]}, {'label': 'D7', 'children': []}]}, {'label': 'G6', 'children': []}]}]}]}]}, 'complete_constituent_tree': {'label': 'G6', 'children': [{'label': 'G^7', 'children': [{'label': 'G^7', 'children': []}, {'label': 'G^7', 'children': []}]}, {'label': 'G6', 'children': [{'label': 'D7', 'children': [{'label': 'D7', 'children': [{'label': 'D7', 'children': [{'label': 'Eb^7', 'children': [{'label': 'Bb7', 'children': [{'label': 'F^7', 'children': [{'label': 'C7', 'children': [{'label': 'Gm7', 'children': []}, {'label': 'C7', 'children': []}]}, {'label': 'F^7', 'children': [{'label': 'F^7', 'children': []}, {'label': 'F^7', 'children': []}]}]}, {'label': 'Bb7', 'children': [{'label': 'Fm7', 'children': []}, {'label': 'Bb7', 'children': []}]}]}, {'label': 'Eb^7', 'children': []}]}, {'label': 'D7', 'children': [{'label': 'A%7', 'children': []}, {'label': 'D7', 'children': []}]}]}, {'label': 'D7', 'children': [{'label': 'A%7', 'children': [{'label': 'Gm7', 'children': []}, {'label': 'A%7', 'children': []}]}, {'label': 'D7', 'children': []}]}]}, {'label': 'D7', 'children': [{'label': 'G^7', 'children': []}, {'label': 'D7', 'children': [{'label': 'Am7', 'children': [{'label': 'Em7', 'children': []}, {'label': 'Am7', 'children': []}]}, {'label': 'D7', 'children': []}]}]}]}, {'label': 'G6', 'children': [{'label': 'G^7', 'children': [{'label': 'G^7', 'children': []}, {'label': 'G^7', 'children': []}]}, {'label': 'G6', 'children': [{'label': 'D7', 'children': [{'label': 'D7', 'children': [{'label': 'Eb^7', 'children': [{'label': 'Bb7', 'children': [{'label': 'F^7', 'children': [{'label': 'C7', 'children': [{'label': 'Gm7', 'children': []}, {'label': 'C7', 'children': []}]}, {'label': 'F^7', 'children': [{'label': 'F^7', 'children': []}, {'label': 'F^7', 'children': []}]}]}, {'label': 'Bb7', 'children': [{'label': 'Fm7', 'children': []}, {'label': 'Bb7', 'children': []}]}]}, {'label': 'Eb^7', 'children': []}]}, {'label': 'D7', 'children': [{'label': 'A%7', 'children': []}, {'label': 'D7', 'children': []}]}]}, {'label': 'D7', 'children': [{'label': 'Am7', 'children': [{'label': 'G^7', 'children': []}, {'label': 'Am7', 'children': []}]}, {'label': 'D7', 'children': []}]}]}, {'label': 'G6', 'children': [{'label': 'D7', 'children': [{'label': 'Am7', 'children': [{'label': 'E7', 'children': [{'label': 'Bm7', 'children': []}, {'label': 'E7', 'children': []}]}, {'label': 'Am7', 'children': []}]}, {'label': 'D7', 'children': []}]}, {'label': 'G6', 'children': []}]}]}]}]}]}}]",Gm7 (G^7) in measure 3 of the B (C) part is not a tonic chord
Serenity,"[1, 2, 3, 3, 4, 4, 5, 5, 6, 6, 6, 7, 7, 8, 8, 9, 9, 10, 11, 12, 12, 13, 14, 14]","[1, 1, 1, 3, 1, 3, 1, 3, 1, 3, 4, 1, 3, 1, 3, 1, 3, 1, 1, 1, 3, 1, 1, 3]","['D%7', 'G7', 'Ab^7', 'Gb^7', 'Em7', 'A7', 'Fm7', 'Bb7', 'Eb^7', 'D%7', 'G7', 'Cm7', 'Cm7', 'Abm7', 'Db7', 'G7', 'Gb7', 'F7', 'E^7', 'Fm7', 'Bb7', 'Eb^7']","Henderson, Joe",1964,"{'numerator': 4, 'denominator': 4}",E-,2.0,"[{'open_constituent_tree': {'label': 'Eb^7', 'children': [{'label': 'Eb^7', 'children': [{'label': 'Bb7', 'children': [{'label': 'Fm7', 'children': [{'label': 'A7', 'children': [{'label': 'Gb^7', 'children': [{'label': 'G7', 'children': [{'label': 'D%7', 'children': []}, {'label': 'G7', 'children': []}]}, {'label': 'Gb^7', 'children': [{'label': 'Ab^7', 'children': []}, {'label': 'Gb^7', 'children': []}]}]}, {'label': 'A7', 'children': [{'label': 'Em7', 'children': []}, {'label': 'A7', 'children': []}]}]}, {'label': 'Fm7', 'children': []}]}, {'label': 'Bb7', 'children': []}]}, {'label': 'Eb^7', 'children': []}]}, {'label': 'Eb^7', 'children': [{'label': 'E^7', 'children': [{'label': 'F7', 'children': [{'label': 'Cm7', 'children': [{'label': 'G7', 'children': [{'label': 'D%7', 'children': []}, {'label': 'G7', 'children': []}]}, {'label': 'Cm7', 'children': [{'label': 'Cm7', 'children': []}, {'label': 'Cm7', 'children': []}]}]}, {'label': 'F7', 'children': [{'label': 'Gb7', 'children': [{'label': 'Db7', 'children': [{'label': 'Abm7', 'children': []}, {'label': 'Db7', 'children': []}]}, {'label': 'Gb7', 'children': [{'label': 'G7', 'children': []}, {'label': 'Gb7', 'children': []}]}]}, {'label': 'F7', 'children': []}]}]}, {'label': 'E^7', 'children': []}]}, {'label': 'Eb^7', 'children': [{'label': 'Bb7', 'children': [{'label': 'Fm7', 'children': []}, {'label': 'Bb7', 'children': []}]}, {'label': 'Eb^7', 'children': []}]}]}]}, 'complete_constituent_tree': {'label': 'Eb^7', 'children': [{'label': 'Eb^7', 'children': [{'label': 'Bb7', 'children': [{'label': 'Fm7', 'children': [{'label': 'A7', 'children': [{'label': 'Gb^7', 'children': [{'label': 'G7', 'children': [{'label': 'D%7', 'children': []}, {'label': 'G7', 'children': []}]}, {'label': 'Gb^7', 'children': [{'label': 'Ab^7', 'children': []}, {'label': 'Gb^7', 'children': []}]}]}, {'label': 'A7', 'children': [{'label': 'Em7', 'children': []}, {'label': 'A7', 'children': []}]}]}, {'label': 'Fm7', 'children': []}]}, {'label': 'Bb7', 'children': []}]}, {'label': 'Eb^7', 'children': []}]}, {'label': 'Eb^7', 'children': [{'label': 'E^7', 'children': [{'label': 'F7', 'children': [{'label': 'Cm7', 'children': [{'label': 'G7', 'children': [{'label': 'D%7', 'children': []}, {'label': 'G7', 'children': []}]}, {'label': 'Cm7', 'children': [{'label': 'Cm7', 'children': []}, {'label': 'Cm7', 'children': []}]}]}, {'label': 'F7', 'children': [{'label': 'Gb7', 'children': [{'label': 'Db7', 'children': [{'label': 'Abm7', 'children': []}, {'label': 'Db7', 'children': []}]}, {'label': 'Gb7', 'children': [{'label': 'G7', 'children': []}, {'label': 'Gb7', 'children': []}]}]}, {'label': 'F7', 'children': []}]}]}, {'label': 'E^7', 'children': []}]}, {'label': 'Eb^7', 'children': [{'label': 'Bb7', 'children': [{'label': 'Fm7', 'children': []}, {'label': 'Bb7', 'children': []}]}, {'label': 'Eb^7', 'children': []}]}]}]}}]",
Interplay,"[1, 2, 3, 4, 4, 5, 6, 7, 8, 9, 10, 11, 12, 12]","[1, 1, 1, 1, 3, 1, 1, 1, 1, 1, 1, 1, 1, 3]","['Fm6', 'Fm6', 'Fm6', 'Fm6', 'F7', 'Bbm7', 'Bbm7', 'Fm6', 'Fm6', 'Db7', 'C7', 'Fm6']","Evans, Bill",1962,"{'numerator': 4, 'denominator': 4}",f,,"[{'open_constituent_tree': {'label': 'Fm6', 'children': [{'label': 'Fm6', 'children': [{'label': 'Fm6', 'children': [{'label': 'Fm6', 'children': [{'label': 'Fm6', 'children': []}, {'label': 'Fm6', 'children': []}]}, {'label': 'Fm6', 'children': [{'label': 'Fm6', 'children': []}, {'label': 'Fm6', 'children': []}]}]}, {'label': 'Fm6', 'children': [{'label': 'Bbm7', 'children': [{'label': 'F7', 'children': []}, {'label': 'Bbm7', 'children': [{'label': 'Bbm7', 'children': []}, {'label': 'Bbm7', 'children': []}]}]}, {'label': 'Fm6', 'children': [{'label': 'Fm6', 'children': []}, {'label': 'Fm6', 'children': []}]}]}]}, {'label': 'Fm6', 'children': [{'label': 'C7', 'children': [{'label': 'Db7', 'children': []}, {'label': 'C7', 'children': []}]}, {'label': 'Fm6', 'children': []}]}]}, 'complete_constituent_tree': {'label': 'Fm6', 'children': [{'label': 'Fm6', 'children': [{'label': 'Fm6', 'children': [{'label': 'Fm6', 'children': [{'label': 'Fm6', 'children': []}, {'label': 'Fm6', 'children': []}]}, {'label': 'Fm6', 'children': [{'label': 'Fm6', 'children': []}, {'label': 'Fm6', 'children': []}]}]}, {'label': 'Fm6', 'children': [{'label': 'Bbm7', 'children': [{'label': 'F7', 'children': []}, {'label': 'Bbm7', 'children': [{'label': 'Bbm7', 'children': []}, {'label': 'Bbm7', 'children': []}]}]}, {'label': 'Fm6', 'children': [{'label': 'Fm6', 'children': []}, {'label': 'Fm6', 'children': []}]}]}]}, {'label': 'Fm6', 'children': [{'label': 'C7', 'children': [{'label': 'Db7', 'children': []}, {'label': 'C7', 'children': []}]}, {'label': 'Fm6', 'children': []}]}]}}]",Removed the turn-over
Minor Mood,"[1, 2, 2, 3, 4, 5, 6, 6, 7, 7, 8, 9, 9, 10, 10, 11, 12, 13, 14, 14, 15, 16, 16, 17, 18, 18, 19, 19, 20, 21, 22, 23, 24]","[1, 1, 3, 1, 1, 1, 1, 3, 1, 3, 1, 1, 3, 1, 3, 1, 1, 1, 1, 3, 1, 1, 3, 1, 1, 3, 1, 3, 1, 1, 1, 1, 1]","['Fm7', 'Bbm6', 'C7', 'Fm7', 'Bb7', 'Bbm7', 'Bbm7', 'Eb7', 'G%7', 'C7', 'Fm7', 'Fm7', 'Db7', 'Db7', 'C7', 'Fm^7', 'C7', 'Fm7', 'G%7', 'C7', 'Fm7', 'C%7', 'F7', 'Bbm7', 'Bbm7', 'C7', 'C7', 'G%7', 'Ab^7', 'G%7', 'C7', 'Fm^7', 'Fm^7']","Brown, Clifford",1953,"{'numerator': 4, 'denominator': 4}",f,0.0,"[{'open_constituent_tree': {'label': 'Fm^7', 'children': [{'label': 'Fm^7', 'children': [{'label': 'Fm7', 'children': [{'label': 'Fm7', 'children': [{'label': 'Fm7', 'children': []}, {'label': 'Fm7', 'children': [{'label': 'C7', 'children': [{'label': 'Bbm6', 'children': []}, {'label': 'C7', 'children': []}]}, {'label': 'Fm7', 'children': []}]}]}, {'label': 'Fm7', 'children': [{'label': 'Eb7', 'children': [{'label': 'Bb7', 'children': []}, {'label': 'Eb7', 'children': [{'label': 'Bbm7', 'children': [{'label': 'Bbm7', 'children': []}, {'label': 'Bbm7', 'children': []}]}, {'label': 'Eb7', 'children': []}]}]}, {'label': 'Fm7', 'children': [{'label': 'C7', 'children': [{'label': 'G%7', 'children': []}, {'label': 'C7', 'children': []}]}, {'label': 'Fm7', 'children': []}]}]}]}, {'label': 'Fm^7', 'children': [{'label': 'Fm7', 'children': []}, {'label': 'Fm^7', 'children': [{'label': 'C7', 'children': [{'label': 'Db7', 'children': [{'label': 'Db7', 'children': []}, {'label': 'Db7', 'children': []}]}, {'label': 'C7', 'children': []}]}, {'label': 'Fm^7', 'children': []}]}]}]}, {'label': 'Fm^7', 'children': [{'label': 'Fm7', 'children': [{'label': 'Fm7', 'children': [{'label': 'C7', 'children': []}, {'label': 'Fm7', 'children': []}]}, {'label': 'Fm7', 'children': [{'label': 'C7', 'children': [{'label': 'G%7', 'children': []}, {'label': 'C7', 'children': []}]}, {'label': 'Fm7', 'children': []}]}]}, {'label': 'Fm^7', 'children': [{'label': 'C7', 'children': [{'label': 'G%7', 'children': [{'label': 'C7', 'children': [{'label': 'Bbm7', 'children': [{'label': 'F7', 'children': [{'label': 'C%7', 'children': []}, {'label': 'F7', 'children': []}]}, {'label': 'Bbm7', 'children': []}]}, {'label': 'C7', 'children': [{'label': 'Bbm7', 'children': []}, {'label': 'C7', 'children': []}]}]}, {'label': 'G%7', 'children': [{'label': 'C7', 'children': []}, {'label': 'G%7', 'children': []}]}]}, {'label': 'C7', 'children': [{'label': 'G%7', 'children': [{'label': 'Ab^7', 'children': []}, {'label': 'G%7', 'children': []}]}, {'label': 'C7', 'children': []}]}]}, {'label': 'Fm^7', 'children': [{'label': 'Fm^7', 'children': []}, {'label': 'Fm^7', 'children': []}]}]}]}]}, 'complete_constituent_tree': {'label': 'Fm^7', 'children': [{'label': 'Fm^7', 'children': [{'label': 'Fm7', 'children': [{'label': 'Fm7', 'children': [{'label': 'Fm7', 'children': []}, {'label': 'Fm7', 'children': [{'label': 'C7', 'children': [{'label': 'Bbm6', 'children': []}, {'label': 'C7', 'children': []}]}, {'label': 'Fm7', 'children': []}]}]}, {'label': 'Fm7', 'children': [{'label': 'Eb7', 'children': [{'label': 'Bb7', 'children': []}, {'label': 'Eb7', 'children': [{'label': 'Bbm7', 'children': [{'label': 'Bbm7', 'children': []}, {'label': 'Bbm7', 'children': []}]}, {'label': 'Eb7', 'children': []}]}]}, {'label': 'Fm7', 'children': [{'label': 'C7', 'children': [{'label': 'G%7', 'children': []}, {'label': 'C7', 'children': []}]}, {'label': 'Fm7', 'children': []}]}]}]}, {'label': 'Fm^7', 'children': [{'label': 'Fm7', 'children': []}, {'label': 'Fm^7', 'children': [{'label': 'C7', 'children': [{'label': 'Db7', 'children': [{'label': 'Db7', 'children': []}, {'label': 'Db7', 'children': []}]}, {'label': 'C7', 'children': []}]}, {'label': 'Fm^7', 'children': []}]}]}]}, {'label': 'Fm^7', 'children': [{'label': 'Fm7', 'children': [{'label': 'Fm7', 'children': [{'label': 'C7', 'children': []}, {'label': 'Fm7', 'children': []}]}, {'label': 'Fm7', 'children': [{'label': 'C7', 'children': [{'label': 'G%7', 'children': []}, {'label': 'C7', 'children': []}]}, {'label': 'Fm7', 'children': []}]}]}, {'label': 'Fm^7', 'children': [{'label': 'C7', 'children': [{'label': 'G%7', 'children': [{'label': 'C7', 'children': [{'label': 'Bbm7', 'children': [{'label': 'F7', 'children': [{'label': 'C%7', 'children': []}, {'label': 'F7', 'children': []}]}, {'label': 'Bbm7', 'children': []}]}, {'label': 'C7', 'children': [{'label': 'Bbm7', 'children': []}, {'label': 'C7', 'children': []}]}]}, {'label': 'G%7', 'children': [{'label': 'C7', 'children': []}, {'label': 'G%7', 'children': []}]}]}, {'label': 'C7', 'children': [{'label': 'G%7', 'children': [{'label': 'Ab^7', 'children': []}, {'label': 'G%7', 'children': []}]}, {'label': 'C7', 'children': []}]}]}, {'label': 'Fm^7', 'children': [{'label': 'Fm^7', 'children': []}, {'label': 'Fm^7', 'children': []}]}]}]}]}}]",
Broadway,"[1, 2, 3, 4, 5, 6, 7, 7, 8, 8, 9, 10, 11, 12, 13, 14, 15, 16, 17, 18, 19, 20, 21, 22, 23, 24, 24, 25, 26, 27, 28, 29, 30, 31, 32]","[1, 1, 1, 1, 1, 1, 1, 3, 1, 3, 1, 1, 1, 1, 1, 1, 1, 1, 1, 1, 1, 1, 1, 1, 1, 1, 3, 1, 1, 1, 1, 1, 1, 1, 1]","['Bb^7', 'Bb^7', 'Eb7', 'Eb7', 'Cm7', 'F7', 'Bb^7', 'G7', 'Cm7', 'F7', 'Bb^7', 'Bb^7', 'Eb7', 'Eb7', 'Cm7', 'F7', 'Bb6', 'Bb6', 'Fm7', 'Bb7', 'Eb^7', 'Eb^7', 'Ebm7', 'Ab7', 'Db7', 'Gb7', 'F7', 'Bb^7', 'Bb^7', 'Eb7', 'Eb7', 'Cm7', 'F7', 'Bb6', 'Bb6']","Woode, William Henri & Bird, Bill & McRae, Teddy",1940,"{'numerator': 4, 'denominator': 4}",B-,0.0,"[{'open_constituent_tree': {'label': 'Bb6', 'children': [{'label': 'Bb6', 'children': [{'label': 'Bb^7', 'children': [{'label': 'Bb^7', 'children': [{'label': 'Bb^7', 'children': []}, {'label': 'Bb^7', 'children': []}]}, {'label': 'Bb^7', 'children': [{'label': 'F7', 'children': [{'label': 'Eb7', 'children': [{'label': 'Eb7', 'children': []}, {'label': 'Eb7', 'children': []}]}, {'label': 'F7', 'children': [{'label': 'Cm7', 'children': []}, {'label': 'F7', 'children': []}]}]}, {'label': 'Bb^7', 'children': []}]}]}, {'label': 'Bb6', 'children': [{'label': 'Bb^7', 'children': [{'label': 'F7', 'children': [{'label': 'Cm7', 'children': [{'label': 'G7', 'children': []}, {'label': 'Cm7', 'children': []}]}, {'label': 'F7', 'children': []}]}, {'label': 'Bb^7', 'children': [{'label': 'Bb^7', 'children': []}, {'label': 'Bb^7', 'children': []}]}]}, {'label': 'Bb6', 'children': [{'label': 'F7', 'children': [{'label': 'Eb7', 'children': [{'label': 'Eb7', 'children': []}, {'label': 'Eb7', 'children': []}]}, {'label': 'F7', 'children': [{'label': 'Cm7', 'children': []}, {'label': 'F7', 'children': []}]}]}, {'label': 'Bb6', 'children': [{'label': 'Bb6', 'children': []}, {'label': 'Bb6', 'children': []}]}]}]}]}, {'label': 'Bb6', 'children': [{'label': 'F7', 'children': [{'label': 'Eb^7', 'children': [{'label': 'Bb7', 'children': [{'label': 'Fm7', 'children': []}, {'label': 'Bb7', 'children': []}]}, {'label': 'Eb^7', 'children': [{'label': 'Eb^7', 'children': []}, {'label': 'Eb^7', 'children': []}]}]}, {'label': 'F7', 'children': [{'label': 'Gb7', 'children': [{'label': 'Db7', 'children': [{'label': 'Ab7', 'children': [{'label': 'Ebm7', 'children': []}, {'label': 'Ab7', 'children': []}]}, {'label': 'Db7', 'children': []}]}, {'label': 'Gb7', 'children': []}]}, {'label': 'F7', 'children': []}]}]}, {'label': 'Bb6', 'children': [{'label': 'Bb^7', 'children': [{'label': 'Bb^7', 'children': []}, {'label': 'Bb^7', 'children': []}]}, {'label': 'Bb6', 'children': [{'label': 'F7', 'children': [{'label': 'Eb7', 'children': [{'label': 'Eb7', 'children': []}, {'label': 'Eb7', 'children': []}]}, {'label': 'F7', 'children': [{'label': 'Cm7', 'children': []}, {'label': 'F7', 'children': []}]}]}, {'label': 'Bb6', 'children': [{'label': 'Bb6', 'children': []}, {'label': 'Bb6', 'children': []}]}]}]}]}]}, 'complete_constituent_tree': {'label': 'Bb6', 'children': [{'label': 'Bb6', 'children': [{'label': 'Bb^7', 'children': [{'label': 'Bb^7', 'children': [{'label': 'Bb^7', 'children': []}, {'label': 'Bb^7', 'children': []}]}, {'label': 'Bb^7', 'children': [{'label': 'F7', 'children': [{'label': 'Eb7', 'children': [{'label': 'Eb7', 'children': []}, {'label': 'Eb7', 'children': []}]}, {'label': 'F7', 'children': [{'label': 'Cm7', 'children': []}, {'label': 'F7', 'children': []}]}]}, {'label': 'Bb^7', 'children': []}]}]}, {'label': 'Bb6', 'children': [{'label': 'Bb^7', 'children': [{'label': 'F7', 'children': [{'label': 'Cm7', 'children': [{'label': 'G7', 'children': []}, {'label': 'Cm7', 'children': []}]}, {'label': 'F7', 'children': []}]}, {'label': 'Bb^7', 'children': [{'label': 'Bb^7', 'children': []}, {'label': 'Bb^7', 'children': []}]}]}, {'label': 'Bb6', 'children': [{'label': 'F7', 'children': [{'label': 'Eb7', 'children': [{'label': 'Eb7', 'children': []}, {'label': 'Eb7', 'children': []}]}, {'label': 'F7', 'children': [{'label': 'Cm7', 'children': []}, {'label': 'F7', 'children': []}]}]}, {'label': 'Bb6', 'children': [{'label': 'Bb6', 'children': []}, {'label': 'Bb6', 'children': []}]}]}]}]}, {'label': 'Bb6', 'children': [{'label': 'F7', 'children': [{'label': 'Eb^7', 'children': [{'label': 'Bb7', 'children': [{'label': 'Fm7', 'children': []}, {'label': 'Bb7', 'children': []}]}, {'label': 'Eb^7', 'children': [{'label': 'Eb^7', 'children': []}, {'label': 'Eb^7', 'children': []}]}]}, {'label': 'F7', 'children': [{'label': 'Gb7', 'children': [{'label': 'Db7', 'children': [{'label': 'Ab7', 'children': [{'label': 'Ebm7', 'children': []}, {'label': 'Ab7', 'children': []}]}, {'label': 'Db7', 'children': []}]}, {'label': 'Gb7', 'children': []}]}, {'label': 'F7', 'children': []}]}]}, {'label': 'Bb6', 'children': [{'label': 'Bb^7', 'children': [{'label': 'Bb^7', 'children': []}, {'label': 'Bb^7', 'children': []}]}, {'label': 'Bb6', 'children': [{'label': 'F7', 'children': [{'label': 'Eb7', 'children': [{'label': 'Eb7', 'children': []}, {'label': 'Eb7', 'children': []}]}, {'label': 'F7', 'children': [{'label': 'Cm7', 'children': []}, {'label': 'F7', 'children': []}]}]}, {'label': 'Bb6', 'children': [{'label': 'Bb6', 'children': []}, {'label': 'Bb6', 'children': []}]}]}]}]}]}}]",
Footprints,"[1, 2, 3, 4, 5, 6, 7, 8, 9, 10, 11, 12, 13, 14, 15, 16, 17, 18, 19, 20, 21, 22, 23, 24]","[1, 1, 1, 1, 1, 1, 1, 1, 1, 1, 1, 1, 1, 1, 1, 1, 1, 1, 1, 1, 1, 1, 1, 1]","['Cm7', 'Cm7', 'Cm7', 'Cm7', 'Cm7', 'Cm7', 'Cm7', 'Cm7', 'Fm7', 'Fm7', 'Fm7', 'Fm7', 'Cm7', 'Cm7', 'Cm7', 'Cm7', 'D7', 'D7', 'Db7', 'Db7', 'Cm7', 'Cm7', 'Cm7', 'Cm7']","Shorter, Wayne",1966,"{'numerator': 3, 'denominator': 4}",c,0.0,"[{'open_constituent_tree': {'label': 'Cm7', 'children': [{'label': 'Cm7', 'children': [{'label': 'Cm7', 'children': [{'label': 'Cm7', 'children': [{'label': 'Cm7', 'children': [{'label': 'Cm7', 'children': []}, {'label': 'Cm7', 'children': []}]}, {'label': 'Cm7', 'children': [{'label': 'Cm7', 'children': []}, {'label': 'Cm7', 'children': []}]}]}, {'label': 'Cm7', 'children': [{'label': 'Cm7', 'children': [{'label': 'Cm7', 'children': []}, {'label': 'Cm7', 'children': []}]}, {'label': 'Cm7', 'children': [{'label': 'Cm7', 'children': []}, {'label': 'Cm7', 'children': []}]}]}]}, {'label': 'Cm7', 'children': [{'label': 'Fm7', 'children': [{'label': 'Fm7', 'children': [{'label': 'Fm7', 'children': []}, {'label': 'Fm7', 'children': []}]}, {'label': 'Fm7', 'children': [{'label': 'Fm7', 'children': []}, {'label': 'Fm7', 'children': []}]}]}, {'label': 'Cm7', 'children': [{'label': 'Cm7', 'children': [{'label': 'Cm7', 'children': []}, {'label': 'Cm7', 'children': []}]}, {'label': 'Cm7', 'children': [{'label': 'Cm7', 'children': []}, {'label': 'Cm7', 'children': []}]}]}]}]}, {'label': 'Cm7', 'children': [{'label': 'Db7', 'children': [{'label': 'D7', 'children': [{'label': 'D7', 'children': []}, {'label': 'D7', 'children': []}]}, {'label': 'Db7', 'children': [{'label': 'Db7', 'children': []}, {'label': 'Db7', 'children': []}]}]}, {'label': 'Cm7', 'children': [{'label': 'Cm7', 'children': [{'label': 'Cm7', 'children': []}, {'label': 'Cm7', 'children': []}]}, {'label': 'Cm7', 'children': [{'label': 'Cm7', 'children': []}, {'label': 'Cm7', 'children': []}]}]}]}]}, 'complete_constituent_tree': {'label': 'Cm7', 'children': [{'label': 'Cm7', 'children': [{'label': 'Cm7', 'children': [{'label': 'Cm7', 'children': [{'label': 'Cm7', 'children': [{'label': 'Cm7', 'children': []}, {'label': 'Cm7', 'children': []}]}, {'label': 'Cm7', 'children': [{'label': 'Cm7', 'children': []}, {'label': 'Cm7', 'children': []}]}]}, {'label': 'Cm7', 'children': [{'label': 'Cm7', 'children': [{'label': 'Cm7', 'children': []}, {'label': 'Cm7', 'children': []}]}, {'label': 'Cm7', 'children': [{'label': 'Cm7', 'children': []}, {'label': 'Cm7', 'children': []}]}]}]}, {'label': 'Cm7', 'children': [{'label': 'Fm7', 'children': [{'label': 'Fm7', 'children': [{'label': 'Fm7', 'children': []}, {'label': 'Fm7', 'children': []}]}, {'label': 'Fm7', 'children': [{'label': 'Fm7', 'children': []}, {'label': 'Fm7', 'children': []}]}]}, {'label': 'Cm7', 'children': [{'label': 'Cm7', 'children': [{'label': 'Cm7', 'children': []}, {'label': 'Cm7', 'children': []}]}, {'label': 'Cm7', 'children': [{'label': 'Cm7', 'children': []}, {'label': 'Cm7', 'children': []}]}]}]}]}, {'label': 'Cm7', 'children': [{'label': 'Db7', 'children': [{'label': 'D7', 'children': [{'label': 'D7', 'children': []}, {'label': 'D7', 'children': []}]}, {'label': 'Db7', 'children': [{'label': 'Db7', 'children': []}, {'label': 'Db7', 'children': []}]}]}, {'label': 'Cm7', 'children': [{'label': 'Cm7', 'children': [{'label': 'Cm7', 'children': []}, {'label': 'Cm7', 'children': []}]}, {'label': 'Cm7', 'children': [{'label': 'Cm7', 'children': []}, {'label': 'Cm7', 'children': []}]}]}]}]}}]",corrected measures 17 - 20 to D7 and Db7
Brotherhood Of Man,"[1, 2, 3, 4, 5, 5, 6, 6, 7, 8, 9, 10, 11, 12, 13, 13, 14, 14, 15, 16]","[1, 1, 1, 1, 1, 3, 1, 3, 1, 1, 1, 1, 1, 1, 1, 3, 1, 3, 1, 1]","['Eb^', 'Eb^', 'Eb^', 'Eb^', 'Eb^', 'Fm7', 'Gm7', 'C7', 'F7', 'Bb7', 'Eb^', 'Eb^', 'Ab7', 'Co7', 'Gm7', 'C7', 'Fm7', 'Bb7', 'Eb^']","Loesser, Frank",1961,"{'numerator': 4, 'denominator': 4}",E-,1.0,"[{'open_constituent_tree': {'label': 'Eb^', 'children': [{'label': 'Bb7*', 'children': [{'label': 'Eb^', 'children': [{'label': 'Eb^', 'children': [{'label': 'Eb^', 'children': []}, {'label': 'Eb^', 'children': []}]}, {'label': 'Eb^', 'children': [{'label': 'Eb^', 'children': []}, {'label': 'Eb^', 'children': []}]}]}, {'label': 'Bb7*', 'children': [{'label': 'Eb^', 'children': []}, {'label': 'Bb7', 'children': [{'label': 'F7', 'children': [{'label': 'C7', 'children': [{'label': 'Gm7', 'children': [{'label': 'Fm7', 'children': []}, {'label': 'Gm7', 'children': []}]}, {'label': 'C7', 'children': []}]}, {'label': 'F7', 'children': []}]}, {'label': 'Bb7', 'children': []}]}]}]}, {'label': 'Eb^', 'children': [{'label': 'Eb^', 'children': [{'label': 'Eb^', 'children': []}, {'label': 'Eb^', 'children': []}]}, {'label': 'Eb^', 'children': [{'label': 'Bb7', 'children': [{'label': 'Fm7', 'children': [{'label': 'C7', 'children': [{'label': 'Gm7', 'children': [{'label': 'Ab7', 'children': []}, {'label': 'Gm7', 'children': [{'label': 'Co7', 'children': []}, {'label': 'Gm7', 'children': []}]}]}, {'label': 'C7', 'children': []}]}, {'label': 'Fm7', 'children': []}]}, {'label': 'Bb7', 'children': []}]}, {'label': 'Eb^', 'children': []}]}]}]}, 'complete_constituent_tree': {'label': 'Eb^', 'children': [{'label': 'Eb^', 'children': [{'label': 'Eb^', 'children': [{'label': 'Eb^', 'children': []}, {'label': 'Eb^', 'children': []}]}, {'label': 'Eb^', 'children': [{'label': 'Eb^', 'children': []}, {'label': 'Eb^', 'children': []}]}]}, {'label': 'Eb^', 'children': [{'label': 'Eb^', 'children': []}, {'label': 'Eb^', 'children': [{'label': 'Bb7', 'children': [{'label': 'F7', 'children': [{'label': 'C7', 'children': [{'label': 'Gm7', 'children': [{'label': 'Fm7', 'children': []}, {'label': 'Gm7', 'children': []}]}, {'label': 'C7', 'children': []}]}, {'label': 'F7', 'children': []}]}, {'label': 'Bb7', 'children': []}]}, {'label': 'Eb^', 'children': [{'label': 'Eb^', 'children': [{'label': 'Eb^', 'children': []}, {'label': 'Eb^', 'children': []}]}, {'label': 'Eb^', 'children': [{'label': 'Bb7', 'children': [{'label': 'Fm7', 'children': [{'label': 'C7', 'children': [{'label': 'Gm7', 'children': [{'label': 'Ab7', 'children': []}, {'label': 'Gm7', 'children': [{'label': 'Co7', 'children': []}, {'label': 'Gm7', 'children': []}]}]}, {'label': 'C7', 'children': []}]}, {'label': 'Fm7', 'children': []}]}, {'label': 'Bb7', 'children': []}]}, {'label': 'Eb^', 'children': []}]}]}]}]}]}}]",
Lennie's Pennies,"[1, 2, 3, 4, 5, 6, 7, 8, 9, 10, 11, 12, 13, 14, 15, 16, 17, 18, 19, 20, 21, 22, 23, 24, 25, 26, 27, 28, 29, 30, 31, 32]","[1, 1, 1, 1, 1, 1, 1, 1, 1, 1, 1, 1, 1, 1, 1, 1, 1, 1, 1, 1, 1, 1, 1, 1, 1, 1, 1, 1, 1, 1, 1, 1]","['Cm6', 'Cm6', 'D7', 'Db7', 'Cm6', 'Cm6', 'D7', 'G7', 'G%7', 'C7', 'Fm6', 'Fm6', 'Cm6', 'D7', 'D7', 'G7', 'Cm6', 'Cm6', 'D7', 'G7', 'C7', 'C7', 'Fm6', 'Fm6', 'Fm6', 'D%7', 'Cm6', 'A7', 'D%7', 'G7', 'Cm6', 'Cm6']","Tristano, Lennie",1952,"{'numerator': 4, 'denominator': 4}",c,0.0,"[{'open_constituent_tree': {'label': 'Cm6', 'children': [{'label': 'G7*', 'children': [{'label': 'Cm6', 'children': [{'label': 'Cm6', 'children': [{'label': 'Cm6', 'children': []}, {'label': 'Cm6', 'children': []}]}, {'label': 'Cm6', 'children': [{'label': 'Db7', 'children': [{'label': 'D7', 'children': []}, {'label': 'Db7', 'children': []}]}, {'label': 'Cm6', 'children': [{'label': 'Cm6', 'children': []}, {'label': 'Cm6', 'children': []}]}]}]}, {'label': 'G7', 'children': [{'label': 'Fm6', 'children': [{'label': 'C7', 'children': [{'label': 'G7', 'children': [{'label': 'D7', 'children': []}, {'label': 'G7', 'children': []}]}, {'label': 'C7', 'children': [{'label': 'G%7', 'children': []}, {'label': 'C7', 'children': []}]}]}, {'label': 'Fm6', 'children': [{'label': 'Fm6', 'children': []}, {'label': 'Fm6', 'children': []}]}]}, {'label': 'G7', 'children': [{'label': 'D7', 'children': [{'label': 'Cm6', 'children': []}, {'label': 'D7', 'children': [{'label': 'D7', 'children': []}, {'label': 'D7', 'children': []}]}]}, {'label': 'G7', 'children': []}]}]}]}, {'label': 'Cm6', 'children': [{'label': 'Cm6', 'children': [{'label': 'Cm6', 'children': []}, {'label': 'Cm6', 'children': []}]}, {'label': 'Cm6', 'children': [{'label': 'G7', 'children': [{'label': 'Fm6', 'children': [{'label': 'C7', 'children': [{'label': 'G7', 'children': [{'label': 'D7', 'children': []}, {'label': 'G7', 'children': []}]}, {'label': 'C7', 'children': [{'label': 'C7', 'children': []}, {'label': 'C7', 'children': []}]}]}, {'label': 'Fm6', 'children': [{'label': 'Fm6', 'children': []}, {'label': 'Fm6', 'children': []}]}]}, {'label': 'G7', 'children': [{'label': 'D%7', 'children': [{'label': 'D%7', 'children': [{'label': 'Fm6', 'children': []}, {'label': 'D%7', 'children': []}]}, {'label': 'D%7', 'children': [{'label': 'Cm6', 'children': []}, {'label': 'D%7', 'children': [{'label': 'A7', 'children': []}, {'label': 'D%7', 'children': []}]}]}]}, {'label': 'G7', 'children': []}]}]}, {'label': 'Cm6', 'children': [{'label': 'Cm6', 'children': []}, {'label': 'Cm6', 'children': []}]}]}]}]}, 'complete_constituent_tree': {'label': 'Cm6', 'children': [{'label': 'Cm6', 'children': [{'label': 'Cm6', 'children': [{'label': 'Cm6', 'children': []}, {'label': 'Cm6', 'children': []}]}, {'label': 'Cm6', 'children': [{'label': 'Db7', 'children': [{'label': 'D7', 'children': []}, {'label': 'Db7', 'children': []}]}, {'label': 'Cm6', 'children': [{'label': 'Cm6', 'children': []}, {'label': 'Cm6', 'children': []}]}]}]}, {'label': 'Cm6', 'children': [{'label': 'G7', 'children': [{'label': 'Fm6', 'children': [{'label': 'C7', 'children': [{'label': 'G7', 'children': [{'label': 'D7', 'children': []}, {'label': 'G7', 'children': []}]}, {'label': 'C7', 'children': [{'label': 'G%7', 'children': []}, {'label': 'C7', 'children': []}]}]}, {'label': 'Fm6', 'children': [{'label': 'Fm6', 'children': []}, {'label': 'Fm6', 'children': []}]}]}, {'label': 'G7', 'children': [{'label': 'D7', 'children': [{'label': 'Cm6', 'children': []}, {'label': 'D7', 'children': [{'label': 'D7', 'children': []}, {'label': 'D7', 'children': []}]}]}, {'label': 'G7', 'children': []}]}]}, {'label': 'Cm6', 'children': [{'label': 'Cm6', 'children': [{'label': 'Cm6', 'children': []}, {'label': 'Cm6', 'children': []}]}, {'label': 'Cm6', 'children': [{'label': 'G7', 'children': [{'label': 'Fm6', 'children': [{'label': 'C7', 'children': [{'label': 'G7', 'children': [{'label': 'D7', 'children': []}, {'label': 'G7', 'children': []}]}, {'label': 'C7', 'children': [{'label': 'C7', 'children': []}, {'label': 'C7', 'children': []}]}]}, {'label': 'Fm6', 'children': [{'label': 'Fm6', 'children': []}, {'label': 'Fm6', 'children': []}]}]}, {'label': 'G7', 'children': [{'label': 'D%7', 'children': [{'label': 'D%7', 'children': [{'label': 'Fm6', 'children': []}, {'label': 'D%7', 'children': []}]}, {'label': 'D%7', 'children': [{'label': 'Cm6', 'children': []}, {'label': 'D%7', 'children': [{'label': 'A7', 'children': []}, {'label': 'D%7', 'children': []}]}]}]}, {'label': 'G7', 'children': []}]}]}, {'label': 'Cm6', 'children': [{'label': 'Cm6', 'children': []}, {'label': 'Cm6', 'children': []}]}]}]}]}]}}]",low tonic in measure 27
Hungaria,"[1, 2, 3, 4, 5, 6, 7, 8, 9, 10, 11, 12, 13, 14, 15, 16, 17, 18, 19, 20, 21, 22, 23, 24, 25, 26, 27, 28, 29, 30, 31, 32]","[1, 1, 1, 1, 1, 1, 1, 1, 1, 1, 1, 1, 1, 1, 1, 1, 1, 1, 1, 1, 1, 1, 1, 1, 1, 1, 1, 1, 1, 1, 1, 1]","['G6', 'G6', 'Ab6', 'Ab6', 'G6', 'G6', 'E7', 'E7', 'A7', 'A7', 'D7', 'D7', 'G^', 'Bbo7', 'Am7', 'D7', 'G6', 'G6', 'Ab6', 'Ab6', 'G6', 'G6', 'E7', 'E7', 'Am7', 'Cm6', 'G^', 'Bbo7', 'Am7', 'D7', 'G6', 'G6']","Reinhardt, Django",1939,"{'numerator': 4, 'denominator': 4}",G,0.0,"[{'open_constituent_tree': {'label': 'G6', 'children': [{'label': 'D7*', 'children': [{'label': 'G6', 'children': [{'label': 'G6', 'children': [{'label': 'G6', 'children': []}, {'label': 'G6', 'children': []}]}, {'label': 'G6', 'children': [{'label': 'Ab6', 'children': [{'label': 'Ab6', 'children': []}, {'label': 'Ab6', 'children': []}]}, {'label': 'G6', 'children': [{'label': 'G6', 'children': []}, {'label': 'G6', 'children': []}]}]}]}, {'label': 'D7', 'children': [{'label': 'D7', 'children': [{'label': 'A7', 'children': [{'label': 'E7', 'children': [{'label': 'E7', 'children': []}, {'label': 'E7', 'children': []}]}, {'label': 'A7', 'children': [{'label': 'A7', 'children': []}, {'label': 'A7', 'children': []}]}]}, {'label': 'D7', 'children': [{'label': 'D7', 'children': []}, {'label': 'D7', 'children': []}]}]}, {'label': 'D7', 'children': [{'label': 'Bbo7', 'children': [{'label': 'G^', 'children': []}, {'label': 'Bbo7', 'children': []}]}, {'label': 'D7', 'children': [{'label': 'Am7', 'children': []}, {'label': 'D7', 'children': []}]}]}]}]}, {'label': 'G6', 'children': [{'label': 'G6', 'children': [{'label': 'G6', 'children': [{'label': 'G6', 'children': []}, {'label': 'G6', 'children': []}]}, {'label': 'G6', 'children': [{'label': 'Ab6', 'children': [{'label': 'Ab6', 'children': []}, {'label': 'Ab6', 'children': []}]}, {'label': 'G6', 'children': [{'label': 'G6', 'children': []}, {'label': 'G6', 'children': []}]}]}]}, {'label': 'G6', 'children': [{'label': 'D7', 'children': [{'label': 'Am7', 'children': [{'label': 'E7', 'children': [{'label': 'E7', 'children': []}, {'label': 'E7', 'children': []}]}, {'label': 'Am7', 'children': []}]}, {'label': 'D7', 'children': [{'label': 'Bbo7', 'children': [{'label': 'G^', 'children': [{'label': 'Cm6', 'children': []}, {'label': 'G^', 'children': []}]}, {'label': 'Bbo7', 'children': []}]}, {'label': 'D7', 'children': [{'label': 'Am7', 'children': []}, {'label': 'D7', 'children': []}]}]}]}, {'label': 'G6', 'children': [{'label': 'G6', 'children': []}, {'label': 'G6', 'children': []}]}]}]}]}, 'complete_constituent_tree': {'label': 'G6', 'children': [{'label': 'G6', 'children': [{'label': 'G6', 'children': [{'label': 'G6', 'children': []}, {'label': 'G6', 'children': []}]}, {'label': 'G6', 'children': [{'label': 'Ab6', 'children': [{'label': 'Ab6', 'children': []}, {'label': 'Ab6', 'children': []}]}, {'label': 'G6', 'children': [{'label': 'G6', 'children': []}, {'label': 'G6', 'children': []}]}]}]}, {'label': 'G6', 'children': [{'label': 'D7', 'children': [{'label': 'D7', 'children': [{'label': 'A7', 'children': [{'label': 'E7', 'children': [{'label': 'E7', 'children': []}, {'label': 'E7', 'children': []}]}, {'label': 'A7', 'children': [{'label': 'A7', 'children': []}, {'label': 'A7', 'children': []}]}]}, {'label': 'D7', 'children': [{'label': 'D7', 'children': []}, {'label': 'D7', 'children': []}]}]}, {'label': 'D7', 'children': [{'label': 'Bbo7', 'children': [{'label': 'G^', 'children': []}, {'label': 'Bbo7', 'children': []}]}, {'label': 'D7', 'children': [{'label': 'Am7', 'children': []}, {'label': 'D7', 'children': []}]}]}]}, {'label': 'G6', 'children': [{'label': 'G6', 'children': [{'label': 'G6', 'children': [{'label': 'G6', 'children': []}, {'label': 'G6', 'children': []}]}, {'label': 'G6', 'children': [{'label': 'Ab6', 'children': [{'label': 'Ab6', 'children': []}, {'label': 'Ab6', 'children': []}]}, {'label': 'G6', 'children': [{'label': 'G6', 'children': []}, {'label': 'G6', 'children': []}]}]}]}, {'label': 'G6', 'children': [{'label': 'D7', 'children': [{'label': 'Am7', 'children': [{'label': 'E7', 'children': [{'label': 'E7', 'children': []}, {'label': 'E7', 'children': []}]}, {'label': 'Am7', 'children': []}]}, {'label': 'D7', 'children': [{'label': 'Bbo7', 'children': [{'label': 'G^', 'children': [{'label': 'Cm6', 'children': []}, {'label': 'G^', 'children': []}]}, {'label': 'Bbo7', 'children': []}]}, {'label': 'D7', 'children': [{'label': 'Am7', 'children': []}, {'label': 'D7', 'children': []}]}]}]}, {'label': 'G6', 'children': [{'label': 'G6', 'children': []}, {'label': 'G6', 'children': []}]}]}]}]}]}}]",chromatic bass movement drives the implication-realization structure when the harmonic rhythm accelerates
Blues For Alice,"[1, 2, 2, 3, 3, 4, 4, 5, 6, 6, 7, 7, 8, 8, 9, 10, 11, 11, 12, 12]","[1, 1, 3, 1, 3, 1, 3, 1, 1, 3, 1, 3, 1, 3, 1, 1, 1, 3, 1, 3]","['F^7', 'E%7', 'A7', 'Dm7', 'G7', 'Cm7', 'F7', 'Bb7', 'Bbm7', 'Eb7', 'Am7', 'D7', 'Abm7', 'Db7', 'Gm7', 'C7', 'F7', 'D7', 'Gm7', 'C7', 'F^7']","Parker, Charlie",1951,"{'numerator': 4, 'denominator': 4}",F,-1.0,"[{'open_constituent_tree': {'label': 'F^7', 'children': [{'label': 'F^7', 'children': []}, {'label': 'F^7', 'children': [{'label': 'C7', 'children': [{'label': 'C7', 'children': [{'label': 'Db7', 'children': [{'label': 'D7', 'children': [{'label': 'Eb7', 'children': [{'label': 'Bb7', 'children': [{'label': 'F7', 'children': [{'label': 'Cm7', 'children': [{'label': 'G7', 'children': [{'label': 'Dm7', 'children': [{'label': 'A7', 'children': [{'label': 'E%7', 'children': []}, {'label': 'A7', 'children': []}]}, {'label': 'Dm7', 'children': []}]}, {'label': 'G7', 'children': []}]}, {'label': 'Cm7', 'children': []}]}, {'label': 'F7', 'children': []}]}, {'label': 'Bb7', 'children': []}]}, {'label': 'Eb7', 'children': [{'label': 'Bbm7', 'children': []}, {'label': 'Eb7', 'children': []}]}]}, {'label': 'D7', 'children': [{'label': 'Am7', 'children': []}, {'label': 'D7', 'children': []}]}]}, {'label': 'Db7', 'children': [{'label': 'Abm7', 'children': []}, {'label': 'Db7', 'children': []}]}]}, {'label': 'C7', 'children': [{'label': 'Gm7', 'children': []}, {'label': 'C7', 'children': []}]}]}, {'label': 'C7', 'children': [{'label': 'Gm7', 'children': [{'label': 'F7', 'children': []}, {'label': 'Gm7', 'children': [{'label': 'D7', 'children': []}, {'label': 'Gm7', 'children': []}]}]}, {'label': 'C7', 'children': []}]}]}, {'label': 'F^7', 'children': []}]}]}, 'complete_constituent_tree': {'label': 'F^7', 'children': [{'label': 'F^7', 'children': []}, {'label': 'F^7', 'children': [{'label': 'C7', 'children': [{'label': 'C7', 'children': [{'label': 'Db7', 'children': [{'label': 'D7', 'children': [{'label': 'Eb7', 'children': [{'label': 'Bb7', 'children': [{'label': 'F7', 'children': [{'label': 'Cm7', 'children': [{'label': 'G7', 'children': [{'label': 'Dm7', 'children': [{'label': 'A7', 'children': [{'label': 'E%7', 'children': []}, {'label': 'A7', 'children': []}]}, {'label': 'Dm7', 'children': []}]}, {'label': 'G7', 'children': []}]}, {'label': 'Cm7', 'children': []}]}, {'label': 'F7', 'children': []}]}, {'label': 'Bb7', 'children': []}]}, {'label': 'Eb7', 'children': [{'label': 'Bbm7', 'children': []}, {'label': 'Eb7', 'children': []}]}]}, {'label': 'D7', 'children': [{'label': 'Am7', 'children': []}, {'label': 'D7', 'children': []}]}]}, {'label': 'Db7', 'children': [{'label': 'Abm7', 'children': []}, {'label': 'Db7', 'children': []}]}]}, {'label': 'C7', 'children': [{'label': 'Gm7', 'children': []}, {'label': 'C7', 'children': []}]}]}, {'label': 'C7', 'children': [{'label': 'Gm7', 'children': [{'label': 'F7', 'children': []}, {'label': 'Gm7', 'children': [{'label': 'D7', 'children': []}, {'label': 'Gm7', 'children': []}]}]}, {'label': 'C7', 'children': []}]}]}, {'label': 'F^7', 'children': []}]}]}}]",
I Love Paris,"[1, 2, 3, 4, 5, 6, 7, 8, 9, 10, 11, 12, 13, 14, 15, 16, 16, 17, 18, 19, 20, 21, 22, 22, 23, 24, 25, 26, 27, 28, 29, 30, 31, 32, 32]","[1, 1, 1, 1, 1, 1, 1, 1, 1, 1, 1, 1, 1, 1, 1, 1, 3, 1, 1, 1, 1, 1, 1, 3, 1, 1, 1, 1, 1, 1, 1, 1, 1, 1, 3]","['Cm6', 'Cm6', 'Cm6', 'Cm6', 'Cm6', 'Cm6', 'D%7', 'G7', 'D%7', 'G7', 'D%7', 'G7', 'D%7', 'G7', 'Cm6', 'Cm6', 'G7', 'C6', 'C6', 'C6', 'C6', 'C6', 'Em7', 'Ebo7', 'Dm7', 'G7', 'F6', 'F6', 'Em7', 'A7', 'Dm7', 'G7', 'C6']","Porter, Cole",1953,"{'numerator': 4, 'denominator': 4}",c,2.0,"[{'open_constituent_tree': {'label': 'C6', 'children': [{'label': 'Cm6', 'children': [{'label': 'Cm6', 'children': [{'label': 'Cm6', 'children': [{'label': 'Cm6', 'children': [{'label': 'Cm6', 'children': []}, {'label': 'Cm6', 'children': []}]}, {'label': 'Cm6', 'children': [{'label': 'Cm6', 'children': []}, {'label': 'Cm6', 'children': []}]}]}, {'label': 'Cm6', 'children': [{'label': 'Cm6', 'children': []}, {'label': 'Cm6', 'children': []}]}]}, {'label': 'Cm6', 'children': [{'label': 'G7', 'children': [{'label': 'G7', 'children': [{'label': 'G7', 'children': [{'label': 'D%7', 'children': []}, {'label': 'G7', 'children': []}]}, {'label': 'G7', 'children': [{'label': 'D%7', 'children': []}, {'label': 'G7', 'children': []}]}]}, {'label': 'G7', 'children': [{'label': 'G7', 'children': [{'label': 'D%7', 'children': []}, {'label': 'G7', 'children': []}]}, {'label': 'G7', 'children': [{'label': 'D%7', 'children': []}, {'label': 'G7', 'children': []}]}]}]}, {'label': 'Cm6', 'children': [{'label': 'Cm6', 'children': []}, {'label': 'Cm6', 'children': []}]}]}]}, {'label': 'C6', 'children': [{'label': 'C6', 'children': [{'label': 'C6', 'children': [{'label': 'C6', 'children': [{'label': 'C6', 'children': [{'label': 'G7', 'children': []}, {'label': 'C6', 'children': []}]}, {'label': 'C6', 'children': []}]}, {'label': 'C6', 'children': [{'label': 'C6', 'children': []}, {'label': 'C6', 'children': []}]}]}, {'label': 'C6', 'children': []}]}, {'label': 'C6', 'children': [{'label': 'G7', 'children': [{'label': 'Dm7', 'children': [{'label': 'Ebo7', 'children': [{'label': 'Em7', 'children': []}, {'label': 'Ebo7', 'children': []}]}, {'label': 'Dm7', 'children': []}]}, {'label': 'G7', 'children': []}]}, {'label': 'C6', 'children': [{'label': 'G7', 'children': [{'label': 'F6', 'children': [{'label': 'F6', 'children': []}, {'label': 'F6', 'children': []}]}, {'label': 'G7', 'children': [{'label': 'Dm7', 'children': [{'label': 'A7', 'children': [{'label': 'Em7', 'children': []}, {'label': 'A7', 'children': []}]}, {'label': 'Dm7', 'children': []}]}, {'label': 'G7', 'children': []}]}]}, {'label': 'C6', 'children': []}]}]}]}]}, 'complete_constituent_tree': {'label': 'C6', 'children': [{'label': 'Cm6', 'children': [{'label': 'Cm6', 'children': [{'label': 'Cm6', 'children': [{'label': 'Cm6', 'children': [{'label': 'Cm6', 'children': []}, {'label': 'Cm6', 'children': []}]}, {'label': 'Cm6', 'children': [{'label': 'Cm6', 'children': []}, {'label': 'Cm6', 'children': []}]}]}, {'label': 'Cm6', 'children': [{'label': 'Cm6', 'children': []}, {'label': 'Cm6', 'children': []}]}]}, {'label': 'Cm6', 'children': [{'label': 'G7', 'children': [{'label': 'G7', 'children': [{'label': 'G7', 'children': [{'label': 'D%7', 'children': []}, {'label': 'G7', 'children': []}]}, {'label': 'G7', 'children': [{'label': 'D%7', 'children': []}, {'label': 'G7', 'children': []}]}]}, {'label': 'G7', 'children': [{'label': 'G7', 'children': [{'label': 'D%7', 'children': []}, {'label': 'G7', 'children': []}]}, {'label': 'G7', 'children': [{'label': 'D%7', 'children': []}, {'label': 'G7', 'children': []}]}]}]}, {'label': 'Cm6', 'children': [{'label': 'Cm6', 'children': []}, {'label': 'Cm6', 'children': []}]}]}]}, {'label': 'C6', 'children': [{'label': 'C6', 'children': [{'label': 'C6', 'children': [{'label': 'C6', 'children': [{'label': 'C6', 'children': [{'label': 'G7', 'children': []}, {'label': 'C6', 'children': []}]}, {'label': 'C6', 'children': []}]}, {'label': 'C6', 'children': [{'label': 'C6', 'children': []}, {'label': 'C6', 'children': []}]}]}, {'label': 'C6', 'children': []}]}, {'label': 'C6', 'children': [{'label': 'G7', 'children': [{'label': 'Dm7', 'children': [{'label': 'Ebo7', 'children': [{'label': 'Em7', 'children': []}, {'label': 'Ebo7', 'children': []}]}, {'label': 'Dm7', 'children': []}]}, {'label': 'G7', 'children': []}]}, {'label': 'C6', 'children': [{'label': 'G7', 'children': [{'label': 'F6', 'children': [{'label': 'F6', 'children': []}, {'label': 'F6', 'children': []}]}, {'label': 'G7', 'children': [{'label': 'Dm7', 'children': [{'label': 'A7', 'children': [{'label': 'Em7', 'children': []}, {'label': 'A7', 'children': []}]}, {'label': 'Dm7', 'children': []}]}, {'label': 'G7', 'children': []}]}]}, {'label': 'C6', 'children': []}]}]}]}]}}]",
Birk's Works,"[1, 2, 2, 3, 4, 4, 5, 6, 7, 8, 9, 9, 10, 10, 11, 12]","[1, 1, 3, 1, 1, 3, 1, 1, 1, 1, 1, 3, 1, 3, 1, 1]","['Fm6', 'G%7', 'C7', 'Fm6', 'C%7', 'F7', 'Bbm7', 'Bbm7', 'Fm6', 'Fm6', 'Abm7', 'Db7', 'G%7', 'C7', 'Fm6', 'Fm6']","Gillespie, Dizzy",1956,"{'numerator': 4, 'denominator': 4}",f,0.0,"[{'open_constituent_tree': {'label': 'Fm6', 'children': [{'label': 'Fm6', 'children': [{'label': 'Fm6', 'children': [{'label': 'Fm6', 'children': []}, {'label': 'Fm6', 'children': [{'label': 'C7', 'children': [{'label': 'G%7', 'children': []}, {'label': 'C7', 'children': []}]}, {'label': 'Fm6', 'children': []}]}]}, {'label': 'Fm6', 'children': [{'label': 'Bbm7', 'children': [{'label': 'F7', 'children': [{'label': 'C%7', 'children': []}, {'label': 'F7', 'children': []}]}, {'label': 'Bbm7', 'children': [{'label': 'Bbm7', 'children': []}, {'label': 'Bbm7', 'children': []}]}]}, {'label': 'Fm6', 'children': [{'label': 'Fm6', 'children': []}, {'label': 'Fm6', 'children': []}]}]}]}, {'label': 'Fm6', 'children': [{'label': 'C7', 'children': [{'label': 'Db7', 'children': [{'label': 'Abm7', 'children': []}, {'label': 'Db7', 'children': []}]}, {'label': 'C7', 'children': [{'label': 'G%7', 'children': []}, {'label': 'C7', 'children': []}]}]}, {'label': 'Fm6', 'children': [{'label': 'Fm6', 'children': []}, {'label': 'Fm6', 'children': []}]}]}]}, 'complete_constituent_tree': {'label': 'Fm6', 'children': [{'label': 'Fm6', 'children': [{'label': 'Fm6', 'children': [{'label': 'Fm6', 'children': []}, {'label': 'Fm6', 'children': [{'label': 'C7', 'children': [{'label': 'G%7', 'children': []}, {'label': 'C7', 'children': []}]}, {'label': 'Fm6', 'children': []}]}]}, {'label': 'Fm6', 'children': [{'label': 'Bbm7', 'children': [{'label': 'F7', 'children': [{'label': 'C%7', 'children': []}, {'label': 'F7', 'children': []}]}, {'label': 'Bbm7', 'children': [{'label': 'Bbm7', 'children': []}, {'label': 'Bbm7', 'children': []}]}]}, {'label': 'Fm6', 'children': [{'label': 'Fm6', 'children': []}, {'label': 'Fm6', 'children': []}]}]}]}, {'label': 'Fm6', 'children': [{'label': 'C7', 'children': [{'label': 'Db7', 'children': [{'label': 'Abm7', 'children': []}, {'label': 'Db7', 'children': []}]}, {'label': 'C7', 'children': [{'label': 'G%7', 'children': []}, {'label': 'C7', 'children': []}]}]}, {'label': 'Fm6', 'children': [{'label': 'Fm6', 'children': []}, {'label': 'Fm6', 'children': []}]}]}]}}]",
Little Boat (O Barquinho),"[1, 2, 3, 3, 4, 4, 5, 6, 7, 7, 8, 8, 9, 10, 11, 11, 12, 12, 13, 14, 15, 16]","[1, 1, 1, 3, 1, 3, 1, 1, 1, 3, 1, 3, 1, 1, 1, 3, 1, 3, 1, 1, 1, 1]","['Bb^7', 'Bb^7', 'Em7', 'A7', 'Em7', 'A7', 'Ab^7', 'Ab^7', 'Dm7', 'G7', 'Dm7', 'G7', 'Gb^7', 'Gb^7', 'Cm7', 'F7', 'Cm7', 'F7', 'Dm7', 'G7', 'Cm7', 'F7', 'Bb^7']","Menescal, Roberto",1963,"{'numerator': 4, 'denominator': 4}",B-,-1.0,"[{'open_constituent_tree': {'label': 'Bb^7', 'children': [{'label': 'Bb^7', 'children': [{'label': 'Bb^7', 'children': []}, {'label': 'Bb^7', 'children': []}]}, {'label': 'Bb^7', 'children': [{'label': 'F7', 'children': [{'label': 'F7', 'children': [{'label': 'Gb^7', 'children': [{'label': 'G7', 'children': [{'label': 'Ab^7', 'children': [{'label': 'A7', 'children': [{'label': 'A7', 'children': [{'label': 'Em7', 'children': []}, {'label': 'A7', 'children': []}]}, {'label': 'A7', 'children': [{'label': 'Em7', 'children': []}, {'label': 'A7', 'children': []}]}]}, {'label': 'Ab^7', 'children': [{'label': 'Ab^7', 'children': []}, {'label': 'Ab^7', 'children': []}]}]}, {'label': 'G7', 'children': [{'label': 'G7', 'children': [{'label': 'Dm7', 'children': []}, {'label': 'G7', 'children': []}]}, {'label': 'G7', 'children': [{'label': 'Dm7', 'children': []}, {'label': 'G7', 'children': []}]}]}]}, {'label': 'Gb^7', 'children': [{'label': 'Gb^7', 'children': []}, {'label': 'Gb^7', 'children': []}]}]}, {'label': 'F7', 'children': [{'label': 'F7', 'children': [{'label': 'Cm7', 'children': []}, {'label': 'F7', 'children': []}]}, {'label': 'F7', 'children': [{'label': 'Cm7', 'children': []}, {'label': 'F7', 'children': []}]}]}]}, {'label': 'F7', 'children': [{'label': 'Cm7', 'children': [{'label': 'G7', 'children': [{'label': 'Dm7', 'children': []}, {'label': 'G7', 'children': []}]}, {'label': 'Cm7', 'children': []}]}, {'label': 'F7', 'children': []}]}]}, {'label': 'Bb^7', 'children': []}]}]}, 'complete_constituent_tree': {'label': 'Bb^7', 'children': [{'label': 'Bb^7', 'children': [{'label': 'Bb^7', 'children': []}, {'label': 'Bb^7', 'children': []}]}, {'label': 'Bb^7', 'children': [{'label': 'F7', 'children': [{'label': 'F7', 'children': [{'label': 'Gb^7', 'children': [{'label': 'G7', 'children': [{'label': 'Ab^7', 'children': [{'label': 'A7', 'children': [{'label': 'A7', 'children': [{'label': 'Em7', 'children': []}, {'label': 'A7', 'children': []}]}, {'label': 'A7', 'children': [{'label': 'Em7', 'children': []}, {'label': 'A7', 'children': []}]}]}, {'label': 'Ab^7', 'children': [{'label': 'Ab^7', 'children': []}, {'label': 'Ab^7', 'children': []}]}]}, {'label': 'G7', 'children': [{'label': 'G7', 'children': [{'label': 'Dm7', 'children': []}, {'label': 'G7', 'children': []}]}, {'label': 'G7', 'children': [{'label': 'Dm7', 'children': []}, {'label': 'G7', 'children': []}]}]}]}, {'label': 'Gb^7', 'children': [{'label': 'Gb^7', 'children': []}, {'label': 'Gb^7', 'children': []}]}]}, {'label': 'F7', 'children': [{'label': 'F7', 'children': [{'label': 'Cm7', 'children': []}, {'label': 'F7', 'children': []}]}, {'label': 'F7', 'children': [{'label': 'Cm7', 'children': []}, {'label': 'F7', 'children': []}]}]}]}, {'label': 'F7', 'children': [{'label': 'Cm7', 'children': [{'label': 'G7', 'children': [{'label': 'Dm7', 'children': []}, {'label': 'G7', 'children': []}]}, {'label': 'Cm7', 'children': []}]}, {'label': 'F7', 'children': []}]}]}, {'label': 'Bb^7', 'children': []}]}]}}]",
I Wish I Knew How It Would Feel To Be Free,"[1, 1, 2, 2, 3, 3, 4, 5, 5, 5, 6, 6, 6, 7, 7, 8, 9, 9, 10, 10, 11, 11, 12, 12, 13, 13, 14, 14, 15, 15, 16]","[1, 3, 1, 3, 1, 3, 1, 1, 3, 4, 1, 3, 4, 1, 3, 1, 1, 3, 1, 3, 1, 3, 1, 3, 1, 3, 1, 3, 1, 3, 1]","['F^', 'A7', 'Dm', 'Cm7', 'Bb^', 'Csus', 'F^', 'F^', 'Bb^', 'F^', 'F^', 'C^', 'F^', 'C^', 'G7', 'C7', 'F^', 'A7', 'Dm', 'Cm7', 'Bb^', 'Csus', 'F^', 'Bo7', 'F^', 'C#o7', 'Dm', 'Bo7', 'F^', 'Csus', 'F^']","Taylor, Billy",1963,"{'numerator': 4, 'denominator': 4}",F,0.0,"[{'open_constituent_tree': {'label': 'F^', 'children': [{'label': 'C7*', 'children': [{'label': 'F^', 'children': [{'label': 'F^', 'children': [{'label': 'F^', 'children': []}, {'label': 'Dm', 'children': [{'label': 'A7', 'children': []}, {'label': 'Dm', 'children': []}]}]}, {'label': 'F^', 'children': [{'label': 'Csus', 'children': [{'label': 'Cm7', 'children': []}, {'label': 'Csus', 'children': [{'label': 'Bb^', 'children': []}, {'label': 'Csus', 'children': []}]}]}, {'label': 'F^', 'children': []}]}]}, {'label': 'C7', 'children': [{'label': 'F^', 'children': [{'label': 'F^', 'children': [{'label': 'F^', 'children': []}, {'label': 'F^', 'children': [{'label': 'Bb^', 'children': []}, {'label': 'F^', 'children': []}]}]}, {'label': 'F^', 'children': [{'label': 'F^', 'children': []}, {'label': 'F^', 'children': [{'label': 'C^', 'children': []}, {'label': 'F^', 'children': []}]}]}]}, {'label': 'C7', 'children': [{'label': 'C^', 'children': []}, {'label': 'C7', 'children': [{'label': 'G7', 'children': []}, {'label': 'C7', 'children': []}]}]}]}]}, {'label': 'F^', 'children': [{'label': 'F^', 'children': [{'label': 'F^', 'children': [{'label': 'F^', 'children': []}, {'label': 'Dm', 'children': [{'label': 'A7', 'children': []}, {'label': 'Dm', 'children': []}]}]}, {'label': 'F^', 'children': [{'label': 'Csus', 'children': [{'label': 'Cm7', 'children': []}, {'label': 'Csus', 'children': [{'label': 'Bb^', 'children': []}, {'label': 'Csus', 'children': []}]}]}, {'label': 'F^', 'children': []}]}]}, {'label': 'F^', 'children': [{'label': 'F^', 'children': [{'label': 'F^', 'children': [{'label': 'Bo7', 'children': []}, {'label': 'F^', 'children': []}]}, {'label': 'Dm', 'children': [{'label': 'C#o7', 'children': []}, {'label': 'Dm', 'children': []}]}]}, {'label': 'F^', 'children': [{'label': 'F^', 'children': [{'label': 'Bo7', 'children': []}, {'label': 'F^', 'children': []}]}, {'label': 'F^', 'children': [{'label': 'Csus', 'children': []}, {'label': 'F^', 'children': []}]}]}]}]}]}, 'complete_constituent_tree': {'label': 'F^', 'children': [{'label': 'F^', 'children': [{'label': 'F^', 'children': [{'label': 'F^', 'children': []}, {'label': 'Dm', 'children': [{'label': 'A7', 'children': []}, {'label': 'Dm', 'children': []}]}]}, {'label': 'F^', 'children': [{'label': 'Csus', 'children': [{'label': 'Cm7', 'children': []}, {'label': 'Csus', 'children': [{'label': 'Bb^', 'children': []}, {'label': 'Csus', 'children': []}]}]}, {'label': 'F^', 'children': []}]}]}, {'label': 'F^', 'children': [{'label': 'C7', 'children': [{'label': 'F^', 'children': [{'label': 'F^', 'children': [{'label': 'F^', 'children': []}, {'label': 'F^', 'children': [{'label': 'Bb^', 'children': []}, {'label': 'F^', 'children': []}]}]}, {'label': 'F^', 'children': [{'label': 'F^', 'children': []}, {'label': 'F^', 'children': [{'label': 'C^', 'children': []}, {'label': 'F^', 'children': []}]}]}]}, {'label': 'C7', 'children': [{'label': 'C^', 'children': []}, {'label': 'C7', 'children': [{'label': 'G7', 'children': []}, {'label': 'C7', 'children': []}]}]}]}, {'label': 'F^', 'children': [{'label': 'F^', 'children': [{'label': 'F^', 'children': [{'label': 'F^', 'children': []}, {'label': 'Dm', 'children': [{'label': 'A7', 'children': []}, {'label': 'Dm', 'children': []}]}]}, {'label': 'F^', 'children': [{'label': 'Csus', 'children': [{'label': 'Cm7', 'children': []}, {'label': 'Csus', 'children': [{'label': 'Bb^', 'children': []}, {'label': 'Csus', 'children': []}]}]}, {'label': 'F^', 'children': []}]}]}, {'label': 'F^', 'children': [{'label': 'F^', 'children': [{'label': 'F^', 'children': [{'label': 'Bo7', 'children': []}, {'label': 'F^', 'children': []}]}, {'label': 'Dm', 'children': [{'label': 'C#o7', 'children': []}, {'label': 'Dm', 'children': []}]}]}, {'label': 'F^', 'children': [{'label': 'F^', 'children': [{'label': 'Bo7', 'children': []}, {'label': 'F^', 'children': []}]}, {'label': 'F^', 'children': [{'label': 'Csus', 'children': []}, {'label': 'F^', 'children': []}]}]}]}]}]}]}}]",
Fools Rush In,"[1, 2, 3, 4, 5, 6, 7, 8, 9, 10, 11, 12, 13, 14, 15, 16, 17, 18, 19, 20, 21, 22, 23, 24, 25, 26, 27, 28, 29, 30, 31, 31, 32, 32]","[1, 1, 1, 1, 1, 1, 1, 1, 1, 1, 1, 1, 1, 1, 1, 1, 1, 1, 1, 1, 1, 1, 1, 1, 1, 1, 1, 1, 1, 1, 1, 3, 1, 3]","['Dm7', 'G7', 'C^7', 'Am7', 'Dm7', 'G7', 'C^7', 'Am7', 'Dm7', 'G7', 'C6', 'Am7', 'D7', 'D7', 'G7', 'G7', 'Dm7', 'G7', 'C^7', 'Am7', 'Dm7', 'G7', 'E%7', 'A7', 'Dm7', 'Fm6', 'C^7', 'Am7', 'Dm7', 'G7', 'C6']","Bloom, Rube",1940,"{'numerator': 4, 'denominator': 4}",C,3.0,"[{'open_constituent_tree': {'label': 'C6', 'children': [{'label': 'G7*', 'children': [{'label': 'C^7', 'children': [{'label': 'C^7', 'children': [{'label': 'C^7', 'children': [{'label': 'C^7', 'children': [{'label': 'G7', 'children': [{'label': 'Dm7', 'children': []}, {'label': 'G7', 'children': []}]}, {'label': 'C^7', 'children': []}]}, {'label': 'Am7', 'children': []}]}, {'label': 'C^7', 'children': [{'label': 'C^7', 'children': [{'label': 'G7', 'children': [{'label': 'Dm7', 'children': []}, {'label': 'G7', 'children': []}]}, {'label': 'C^7', 'children': []}]}, {'label': 'Am7', 'children': []}]}]}, {'label': 'C6', 'children': [{'label': 'C6', 'children': [{'label': 'G7', 'children': [{'label': 'Dm7', 'children': []}, {'label': 'G7', 'children': []}]}, {'label': 'C6', 'children': []}]}, {'label': 'Am7', 'children': []}]}]}, {'label': 'G7', 'children': [{'label': 'D7', 'children': [{'label': 'D7', 'children': []}, {'label': 'D7', 'children': []}]}, {'label': 'G7', 'children': [{'label': 'G7', 'children': []}, {'label': 'G7', 'children': []}]}]}]}, {'label': 'C6', 'children': [{'label': 'C^7', 'children': [{'label': 'C^7', 'children': [{'label': 'G7', 'children': [{'label': 'Dm7', 'children': []}, {'label': 'G7', 'children': []}]}, {'label': 'C^7', 'children': []}]}, {'label': 'Am7', 'children': []}]}, {'label': 'C6', 'children': [{'label': 'G7', 'children': [{'label': 'Dm7', 'children': [{'label': 'A7', 'children': [{'label': 'G7', 'children': [{'label': 'Dm7', 'children': []}, {'label': 'G7', 'children': []}]}, {'label': 'A7', 'children': [{'label': 'E%7', 'children': []}, {'label': 'A7', 'children': []}]}]}, {'label': 'Dm7', 'children': [{'label': 'Dm7', 'children': []}, {'label': 'Fm6', 'children': []}]}]}, {'label': 'G7', 'children': [{'label': 'Dm7', 'children': [{'label': 'Am7', 'children': [{'label': 'C^7', 'children': []}, {'label': 'Am7', 'children': []}]}, {'label': 'Dm7', 'children': []}]}, {'label': 'G7', 'children': []}]}]}, {'label': 'C6', 'children': []}]}]}]}, 'complete_constituent_tree': {'label': 'C6', 'children': [{'label': 'C^7', 'children': [{'label': 'C^7', 'children': [{'label': 'C^7', 'children': [{'label': 'C^7', 'children': [{'label': 'G7', 'children': [{'label': 'Dm7', 'children': []}, {'label': 'G7', 'children': []}]}, {'label': 'C^7', 'children': []}]}, {'label': 'Am7', 'children': []}]}, {'label': 'C^7', 'children': [{'label': 'C^7', 'children': [{'label': 'G7', 'children': [{'label': 'Dm7', 'children': []}, {'label': 'G7', 'children': []}]}, {'label': 'C^7', 'children': []}]}, {'label': 'Am7', 'children': []}]}]}, {'label': 'C6', 'children': [{'label': 'C6', 'children': [{'label': 'G7', 'children': [{'label': 'Dm7', 'children': []}, {'label': 'G7', 'children': []}]}, {'label': 'C6', 'children': []}]}, {'label': 'Am7', 'children': []}]}]}, {'label': 'C6', 'children': [{'label': 'G7', 'children': [{'label': 'D7', 'children': [{'label': 'D7', 'children': []}, {'label': 'D7', 'children': []}]}, {'label': 'G7', 'children': [{'label': 'G7', 'children': []}, {'label': 'G7', 'children': []}]}]}, {'label': 'C6', 'children': [{'label': 'C^7', 'children': [{'label': 'C^7', 'children': [{'label': 'G7', 'children': [{'label': 'Dm7', 'children': []}, {'label': 'G7', 'children': []}]}, {'label': 'C^7', 'children': []}]}, {'label': 'Am7', 'children': []}]}, {'label': 'C6', 'children': [{'label': 'G7', 'children': [{'label': 'Dm7', 'children': [{'label': 'A7', 'children': [{'label': 'G7', 'children': [{'label': 'Dm7', 'children': []}, {'label': 'G7', 'children': []}]}, {'label': 'A7', 'children': [{'label': 'E%7', 'children': []}, {'label': 'A7', 'children': []}]}]}, {'label': 'Dm7', 'children': [{'label': 'Dm7', 'children': []}, {'label': 'Fm6', 'children': []}]}]}, {'label': 'G7', 'children': [{'label': 'Dm7', 'children': [{'label': 'Am7', 'children': [{'label': 'C^7', 'children': []}, {'label': 'Am7', 'children': []}]}, {'label': 'Dm7', 'children': []}]}, {'label': 'G7', 'children': []}]}]}, {'label': 'C6', 'children': []}]}]}]}]}}]",
Remember,"[1, 2, 3, 4, 5, 6, 7, 8, 8, 9, 10, 11, 12, 13, 14, 15, 16, 16, 17, 18, 19, 20, 21, 22, 23, 24, 25, 26, 27, 28, 29, 30, 31, 32, 32]","[1, 1, 1, 1, 1, 1, 1, 1, 3, 1, 1, 1, 1, 1, 1, 1, 1, 3, 1, 1, 1, 1, 1, 1, 1, 1, 1, 1, 1, 1, 1, 1, 1, 1, 3]","['Db7', 'C7', 'B7', 'Bb7', 'Bbm7', 'Eb%7', 'Ab^7', 'Ebm7', 'Ab7', 'Db7', 'C7', 'B7', 'Bb7', 'Bbm7', 'Eb%7', 'Ab^7', 'Ebm7', 'Ab7', 'Db^7', 'Db^7', 'Dbm7', 'Gb7', 'Ab^7', 'Ab^7', 'G%7', 'C7', 'Db7', 'C7', 'B7', 'Bb7', 'Bbm7', 'Eb%7', 'Ab^7']","Berlin, Irving",1925,"{'numerator': 4, 'denominator': 4}",A-,2.0,"[{'open_constituent_tree': {'label': 'Ab^7', 'children': [{'label': 'Ab^7', 'children': [{'label': 'Ab^7', 'children': [{'label': 'Eb%7', 'children': [{'label': 'Bb7', 'children': [{'label': 'B7', 'children': [{'label': 'C7', 'children': [{'label': 'Db7', 'children': []}, {'label': 'C7', 'children': []}]}, {'label': 'B7', 'children': []}]}, {'label': 'Bb7', 'children': []}]}, {'label': 'Eb%7', 'children': [{'label': 'Bbm7', 'children': []}, {'label': 'Eb%7', 'children': []}]}]}, {'label': 'Ab^7', 'children': []}]}, {'label': 'Ab^7', 'children': [{'label': 'Eb%7', 'children': [{'label': 'Bb7', 'children': [{'label': 'B7', 'children': [{'label': 'C7', 'children': [{'label': 'Db7', 'children': [{'label': 'Ab7', 'children': [{'label': 'Ebm7', 'children': []}, {'label': 'Ab7', 'children': []}]}, {'label': 'Db7', 'children': []}]}, {'label': 'C7', 'children': []}]}, {'label': 'B7', 'children': []}]}, {'label': 'Bb7', 'children': []}]}, {'label': 'Eb%7', 'children': [{'label': 'Bbm7', 'children': []}, {'label': 'Eb%7', 'children': []}]}]}, {'label': 'Ab^7', 'children': []}]}]}, {'label': 'Ab^7', 'children': [{'label': 'C7', 'children': [{'label': 'Gb7', 'children': [{'label': 'Db^7', 'children': [{'label': 'Ab7', 'children': [{'label': 'Ebm7', 'children': []}, {'label': 'Ab7', 'children': []}]}, {'label': 'Db^7', 'children': [{'label': 'Db^7', 'children': []}, {'label': 'Db^7', 'children': []}]}]}, {'label': 'Gb7', 'children': [{'label': 'Dbm7', 'children': []}, {'label': 'Gb7', 'children': []}]}]}, {'label': 'C7', 'children': [{'label': 'G%7', 'children': [{'label': 'Ab^7', 'children': [{'label': 'Ab^7', 'children': []}, {'label': 'Ab^7', 'children': []}]}, {'label': 'G%7', 'children': []}]}, {'label': 'C7', 'children': []}]}]}, {'label': 'Ab^7', 'children': [{'label': 'Eb%7', 'children': [{'label': 'Bb7', 'children': [{'label': 'B7', 'children': [{'label': 'C7', 'children': [{'label': 'Db7', 'children': []}, {'label': 'C7', 'children': []}]}, {'label': 'B7', 'children': []}]}, {'label': 'Bb7', 'children': []}]}, {'label': 'Eb%7', 'children': [{'label': 'Bbm7', 'children': []}, {'label': 'Eb%7', 'children': []}]}]}, {'label': 'Ab^7', 'children': []}]}]}]}, 'complete_constituent_tree': {'label': 'Ab^7', 'children': [{'label': 'Ab^7', 'children': [{'label': 'Ab^7', 'children': [{'label': 'Eb%7', 'children': [{'label': 'Bb7', 'children': [{'label': 'B7', 'children': [{'label': 'C7', 'children': [{'label': 'Db7', 'children': []}, {'label': 'C7', 'children': []}]}, {'label': 'B7', 'children': []}]}, {'label': 'Bb7', 'children': []}]}, {'label': 'Eb%7', 'children': [{'label': 'Bbm7', 'children': []}, {'label': 'Eb%7', 'children': []}]}]}, {'label': 'Ab^7', 'children': []}]}, {'label': 'Ab^7', 'children': [{'label': 'Eb%7', 'children': [{'label': 'Bb7', 'children': [{'label': 'B7', 'children': [{'label': 'C7', 'children': [{'label': 'Db7', 'children': [{'label': 'Ab7', 'children': [{'label': 'Ebm7', 'children': []}, {'label': 'Ab7', 'children': []}]}, {'label': 'Db7', 'children': []}]}, {'label': 'C7', 'children': []}]}, {'label': 'B7', 'children': []}]}, {'label': 'Bb7', 'children': []}]}, {'label': 'Eb%7', 'children': [{'label': 'Bbm7', 'children': []}, {'label': 'Eb%7', 'children': []}]}]}, {'label': 'Ab^7', 'children': []}]}]}, {'label': 'Ab^7', 'children': [{'label': 'C7', 'children': [{'label': 'Gb7', 'children': [{'label': 'Db^7', 'children': [{'label': 'Ab7', 'children': [{'label': 'Ebm7', 'children': []}, {'label': 'Ab7', 'children': []}]}, {'label': 'Db^7', 'children': [{'label': 'Db^7', 'children': []}, {'label': 'Db^7', 'children': []}]}]}, {'label': 'Gb7', 'children': [{'label': 'Dbm7', 'children': []}, {'label': 'Gb7', 'children': []}]}]}, {'label': 'C7', 'children': [{'label': 'G%7', 'children': [{'label': 'Ab^7', 'children': [{'label': 'Ab^7', 'children': []}, {'label': 'Ab^7', 'children': []}]}, {'label': 'G%7', 'children': []}]}, {'label': 'C7', 'children': []}]}]}, {'label': 'Ab^7', 'children': [{'label': 'Eb%7', 'children': [{'label': 'Bb7', 'children': [{'label': 'B7', 'children': [{'label': 'C7', 'children': [{'label': 'Db7', 'children': []}, {'label': 'C7', 'children': []}]}, {'label': 'B7', 'children': []}]}, {'label': 'Bb7', 'children': []}]}, {'label': 'Eb%7', 'children': [{'label': 'Bbm7', 'children': []}, {'label': 'Eb%7', 'children': []}]}]}, {'label': 'Ab^7', 'children': []}]}]}]}}]",
Someday My Prince Will Come,"[1, 2, 3, 4, 5, 6, 7, 8, 9, 10, 11, 12, 13, 14, 15, 16, 17, 18, 19, 20, 21, 22, 23, 24, 25, 26, 27, 28, 29, 30, 31, 32]","[1, 1, 1, 1, 1, 1, 1, 1, 1, 1, 1, 1, 1, 1, 1, 1, 1, 1, 1, 1, 1, 1, 1, 1, 1, 1, 1, 1, 1, 1, 1, 1]","['Bb^7', 'D7', 'Eb^7', 'G7', 'Cm7', 'G7', 'Cm7', 'F7', 'Dm7', 'C#o7', 'Cm7', 'F7', 'Dm7', 'C#o7', 'Cm7', 'F7', 'Bb^7', 'D7', 'Eb^7', 'G7', 'Cm7', 'G7', 'Cm7', 'F7', 'Fm7', 'Bb7', 'Eb^7', 'Eo7', 'Bb^7', 'G7', 'Cm7', 'F7', 'Bb^7']","Churchill, Frank",1937,"{'numerator': 3, 'denominator': 4}",B-,-1.0,"[{'open_constituent_tree': {'label': 'Bb^7', 'children': [{'label': 'F7*', 'children': [{'label': 'F7*', 'children': [{'label': 'F7*', 'children': [{'label': 'Bb^7', 'children': []}, {'label': 'F7', 'children': [{'label': 'Cm7', 'children': [{'label': 'G7', 'children': [{'label': 'D7', 'children': []}, {'label': 'G7', 'children': [{'label': 'Eb^7', 'children': []}, {'label': 'G7', 'children': []}]}]}, {'label': 'Cm7', 'children': [{'label': 'Cm7', 'children': []}, {'label': 'Cm7', 'children': [{'label': 'G7', 'children': []}, {'label': 'Cm7', 'children': []}]}]}]}, {'label': 'F7', 'children': []}]}]}, {'label': 'F7', 'children': [{'label': 'F7', 'children': [{'label': 'Dm7', 'children': []}, {'label': 'F7', 'children': [{'label': 'C#o7', 'children': []}, {'label': 'F7', 'children': [{'label': 'Cm7', 'children': []}, {'label': 'F7', 'children': []}]}]}]}, {'label': 'F7', 'children': [{'label': 'Dm7', 'children': []}, {'label': 'F7', 'children': [{'label': 'C#o7', 'children': []}, {'label': 'F7', 'children': [{'label': 'Cm7', 'children': []}, {'label': 'F7', 'children': []}]}]}]}]}]}, {'label': 'F7*', 'children': [{'label': 'F7*', 'children': [{'label': 'Bb^7', 'children': []}, {'label': 'F7', 'children': [{'label': 'Cm7', 'children': [{'label': 'G7', 'children': [{'label': 'D7', 'children': []}, {'label': 'G7', 'children': [{'label': 'Eb^7', 'children': []}, {'label': 'G7', 'children': []}]}]}, {'label': 'Cm7', 'children': [{'label': 'Cm7', 'children': []}, {'label': 'Cm7', 'children': [{'label': 'G7', 'children': []}, {'label': 'Cm7', 'children': []}]}]}]}, {'label': 'F7', 'children': []}]}]}, {'label': 'F7', 'children': [{'label': 'Eb^7', 'children': [{'label': 'Eb^7', 'children': [{'label': 'Bb7', 'children': [{'label': 'Fm7', 'children': []}, {'label': 'Bb7', 'children': []}]}, {'label': 'Eb^7', 'children': []}]}, {'label': 'Eo7', 'children': []}]}, {'label': 'F7', 'children': [{'label': 'Cm7', 'children': [{'label': 'Bb^7', 'children': []}, {'label': 'Cm7', 'children': [{'label': 'G7', 'children': []}, {'label': 'Cm7', 'children': []}]}]}, {'label': 'F7', 'children': []}]}]}]}]}, {'label': 'Bb^7', 'children': []}]}, 'complete_constituent_tree': {'label': 'Bb^7', 'children': [{'label': 'Bb^7', 'children': []}, {'label': 'Bb^7', 'children': [{'label': 'F7', 'children': [{'label': 'Cm7', 'children': [{'label': 'G7', 'children': [{'label': 'D7', 'children': []}, {'label': 'G7', 'children': [{'label': 'Eb^7', 'children': []}, {'label': 'G7', 'children': []}]}]}, {'label': 'Cm7', 'children': [{'label': 'Cm7', 'children': []}, {'label': 'Cm7', 'children': [{'label': 'G7', 'children': []}, {'label': 'Cm7', 'children': []}]}]}]}, {'label': 'F7', 'children': []}]}, {'label': 'Bb^7', 'children': [{'label': 'F7', 'children': [{'label': 'F7', 'children': [{'label': 'Dm7', 'children': []}, {'label': 'F7', 'children': [{'label': 'C#o7', 'children': []}, {'label': 'F7', 'children': [{'label': 'Cm7', 'children': []}, {'label': 'F7', 'children': []}]}]}]}, {'label': 'F7', 'children': [{'label': 'Dm7', 'children': []}, {'label': 'F7', 'children': [{'label': 'C#o7', 'children': []}, {'label': 'F7', 'children': [{'label': 'Cm7', 'children': []}, {'label': 'F7', 'children': []}]}]}]}]}, {'label': 'Bb^7', 'children': [{'label': 'Bb^7', 'children': []}, {'label': 'Bb^7', 'children': [{'label': 'F7', 'children': [{'label': 'Cm7', 'children': [{'label': 'G7', 'children': [{'label': 'D7', 'children': []}, {'label': 'G7', 'children': [{'label': 'Eb^7', 'children': []}, {'label': 'G7', 'children': []}]}]}, {'label': 'Cm7', 'children': [{'label': 'Cm7', 'children': []}, {'label': 'Cm7', 'children': [{'label': 'G7', 'children': []}, {'label': 'Cm7', 'children': []}]}]}]}, {'label': 'F7', 'children': []}]}, {'label': 'Bb^7', 'children': [{'label': 'F7', 'children': [{'label': 'Eb^7', 'children': [{'label': 'Eb^7', 'children': [{'label': 'Bb7', 'children': [{'label': 'Fm7', 'children': []}, {'label': 'Bb7', 'children': []}]}, {'label': 'Eb^7', 'children': []}]}, {'label': 'Eo7', 'children': []}]}, {'label': 'F7', 'children': [{'label': 'Cm7', 'children': [{'label': 'Bb^7', 'children': []}, {'label': 'Cm7', 'children': [{'label': 'G7', 'children': []}, {'label': 'Cm7', 'children': []}]}]}, {'label': 'F7', 'children': []}]}]}, {'label': 'Bb^7', 'children': []}]}]}]}]}]}]}}]",
I Can't Believe...You're In Love...,"[1, 2, 3, 4, 5, 6, 7, 8, 8, 9, 10, 11, 12, 13, 14, 15, 15, 16, 17, 18, 19, 20, 21, 22, 23, 24, 24, 25, 26, 27, 28, 29, 30, 31, 32, 32]","[1, 1, 1, 1, 1, 1, 1, 1, 3, 1, 1, 1, 1, 1, 1, 1, 3, 1, 1, 1, 1, 1, 1, 1, 1, 1, 3, 1, 1, 1, 1, 1, 1, 1, 1, 3]","['F6', 'Bb7', 'C^7', 'D7', 'G7', 'G7', 'C^7', 'Gm7', 'C7', 'F6', 'Bb7', 'C^7', 'D7', 'G7', 'G7', 'C6', 'F7', 'C6', 'E7', 'E7', 'A7', 'A7', 'D7', 'D7', 'G7', 'G7', 'C7', 'F6', 'Bb7', 'C^7', 'D7', 'G7', 'G7', 'C^7']","McHugh, Jimmy",1926,"{'numerator': 4, 'denominator': 4}",C,2.0,"[{'open_constituent_tree': {'label': 'C^7', 'children': [{'label': 'C^7', 'children': [{'label': 'C^7', 'children': [{'label': 'C^7', 'children': [{'label': 'Bb7', 'children': [{'label': 'F6', 'children': []}, {'label': 'Bb7', 'children': []}]}, {'label': 'C^7', 'children': []}]}, {'label': 'C^7', 'children': [{'label': 'G7', 'children': [{'label': 'D7', 'children': []}, {'label': 'G7', 'children': [{'label': 'G7', 'children': []}, {'label': 'G7', 'children': []}]}]}, {'label': 'C^7', 'children': []}]}]}, {'label': 'C^7', 'children': [{'label': 'C^7', 'children': [{'label': 'Bb7', 'children': [{'label': 'F6', 'children': [{'label': 'C7', 'children': [{'label': 'Gm7', 'children': []}, {'label': 'C7', 'children': []}]}, {'label': 'F6', 'children': []}]}, {'label': 'Bb7', 'children': []}]}, {'label': 'C^7', 'children': []}]}, {'label': 'C6', 'children': [{'label': 'G7', 'children': [{'label': 'D7', 'children': []}, {'label': 'G7', 'children': [{'label': 'G7', 'children': []}, {'label': 'G7', 'children': []}]}]}, {'label': 'C6', 'children': [{'label': 'C6', 'children': []}, {'label': 'C6', 'children': [{'label': 'F7', 'children': []}, {'label': 'C6', 'children': []}]}]}]}]}]}, {'label': 'C^7', 'children': [{'label': 'G7', 'children': [{'label': 'D7', 'children': [{'label': 'A7', 'children': [{'label': 'E7', 'children': [{'label': 'E7', 'children': []}, {'label': 'E7', 'children': []}]}, {'label': 'A7', 'children': [{'label': 'A7', 'children': []}, {'label': 'A7', 'children': []}]}]}, {'label': 'D7', 'children': [{'label': 'D7', 'children': []}, {'label': 'D7', 'children': []}]}]}, {'label': 'G7', 'children': [{'label': 'G7', 'children': []}, {'label': 'G7', 'children': []}]}]}, {'label': 'C^7', 'children': [{'label': 'C^7', 'children': [{'label': 'Bb7', 'children': [{'label': 'F6', 'children': [{'label': 'C7', 'children': []}, {'label': 'F6', 'children': []}]}, {'label': 'Bb7', 'children': []}]}, {'label': 'C^7', 'children': []}]}, {'label': 'C^7', 'children': [{'label': 'G7', 'children': [{'label': 'D7', 'children': []}, {'label': 'G7', 'children': [{'label': 'G7', 'children': []}, {'label': 'G7', 'children': []}]}]}, {'label': 'C^7', 'children': []}]}]}]}]}, 'complete_constituent_tree': {'label': 'C^7', 'children': [{'label': 'C^7', 'children': [{'label': 'C^7', 'children': [{'label': 'C^7', 'children': [{'label': 'Bb7', 'children': [{'label': 'F6', 'children': []}, {'label': 'Bb7', 'children': []}]}, {'label': 'C^7', 'children': []}]}, {'label': 'C^7', 'children': [{'label': 'G7', 'children': [{'label': 'D7', 'children': []}, {'label': 'G7', 'children': [{'label': 'G7', 'children': []}, {'label': 'G7', 'children': []}]}]}, {'label': 'C^7', 'children': []}]}]}, {'label': 'C^7', 'children': [{'label': 'C^7', 'children': [{'label': 'Bb7', 'children': [{'label': 'F6', 'children': [{'label': 'C7', 'children': [{'label': 'Gm7', 'children': []}, {'label': 'C7', 'children': []}]}, {'label': 'F6', 'children': []}]}, {'label': 'Bb7', 'children': []}]}, {'label': 'C^7', 'children': []}]}, {'label': 'C6', 'children': [{'label': 'G7', 'children': [{'label': 'D7', 'children': []}, {'label': 'G7', 'children': [{'label': 'G7', 'children': []}, {'label': 'G7', 'children': []}]}]}, {'label': 'C6', 'children': [{'label': 'C6', 'children': []}, {'label': 'C6', 'children': [{'label': 'F7', 'children': []}, {'label': 'C6', 'children': []}]}]}]}]}]}, {'label': 'C^7', 'children': [{'label': 'G7', 'children': [{'label': 'D7', 'children': [{'label': 'A7', 'children': [{'label': 'E7', 'children': [{'label': 'E7', 'children': []}, {'label': 'E7', 'children': []}]}, {'label': 'A7', 'children': [{'label': 'A7', 'children': []}, {'label': 'A7', 'children': []}]}]}, {'label': 'D7', 'children': [{'label': 'D7', 'children': []}, {'label': 'D7', 'children': []}]}]}, {'label': 'G7', 'children': [{'label': 'G7', 'children': []}, {'label': 'G7', 'children': []}]}]}, {'label': 'C^7', 'children': [{'label': 'C^7', 'children': [{'label': 'Bb7', 'children': [{'label': 'F6', 'children': [{'label': 'C7', 'children': []}, {'label': 'F6', 'children': []}]}, {'label': 'Bb7', 'children': []}]}, {'label': 'C^7', 'children': []}]}, {'label': 'C^7', 'children': [{'label': 'G7', 'children': [{'label': 'D7', 'children': []}, {'label': 'G7', 'children': [{'label': 'G7', 'children': []}, {'label': 'G7', 'children': []}]}]}, {'label': 'C^7', 'children': []}]}]}]}]}}]",subdominant pendelum C6 F7 C6
I'll Close My Eyes,"[1, 2, 3, 4, 5, 6, 7, 8, 9, 10, 10, 11, 12, 13, 14, 15, 15, 16, 16, 17, 18, 19, 20, 21, 22, 23, 24, 25, 26, 26, 27, 28, 29, 30, 31, 32]","[1, 1, 1, 1, 1, 1, 1, 1, 1, 1, 3, 1, 1, 1, 1, 1, 3, 1, 3, 1, 1, 1, 1, 1, 1, 1, 1, 1, 1, 3, 1, 1, 1, 1, 1, 1]","['F^7', 'F^7', 'E%7', 'A7', 'Dm7', 'G7', 'Cm7', 'F7', 'Bb^7', 'Bbm7', 'Eb7', 'F^7', 'F^7', 'B%7', 'E7', 'Am7', 'D7', 'Gm7', 'C7', 'F^7', 'F^7', 'E%7', 'A7', 'Dm7', 'G7', 'Cm7', 'F7', 'Bb^7', 'Bbm7', 'Eb7', 'A%7', 'D7', 'Gm7', 'C7', 'F^7', 'F^7']","Reid, Billy",1945,"{'numerator': 4, 'denominator': 4}",F,0.0,"[{'open_constituent_tree': {'label': 'F^7', 'children': [{'label': 'C7*', 'children': [{'label': 'F^7', 'children': [{'label': 'F^7', 'children': [{'label': 'F^7', 'children': []}, {'label': 'F^7', 'children': []}]}, {'label': 'F^7', 'children': [{'label': 'Eb7', 'children': [{'label': 'Bb^7', 'children': [{'label': 'F7', 'children': [{'label': 'Cm7', 'children': [{'label': 'G7', 'children': [{'label': 'Dm7', 'children': [{'label': 'A7', 'children': [{'label': 'E%7', 'children': []}, {'label': 'A7', 'children': []}]}, {'label': 'Dm7', 'children': []}]}, {'label': 'G7', 'children': []}]}, {'label': 'Cm7', 'children': []}]}, {'label': 'F7', 'children': []}]}, {'label': 'Bb^7', 'children': []}]}, {'label': 'Eb7', 'children': [{'label': 'Bbm7', 'children': []}, {'label': 'Eb7', 'children': []}]}]}, {'label': 'F^7', 'children': [{'label': 'F^7', 'children': []}, {'label': 'F^7', 'children': []}]}]}]}, {'label': 'C7', 'children': [{'label': 'Gm7', 'children': [{'label': 'D7', 'children': [{'label': 'Am7', 'children': [{'label': 'E7', 'children': [{'label': 'B%7', 'children': []}, {'label': 'E7', 'children': []}]}, {'label': 'Am7', 'children': []}]}, {'label': 'D7', 'children': []}]}, {'label': 'Gm7', 'children': []}]}, {'label': 'C7', 'children': []}]}]}, {'label': 'F^7', 'children': [{'label': 'F^7', 'children': [{'label': 'F^7', 'children': []}, {'label': 'F^7', 'children': []}]}, {'label': 'F^7', 'children': [{'label': 'Eb7', 'children': [{'label': 'Bb^7', 'children': [{'label': 'F7', 'children': [{'label': 'Cm7', 'children': [{'label': 'G7', 'children': [{'label': 'Dm7', 'children': [{'label': 'A7', 'children': [{'label': 'E%7', 'children': []}, {'label': 'A7', 'children': []}]}, {'label': 'Dm7', 'children': []}]}, {'label': 'G7', 'children': []}]}, {'label': 'Cm7', 'children': []}]}, {'label': 'F7', 'children': []}]}, {'label': 'Bb^7', 'children': []}]}, {'label': 'Eb7', 'children': [{'label': 'Bbm7', 'children': []}, {'label': 'Eb7', 'children': []}]}]}, {'label': 'F^7', 'children': [{'label': 'C7', 'children': [{'label': 'Gm7', 'children': [{'label': 'D7', 'children': [{'label': 'A%7', 'children': []}, {'label': 'D7', 'children': []}]}, {'label': 'Gm7', 'children': []}]}, {'label': 'C7', 'children': []}]}, {'label': 'F^7', 'children': [{'label': 'F^7', 'children': []}, {'label': 'F^7', 'children': []}]}]}]}]}]}, 'complete_constituent_tree': {'label': 'F^7', 'children': [{'label': 'F^7', 'children': [{'label': 'F^7', 'children': [{'label': 'F^7', 'children': []}, {'label': 'F^7', 'children': []}]}, {'label': 'F^7', 'children': [{'label': 'Eb7', 'children': [{'label': 'Bb^7', 'children': [{'label': 'F7', 'children': [{'label': 'Cm7', 'children': [{'label': 'G7', 'children': [{'label': 'Dm7', 'children': [{'label': 'A7', 'children': [{'label': 'E%7', 'children': []}, {'label': 'A7', 'children': []}]}, {'label': 'Dm7', 'children': []}]}, {'label': 'G7', 'children': []}]}, {'label': 'Cm7', 'children': []}]}, {'label': 'F7', 'children': []}]}, {'label': 'Bb^7', 'children': []}]}, {'label': 'Eb7', 'children': [{'label': 'Bbm7', 'children': []}, {'label': 'Eb7', 'children': []}]}]}, {'label': 'F^7', 'children': [{'label': 'F^7', 'children': []}, {'label': 'F^7', 'children': []}]}]}]}, {'label': 'F^7', 'children': [{'label': 'C7', 'children': [{'label': 'Gm7', 'children': [{'label': 'D7', 'children': [{'label': 'Am7', 'children': [{'label': 'E7', 'children': [{'label': 'B%7', 'children': []}, {'label': 'E7', 'children': []}]}, {'label': 'Am7', 'children': []}]}, {'label': 'D7', 'children': []}]}, {'label': 'Gm7', 'children': []}]}, {'label': 'C7', 'children': []}]}, {'label': 'F^7', 'children': [{'label': 'F^7', 'children': [{'label': 'F^7', 'children': []}, {'label': 'F^7', 'children': []}]}, {'label': 'F^7', 'children': [{'label': 'Eb7', 'children': [{'label': 'Bb^7', 'children': [{'label': 'F7', 'children': [{'label': 'Cm7', 'children': [{'label': 'G7', 'children': [{'label': 'Dm7', 'children': [{'label': 'A7', 'children': [{'label': 'E%7', 'children': []}, {'label': 'A7', 'children': []}]}, {'label': 'Dm7', 'children': []}]}, {'label': 'G7', 'children': []}]}, {'label': 'Cm7', 'children': []}]}, {'label': 'F7', 'children': []}]}, {'label': 'Bb^7', 'children': []}]}, {'label': 'Eb7', 'children': [{'label': 'Bbm7', 'children': []}, {'label': 'Eb7', 'children': []}]}]}, {'label': 'F^7', 'children': [{'label': 'C7', 'children': [{'label': 'Gm7', 'children': [{'label': 'D7', 'children': [{'label': 'A%7', 'children': []}, {'label': 'D7', 'children': []}]}, {'label': 'Gm7', 'children': []}]}, {'label': 'C7', 'children': []}]}, {'label': 'F^7', 'children': [{'label': 'F^7', 'children': []}, {'label': 'F^7', 'children': []}]}]}]}]}]}]}}]",
"Cool One, The","[1, 2, 3, 4, 5, 6, 7, 8, 9, 10, 11, 12, 13, 14, 15, 16, 17, 18, 19, 20, 21, 22, 22, 23, 24, 25, 26, 27, 28, 29, 30, 31, 32]","[1, 1, 1, 1, 1, 1, 1, 1, 1, 1, 1, 1, 1, 1, 1, 1, 1, 1, 1, 1, 1, 1, 3, 1, 1, 1, 1, 1, 1, 1, 1, 1, 1]","['Bm7', 'E7', 'Bm7', 'E7', 'Am7', 'D7', 'Am7', 'D7', 'Bm7', 'E7', 'Bm7', 'E7', 'Am7', 'D7', 'Am7', 'D7', 'G^7', 'G^7', 'B%7', 'E7', 'C#%7', 'A%7', 'D7', 'G^7', 'C7', 'Bm7', 'E7', 'Bm7', 'E7', 'Am7', 'D7', 'Am7', 'D7', 'G^7']","Golson, Benny",1961,"{'numerator': 4, 'denominator': 4}",G,,"[{'open_constituent_tree': {'label': 'G^7', 'children': [{'label': 'D7*', 'children': [{'label': 'D7', 'children': [{'label': 'D7', 'children': [{'label': 'D7', 'children': [{'label': 'Am7', 'children': [{'label': 'E7', 'children': [{'label': 'E7', 'children': [{'label': 'Bm7', 'children': []}, {'label': 'E7', 'children': []}]}, {'label': 'E7', 'children': [{'label': 'Bm7', 'children': []}, {'label': 'E7', 'children': []}]}]}, {'label': 'Am7', 'children': []}]}, {'label': 'D7', 'children': []}]}, {'label': 'D7', 'children': [{'label': 'Am7', 'children': []}, {'label': 'D7', 'children': []}]}]}, {'label': 'D7', 'children': [{'label': 'D7', 'children': [{'label': 'Am7', 'children': [{'label': 'E7', 'children': [{'label': 'E7', 'children': [{'label': 'Bm7', 'children': []}, {'label': 'E7', 'children': []}]}, {'label': 'E7', 'children': [{'label': 'Bm7', 'children': []}, {'label': 'E7', 'children': []}]}]}, {'label': 'Am7', 'children': []}]}, {'label': 'D7', 'children': []}]}, {'label': 'D7', 'children': [{'label': 'Am7', 'children': []}, {'label': 'D7', 'children': []}]}]}]}, {'label': 'D7*', 'children': [{'label': 'G^7', 'children': [{'label': 'G^7', 'children': [{'label': 'G^7', 'children': []}, {'label': 'G^7', 'children': []}]}, {'label': 'G^7', 'children': [{'label': 'D7', 'children': [{'label': 'C#%7', 'children': [{'label': 'E7', 'children': [{'label': 'B%7', 'children': []}, {'label': 'E7', 'children': []}]}, {'label': 'C#%7', 'children': []}]}, {'label': 'D7', 'children': [{'label': 'A%7', 'children': []}, {'label': 'D7', 'children': []}]}]}, {'label': 'G^7', 'children': []}]}]}, {'label': 'D7', 'children': [{'label': 'D7', 'children': [{'label': 'Am7', 'children': [{'label': 'E7', 'children': [{'label': 'E7', 'children': [{'label': 'Bm7', 'children': [{'label': 'C7', 'children': []}, {'label': 'Bm7', 'children': []}]}, {'label': 'E7', 'children': []}]}, {'label': 'E7', 'children': [{'label': 'Bm7', 'children': []}, {'label': 'E7', 'children': []}]}]}, {'label': 'Am7', 'children': []}]}, {'label': 'D7', 'children': []}]}, {'label': 'D7', 'children': [{'label': 'Am7', 'children': []}, {'label': 'D7', 'children': []}]}]}]}]}, {'label': 'G^7', 'children': []}]}, 'complete_constituent_tree': {'label': 'G^7', 'children': [{'label': 'D7', 'children': [{'label': 'D7', 'children': [{'label': 'D7', 'children': [{'label': 'Am7', 'children': [{'label': 'E7', 'children': [{'label': 'E7', 'children': [{'label': 'Bm7', 'children': []}, {'label': 'E7', 'children': []}]}, {'label': 'E7', 'children': [{'label': 'Bm7', 'children': []}, {'label': 'E7', 'children': []}]}]}, {'label': 'Am7', 'children': []}]}, {'label': 'D7', 'children': []}]}, {'label': 'D7', 'children': [{'label': 'Am7', 'children': []}, {'label': 'D7', 'children': []}]}]}, {'label': 'D7', 'children': [{'label': 'D7', 'children': [{'label': 'Am7', 'children': [{'label': 'E7', 'children': [{'label': 'E7', 'children': [{'label': 'Bm7', 'children': []}, {'label': 'E7', 'children': []}]}, {'label': 'E7', 'children': [{'label': 'Bm7', 'children': []}, {'label': 'E7', 'children': []}]}]}, {'label': 'Am7', 'children': []}]}, {'label': 'D7', 'children': []}]}, {'label': 'D7', 'children': [{'label': 'Am7', 'children': []}, {'label': 'D7', 'children': []}]}]}]}, {'label': 'G^7', 'children': [{'label': 'G^7', 'children': [{'label': 'G^7', 'children': [{'label': 'G^7', 'children': []}, {'label': 'G^7', 'children': []}]}, {'label': 'G^7', 'children': [{'label': 'D7', 'children': [{'label': 'C#%7', 'children': [{'label': 'E7', 'children': [{'label': 'B%7', 'children': []}, {'label': 'E7', 'children': []}]}, {'label': 'C#%7', 'children': []}]}, {'label': 'D7', 'children': [{'label': 'A%7', 'children': []}, {'label': 'D7', 'children': []}]}]}, {'label': 'G^7', 'children': []}]}]}, {'label': 'G^7', 'children': [{'label': 'D7', 'children': [{'label': 'D7', 'children': [{'label': 'Am7', 'children': [{'label': 'E7', 'children': [{'label': 'E7', 'children': [{'label': 'Bm7', 'children': [{'label': 'C7', 'children': []}, {'label': 'Bm7', 'children': []}]}, {'label': 'E7', 'children': []}]}, {'label': 'E7', 'children': [{'label': 'Bm7', 'children': []}, {'label': 'E7', 'children': []}]}]}, {'label': 'Am7', 'children': []}]}, {'label': 'D7', 'children': []}]}, {'label': 'D7', 'children': [{'label': 'Am7', 'children': []}, {'label': 'D7', 'children': []}]}]}, {'label': 'G^7', 'children': []}]}]}]}}]",
Blue In Green,"[1, 2, 3, 3, 4, 4, 5, 6, 7, 8, 9, 10, 11, 12, 13, 14]","[1, 1, 1, 3, 1, 3, 1, 1, 1, 1, 1, 1, 1, 1, 1, 1]","['Gm6', 'A7', 'Dm7', 'Db7', 'Cm7', 'F7', 'Bb^7', 'A7', 'Dm6', 'E7', 'Am7', 'Dm7', 'Gm6', 'A7', 'Dm6', 'Dm6']","Davis, Miles & Evans, Bill",1959,"{'numerator': 4, 'denominator': 4}",d,0.0,"[{'open_constituent_tree': {'label': 'Dm6', 'children': [{'label': 'Dm7', 'children': [{'label': 'Dm6', 'children': [{'label': 'Dm7', 'children': [{'label': 'A7', 'children': [{'label': 'Gm6', 'children': []}, {'label': 'A7', 'children': []}]}, {'label': 'Dm7', 'children': []}]}, {'label': 'Dm6', 'children': [{'label': 'A7', 'children': [{'label': 'Bb^7', 'children': [{'label': 'F7', 'children': [{'label': 'Cm7', 'children': [{'label': 'Db7', 'children': []}, {'label': 'Cm7', 'children': []}]}, {'label': 'F7', 'children': []}]}, {'label': 'Bb^7', 'children': []}]}, {'label': 'A7', 'children': []}]}, {'label': 'Dm6', 'children': []}]}]}, {'label': 'Dm7', 'children': [{'label': 'Am7', 'children': [{'label': 'E7', 'children': []}, {'label': 'Am7', 'children': []}]}, {'label': 'Dm7', 'children': []}]}]}, {'label': 'Dm6', 'children': [{'label': 'A7', 'children': [{'label': 'Gm6', 'children': []}, {'label': 'A7', 'children': []}]}, {'label': 'Dm6', 'children': [{'label': 'Dm6', 'children': []}, {'label': 'Dm6', 'children': []}]}]}]}, 'complete_constituent_tree': {'label': 'Dm6', 'children': [{'label': 'Dm7', 'children': [{'label': 'Dm6', 'children': [{'label': 'Dm7', 'children': [{'label': 'A7', 'children': [{'label': 'Gm6', 'children': []}, {'label': 'A7', 'children': []}]}, {'label': 'Dm7', 'children': []}]}, {'label': 'Dm6', 'children': [{'label': 'A7', 'children': [{'label': 'Bb^7', 'children': [{'label': 'F7', 'children': [{'label': 'Cm7', 'children': [{'label': 'Db7', 'children': []}, {'label': 'Cm7', 'children': []}]}, {'label': 'F7', 'children': []}]}, {'label': 'Bb^7', 'children': []}]}, {'label': 'A7', 'children': []}]}, {'label': 'Dm6', 'children': []}]}]}, {'label': 'Dm7', 'children': [{'label': 'Am7', 'children': [{'label': 'E7', 'children': []}, {'label': 'Am7', 'children': []}]}, {'label': 'Dm7', 'children': []}]}]}, {'label': 'Dm6', 'children': [{'label': 'A7', 'children': [{'label': 'Gm6', 'children': []}, {'label': 'A7', 'children': []}]}, {'label': 'Dm6', 'children': [{'label': 'Dm6', 'children': []}, {'label': 'Dm6', 'children': []}]}]}]}}]",
Pent Up House,"[1, 2, 3, 4, 5, 6, 7, 8, 9, 10, 11, 12, 13, 14, 15, 16]","[1, 1, 1, 1, 1, 1, 1, 1, 1, 1, 1, 1, 1, 1, 1, 1]","['Am7', 'D7', 'G^7', 'G^7', 'Am7', 'D7', 'G^7', 'G^7', 'Dm7', 'G7', 'Cm7', 'F7', 'Am7', 'D7', 'G^7', 'G^7']","Rollins, Sonny",1956,"{'numerator': 4, 'denominator': 4}",G,0.0,"[{'open_constituent_tree': {'label': 'G^7', 'children': [{'label': 'G^7', 'children': [{'label': 'G^7', 'children': [{'label': 'D7', 'children': [{'label': 'Am7', 'children': []}, {'label': 'D7', 'children': []}]}, {'label': 'G^7', 'children': [{'label': 'G^7', 'children': []}, {'label': 'G^7', 'children': []}]}]}, {'label': 'G^7', 'children': [{'label': 'D7', 'children': [{'label': 'Am7', 'children': []}, {'label': 'D7', 'children': []}]}, {'label': 'G^7', 'children': [{'label': 'G^7', 'children': []}, {'label': 'G^7', 'children': []}]}]}]}, {'label': 'G^7', 'children': [{'label': 'F7', 'children': [{'label': 'Cm7', 'children': [{'label': 'G7', 'children': [{'label': 'Dm7', 'children': []}, {'label': 'G7', 'children': []}]}, {'label': 'Cm7', 'children': []}]}, {'label': 'F7', 'children': []}]}, {'label': 'G^7', 'children': [{'label': 'D7', 'children': [{'label': 'Am7', 'children': []}, {'label': 'D7', 'children': []}]}, {'label': 'G^7', 'children': [{'label': 'G^7', 'children': []}, {'label': 'G^7', 'children': []}]}]}]}]}, 'complete_constituent_tree': {'label': 'G^7', 'children': [{'label': 'G^7', 'children': [{'label': 'G^7', 'children': [{'label': 'D7', 'children': [{'label': 'Am7', 'children': []}, {'label': 'D7', 'children': []}]}, {'label': 'G^7', 'children': [{'label': 'G^7', 'children': []}, {'label': 'G^7', 'children': []}]}]}, {'label': 'G^7', 'children': [{'label': 'D7', 'children': [{'label': 'Am7', 'children': []}, {'label': 'D7', 'children': []}]}, {'label': 'G^7', 'children': [{'label': 'G^7', 'children': []}, {'label': 'G^7', 'children': []}]}]}]}, {'label': 'G^7', 'children': [{'label': 'F7', 'children': [{'label': 'Cm7', 'children': [{'label': 'G7', 'children': [{'label': 'Dm7', 'children': []}, {'label': 'G7', 'children': []}]}, {'label': 'Cm7', 'children': []}]}, {'label': 'F7', 'children': []}]}, {'label': 'G^7', 'children': [{'label': 'D7', 'children': [{'label': 'Am7', 'children': []}, {'label': 'D7', 'children': []}]}, {'label': 'G^7', 'children': [{'label': 'G^7', 'children': []}, {'label': 'G^7', 'children': []}]}]}]}]}}]",
Nuages,"[1, 2, 3, 4, 5, 6, 7, 7, 8, 9, 10, 11, 12, 13, 13, 14, 15, 16, 17, 18, 19, 20, 21, 22, 23, 24, 25, 26, 27, 28, 29, 30, 31, 31, 32]","[1, 1, 1, 1, 1, 1, 1, 3, 1, 1, 1, 1, 1, 1, 3, 1, 1, 1, 1, 1, 1, 1, 1, 1, 1, 1, 1, 1, 1, 1, 1, 1, 1, 3, 1]","['Eb7', 'D7', 'G6', 'G6', 'Eb7', 'D7', 'G6', 'D7', 'G6', 'B7', 'B7', 'Em6', 'Em6', 'A7', 'Ab7', 'A7', 'D7', 'D7', 'Eb7', 'D7', 'G6', 'G6', 'Ab7', 'G7', 'C^', 'C^', 'Cm6', 'F7', 'G6', 'G6', 'Eb7', 'D7', 'G6', 'D7', 'G6']","Reinhardt, Django",1939,"{'numerator': 4, 'denominator': 4}",G,0.0,"[{'open_constituent_tree': {'label': 'G6', 'children': [{'label': 'D7*', 'children': [{'label': 'G6', 'children': [{'label': 'G6', 'children': [{'label': 'D7', 'children': [{'label': 'Eb7', 'children': []}, {'label': 'D7', 'children': []}]}, {'label': 'G6', 'children': [{'label': 'G6', 'children': []}, {'label': 'G6', 'children': []}]}]}, {'label': 'G6', 'children': [{'label': 'D7', 'children': [{'label': 'Eb7', 'children': []}, {'label': 'D7', 'children': []}]}, {'label': 'G6', 'children': [{'label': 'G6', 'children': []}, {'label': 'G6', 'children': [{'label': 'D7', 'children': []}, {'label': 'G6', 'children': []}]}]}]}]}, {'label': 'D7', 'children': [{'label': 'A7', 'children': [{'label': 'Em6', 'children': [{'label': 'B7', 'children': [{'label': 'B7', 'children': []}, {'label': 'B7', 'children': []}]}, {'label': 'Em6', 'children': [{'label': 'Em6', 'children': []}, {'label': 'Em6', 'children': []}]}]}, {'label': 'A7', 'children': [{'label': 'A7', 'children': []}, {'label': 'A7', 'children': [{'label': 'Ab7', 'children': []}, {'label': 'A7', 'children': []}]}]}]}, {'label': 'D7', 'children': [{'label': 'D7', 'children': []}, {'label': 'D7', 'children': []}]}]}]}, {'label': 'G6', 'children': [{'label': 'G6', 'children': [{'label': 'G6', 'children': [{'label': 'D7', 'children': [{'label': 'Eb7', 'children': []}, {'label': 'D7', 'children': []}]}, {'label': 'G6', 'children': [{'label': 'G6', 'children': []}, {'label': 'G6', 'children': []}]}]}, {'label': 'G6', 'children': [{'label': 'F7', 'children': [{'label': 'C^', 'children': [{'label': 'G7', 'children': [{'label': 'Ab7', 'children': []}, {'label': 'G7', 'children': []}]}, {'label': 'C^', 'children': [{'label': 'C^', 'children': []}, {'label': 'C^', 'children': []}]}]}, {'label': 'F7', 'children': [{'label': 'Cm6', 'children': []}, {'label': 'F7', 'children': []}]}]}, {'label': 'G6', 'children': [{'label': 'G6', 'children': []}, {'label': 'G6', 'children': []}]}]}]}, {'label': 'G6', 'children': [{'label': 'D7', 'children': [{'label': 'Eb7', 'children': []}, {'label': 'D7', 'children': []}]}, {'label': 'G6', 'children': [{'label': 'G6', 'children': []}, {'label': 'G6', 'children': [{'label': 'D7', 'children': []}, {'label': 'G6', 'children': []}]}]}]}]}]}, 'complete_constituent_tree': {'label': 'G6', 'children': [{'label': 'G6', 'children': [{'label': 'G6', 'children': [{'label': 'D7', 'children': [{'label': 'Eb7', 'children': []}, {'label': 'D7', 'children': []}]}, {'label': 'G6', 'children': [{'label': 'G6', 'children': []}, {'label': 'G6', 'children': []}]}]}, {'label': 'G6', 'children': [{'label': 'D7', 'children': [{'label': 'Eb7', 'children': []}, {'label': 'D7', 'children': []}]}, {'label': 'G6', 'children': [{'label': 'G6', 'children': []}, {'label': 'G6', 'children': [{'label': 'D7', 'children': []}, {'label': 'G6', 'children': []}]}]}]}]}, {'label': 'G6', 'children': [{'label': 'D7', 'children': [{'label': 'A7', 'children': [{'label': 'Em6', 'children': [{'label': 'B7', 'children': [{'label': 'B7', 'children': []}, {'label': 'B7', 'children': []}]}, {'label': 'Em6', 'children': [{'label': 'Em6', 'children': []}, {'label': 'Em6', 'children': []}]}]}, {'label': 'A7', 'children': [{'label': 'A7', 'children': []}, {'label': 'A7', 'children': [{'label': 'Ab7', 'children': []}, {'label': 'A7', 'children': []}]}]}]}, {'label': 'D7', 'children': [{'label': 'D7', 'children': []}, {'label': 'D7', 'children': []}]}]}, {'label': 'G6', 'children': [{'label': 'G6', 'children': [{'label': 'G6', 'children': [{'label': 'D7', 'children': [{'label': 'Eb7', 'children': []}, {'label': 'D7', 'children': []}]}, {'label': 'G6', 'children': [{'label': 'G6', 'children': []}, {'label': 'G6', 'children': []}]}]}, {'label': 'G6', 'children': [{'label': 'F7', 'children': [{'label': 'C^', 'children': [{'label': 'G7', 'children': [{'label': 'Ab7', 'children': []}, {'label': 'G7', 'children': []}]}, {'label': 'C^', 'children': [{'label': 'C^', 'children': []}, {'label': 'C^', 'children': []}]}]}, {'label': 'F7', 'children': [{'label': 'Cm6', 'children': []}, {'label': 'F7', 'children': []}]}]}, {'label': 'G6', 'children': [{'label': 'G6', 'children': []}, {'label': 'G6', 'children': []}]}]}]}, {'label': 'G6', 'children': [{'label': 'D7', 'children': [{'label': 'Eb7', 'children': []}, {'label': 'D7', 'children': []}]}, {'label': 'G6', 'children': [{'label': 'G6', 'children': []}, {'label': 'G6', 'children': [{'label': 'D7', 'children': []}, {'label': 'G6', 'children': []}]}]}]}]}]}]}}]",Bm6 interpreted as a substitution for Eb9
Why Do I Love You?,"[1, 2, 3, 4, 5, 6, 7, 8, 9, 10, 11, 12, 12, 13, 14, 15, 16, 17, 18, 19, 20, 21, 22, 23, 24, 25, 26, 27, 28, 29, 30, 30, 31, 32, 32]","[1, 1, 1, 1, 1, 1, 1, 1, 1, 1, 1, 1, 3, 1, 1, 1, 1, 1, 1, 1, 1, 1, 1, 1, 1, 1, 1, 1, 1, 1, 1, 3, 1, 1, 3]","['Ab^7', 'Fm7', 'Bbm7', 'Eb7', 'Ab^7', 'F7', 'Bbm7', 'Eb7', 'Cm7', 'Fm7', 'Bbm7', 'G%7', 'C7', 'Fm7', 'Bb7', 'Bbm7', 'Eb7', 'Ab^7', 'Fm7', 'Bbm7', 'Eb7', 'Ab^7', 'F7', 'Bbm7', 'Eb7', 'Ebm7', 'Ab7', 'Db^7', 'Gb7', 'Ab^7', 'Bbm7', 'Eb7', 'Ab6']","Kern, Jerome",1927,"{'numerator': 4, 'denominator': 4}",A-,2.0,"[{'open_constituent_tree': {'label': 'Ab6', 'children': [{'label': 'Eb7*', 'children': [{'label': 'Eb7*', 'children': [{'label': 'Eb7*', 'children': [{'label': 'Ab^7', 'children': []}, {'label': 'Eb7', 'children': [{'label': 'Bbm7', 'children': [{'label': 'Fm7', 'children': []}, {'label': 'Bbm7', 'children': []}]}, {'label': 'Eb7', 'children': []}]}]}, {'label': 'Eb7*', 'children': [{'label': 'Ab^7', 'children': []}, {'label': 'Eb7', 'children': [{'label': 'Bbm7', 'children': [{'label': 'F7', 'children': []}, {'label': 'Bbm7', 'children': []}]}, {'label': 'Eb7', 'children': []}]}]}]}, {'label': 'Eb7', 'children': [{'label': 'Bb7', 'children': [{'label': 'Fm7', 'children': [{'label': 'C7', 'children': [{'label': 'Bbm7', 'children': [{'label': 'Fm7', 'children': [{'label': 'Cm7', 'children': []}, {'label': 'Fm7', 'children': []}]}, {'label': 'Bbm7', 'children': []}]}, {'label': 'C7', 'children': [{'label': 'G%7', 'children': []}, {'label': 'C7', 'children': []}]}]}, {'label': 'Fm7', 'children': []}]}, {'label': 'Bb7', 'children': []}]}, {'label': 'Eb7', 'children': [{'label': 'Bbm7', 'children': []}, {'label': 'Eb7', 'children': []}]}]}]}, {'label': 'Ab6', 'children': [{'label': 'Eb7*', 'children': [{'label': 'Eb7*', 'children': [{'label': 'Ab^7', 'children': []}, {'label': 'Eb7', 'children': [{'label': 'Bbm7', 'children': [{'label': 'Fm7', 'children': []}, {'label': 'Bbm7', 'children': []}]}, {'label': 'Eb7', 'children': []}]}]}, {'label': 'Eb7*', 'children': [{'label': 'Ab^7', 'children': []}, {'label': 'Eb7', 'children': [{'label': 'Bbm7', 'children': [{'label': 'F7', 'children': []}, {'label': 'Bbm7', 'children': []}]}, {'label': 'Eb7', 'children': []}]}]}]}, {'label': 'Ab6', 'children': [{'label': 'Gb7', 'children': [{'label': 'Db^7', 'children': [{'label': 'Ab7', 'children': [{'label': 'Ebm7', 'children': []}, {'label': 'Ab7', 'children': []}]}, {'label': 'Db^7', 'children': []}]}, {'label': 'Gb7', 'children': []}]}, {'label': 'Ab6', 'children': [{'label': 'Ab^7', 'children': []}, {'label': 'Ab6', 'children': [{'label': 'Eb7', 'children': [{'label': 'Bbm7', 'children': []}, {'label': 'Eb7', 'children': []}]}, {'label': 'Ab6', 'children': []}]}]}]}]}]}, 'complete_constituent_tree': {'label': 'Ab6', 'children': [{'label': 'Ab^7', 'children': []}, {'label': 'Ab6', 'children': [{'label': 'Eb7', 'children': [{'label': 'Bbm7', 'children': [{'label': 'Fm7', 'children': []}, {'label': 'Bbm7', 'children': []}]}, {'label': 'Eb7', 'children': []}]}, {'label': 'Ab6', 'children': [{'label': 'Ab^7', 'children': []}, {'label': 'Ab6', 'children': [{'label': 'Eb7', 'children': [{'label': 'Bbm7', 'children': [{'label': 'F7', 'children': []}, {'label': 'Bbm7', 'children': []}]}, {'label': 'Eb7', 'children': []}]}, {'label': 'Ab6', 'children': [{'label': 'Eb7', 'children': [{'label': 'Bb7', 'children': [{'label': 'Fm7', 'children': [{'label': 'C7', 'children': [{'label': 'Bbm7', 'children': [{'label': 'Fm7', 'children': [{'label': 'Cm7', 'children': []}, {'label': 'Fm7', 'children': []}]}, {'label': 'Bbm7', 'children': []}]}, {'label': 'C7', 'children': [{'label': 'G%7', 'children': []}, {'label': 'C7', 'children': []}]}]}, {'label': 'Fm7', 'children': []}]}, {'label': 'Bb7', 'children': []}]}, {'label': 'Eb7', 'children': [{'label': 'Bbm7', 'children': []}, {'label': 'Eb7', 'children': []}]}]}, {'label': 'Ab6', 'children': [{'label': 'Ab^7', 'children': []}, {'label': 'Ab6', 'children': [{'label': 'Eb7', 'children': [{'label': 'Bbm7', 'children': [{'label': 'Fm7', 'children': []}, {'label': 'Bbm7', 'children': []}]}, {'label': 'Eb7', 'children': []}]}, {'label': 'Ab6', 'children': [{'label': 'Ab^7', 'children': []}, {'label': 'Ab6', 'children': [{'label': 'Eb7', 'children': [{'label': 'Bbm7', 'children': [{'label': 'F7', 'children': []}, {'label': 'Bbm7', 'children': []}]}, {'label': 'Eb7', 'children': []}]}, {'label': 'Ab6', 'children': [{'label': 'Gb7', 'children': [{'label': 'Db^7', 'children': [{'label': 'Ab7', 'children': [{'label': 'Ebm7', 'children': []}, {'label': 'Ab7', 'children': []}]}, {'label': 'Db^7', 'children': []}]}, {'label': 'Gb7', 'children': []}]}, {'label': 'Ab6', 'children': [{'label': 'Ab^7', 'children': []}, {'label': 'Ab6', 'children': [{'label': 'Eb7', 'children': [{'label': 'Bbm7', 'children': []}, {'label': 'Eb7', 'children': []}]}, {'label': 'Ab6', 'children': []}]}]}]}]}]}]}]}]}]}]}]}]}}]",
Mr. P.C.,"[1, 2, 3, 4, 5, 6, 7, 8, 9, 10, 11, 12]","[1, 1, 1, 1, 1, 1, 1, 1, 1, 1, 1, 1]","['Cm7', 'Cm7', 'Cm7', 'Cm7', 'Fm7', 'Fm7', 'Cm7', 'Cm7', 'Ab7', 'G7', 'Cm7', 'Cm7']","Coltrane, John",1959,"{'numerator': 4, 'denominator': 4}",c,0.0,"[{'open_constituent_tree': {'label': 'Cm7', 'children': [{'label': 'Cm7', 'children': [{'label': 'Cm7', 'children': [{'label': 'Cm7', 'children': [{'label': 'Cm7', 'children': []}, {'label': 'Cm7', 'children': []}]}, {'label': 'Cm7', 'children': [{'label': 'Cm7', 'children': []}, {'label': 'Cm7', 'children': []}]}]}, {'label': 'Cm7', 'children': [{'label': 'Fm7', 'children': [{'label': 'Fm7', 'children': []}, {'label': 'Fm7', 'children': []}]}, {'label': 'Cm7', 'children': [{'label': 'Cm7', 'children': []}, {'label': 'Cm7', 'children': []}]}]}]}, {'label': 'Cm7', 'children': [{'label': 'G7', 'children': [{'label': 'Ab7', 'children': []}, {'label': 'G7', 'children': []}]}, {'label': 'Cm7', 'children': [{'label': 'Cm7', 'children': []}, {'label': 'Cm7', 'children': []}]}]}]}, 'complete_constituent_tree': {'label': 'Cm7', 'children': [{'label': 'Cm7', 'children': [{'label': 'Cm7', 'children': [{'label': 'Cm7', 'children': [{'label': 'Cm7', 'children': []}, {'label': 'Cm7', 'children': []}]}, {'label': 'Cm7', 'children': [{'label': 'Cm7', 'children': []}, {'label': 'Cm7', 'children': []}]}]}, {'label': 'Cm7', 'children': [{'label': 'Fm7', 'children': [{'label': 'Fm7', 'children': []}, {'label': 'Fm7', 'children': []}]}, {'label': 'Cm7', 'children': [{'label': 'Cm7', 'children': []}, {'label': 'Cm7', 'children': []}]}]}]}, {'label': 'Cm7', 'children': [{'label': 'G7', 'children': [{'label': 'Ab7', 'children': []}, {'label': 'G7', 'children': []}]}, {'label': 'Cm7', 'children': [{'label': 'Cm7', 'children': []}, {'label': 'Cm7', 'children': []}]}]}]}}]",
We Will Meet Again,"[1, 2, 3, 4, 5, 6, 7, 8, 9, 10, 11, 12, 13, 14, 15, 16]","[1, 1, 1, 1, 1, 1, 1, 1, 1, 1, 1, 1, 1, 1, 1, 1]","['Cm6', 'Cm6', 'Fm7', 'Fm7', 'D%7', 'G7', 'Cm6', 'Cm6', 'Ab^7', 'G7', 'Cm6', 'Cm6', 'A%7', 'D7', 'Gsus', 'G7', 'Cm6']","Evans, Bill",1977,"{'numerator': 3, 'denominator': 4}",c,-1.0,"[{'open_constituent_tree': {'label': 'Cm6', 'children': [{'label': 'Cm6', 'children': [{'label': 'Cm6', 'children': [{'label': 'Cm6', 'children': []}, {'label': 'Cm6', 'children': []}]}, {'label': 'Cm6', 'children': [{'label': 'G7', 'children': [{'label': 'Fm7', 'children': [{'label': 'Fm7', 'children': []}, {'label': 'Fm7', 'children': []}]}, {'label': 'G7', 'children': [{'label': 'D%7', 'children': []}, {'label': 'G7', 'children': []}]}]}, {'label': 'Cm6', 'children': [{'label': 'Cm6', 'children': []}, {'label': 'Cm6', 'children': []}]}]}]}, {'label': 'Cm6', 'children': [{'label': 'G7', 'children': [{'label': 'Cm6', 'children': [{'label': 'G7', 'children': [{'label': 'Ab^7', 'children': []}, {'label': 'G7', 'children': []}]}, {'label': 'Cm6', 'children': [{'label': 'Cm6', 'children': []}, {'label': 'Cm6', 'children': []}]}]}, {'label': 'G7', 'children': [{'label': 'D7', 'children': [{'label': 'A%7', 'children': []}, {'label': 'D7', 'children': []}]}, {'label': 'G7', 'children': [{'label': 'Gsus', 'children': []}, {'label': 'G7', 'children': []}]}]}]}, {'label': 'Cm6', 'children': []}]}]}, 'complete_constituent_tree': {'label': 'Cm6', 'children': [{'label': 'Cm6', 'children': [{'label': 'Cm6', 'children': [{'label': 'Cm6', 'children': []}, {'label': 'Cm6', 'children': []}]}, {'label': 'Cm6', 'children': [{'label': 'G7', 'children': [{'label': 'Fm7', 'children': [{'label': 'Fm7', 'children': []}, {'label': 'Fm7', 'children': []}]}, {'label': 'G7', 'children': [{'label': 'D%7', 'children': []}, {'label': 'G7', 'children': []}]}]}, {'label': 'Cm6', 'children': [{'label': 'Cm6', 'children': []}, {'label': 'Cm6', 'children': []}]}]}]}, {'label': 'Cm6', 'children': [{'label': 'G7', 'children': [{'label': 'Cm6', 'children': [{'label': 'G7', 'children': [{'label': 'Ab^7', 'children': []}, {'label': 'G7', 'children': []}]}, {'label': 'Cm6', 'children': [{'label': 'Cm6', 'children': []}, {'label': 'Cm6', 'children': []}]}]}, {'label': 'G7', 'children': [{'label': 'D7', 'children': [{'label': 'A%7', 'children': []}, {'label': 'D7', 'children': []}]}, {'label': 'G7', 'children': [{'label': 'Gsus', 'children': []}, {'label': 'G7', 'children': []}]}]}]}, {'label': 'Cm6', 'children': []}]}]}}]",
Half Nelson,"[1, 2, 3, 4, 5, 6, 7, 7, 8, 8, 9, 10, 11, 12, 13, 14, 15, 15, 16, 16]","[1, 1, 1, 1, 1, 1, 1, 3, 1, 3, 1, 1, 1, 1, 1, 1, 1, 3, 1, 3]","['C^7', 'C^7', 'Fm7', 'Bb7', 'C^7', 'C^7', 'Bm7', 'E7', 'Bbm7', 'Eb7', 'Ab^7', 'Ab^7', 'Am7', 'D7', 'Dm7', 'G7', 'C^7']","Davis, Miles",1948,"{'numerator': 4, 'denominator': 4}",C,3.0,"[{'open_constituent_tree': {'label': 'C^7', 'children': [{'label': 'C^7', 'children': [{'label': 'Bb7', 'children': [{'label': 'C^7', 'children': [{'label': 'C^7', 'children': []}, {'label': 'C^7', 'children': []}]}, {'label': 'Bb7', 'children': [{'label': 'Fm7', 'children': []}, {'label': 'Bb7', 'children': []}]}]}, {'label': 'C^7', 'children': [{'label': 'C^7', 'children': []}, {'label': 'C^7', 'children': []}]}]}, {'label': 'C^7', 'children': [{'label': 'G7', 'children': [{'label': 'Ab^7', 'children': [{'label': 'Eb7', 'children': [{'label': 'E7', 'children': [{'label': 'Bm7', 'children': []}, {'label': 'E7', 'children': []}]}, {'label': 'Eb7', 'children': [{'label': 'Bbm7', 'children': []}, {'label': 'Eb7', 'children': []}]}]}, {'label': 'Ab^7', 'children': [{'label': 'Ab^7', 'children': []}, {'label': 'Ab^7', 'children': []}]}]}, {'label': 'G7', 'children': [{'label': 'D7', 'children': [{'label': 'Am7', 'children': []}, {'label': 'D7', 'children': []}]}, {'label': 'G7', 'children': [{'label': 'Dm7', 'children': []}, {'label': 'G7', 'children': []}]}]}]}, {'label': 'C^7', 'children': []}]}]}, 'complete_constituent_tree': {'label': 'C^7', 'children': [{'label': 'C^7', 'children': [{'label': 'Bb7', 'children': [{'label': 'C^7', 'children': [{'label': 'C^7', 'children': []}, {'label': 'C^7', 'children': []}]}, {'label': 'Bb7', 'children': [{'label': 'Fm7', 'children': []}, {'label': 'Bb7', 'children': []}]}]}, {'label': 'C^7', 'children': [{'label': 'C^7', 'children': []}, {'label': 'C^7', 'children': []}]}]}, {'label': 'C^7', 'children': [{'label': 'G7', 'children': [{'label': 'Ab^7', 'children': [{'label': 'Eb7', 'children': [{'label': 'E7', 'children': [{'label': 'Bm7', 'children': []}, {'label': 'E7', 'children': []}]}, {'label': 'Eb7', 'children': [{'label': 'Bbm7', 'children': []}, {'label': 'Eb7', 'children': []}]}]}, {'label': 'Ab^7', 'children': [{'label': 'Ab^7', 'children': []}, {'label': 'Ab^7', 'children': []}]}]}, {'label': 'G7', 'children': [{'label': 'D7', 'children': [{'label': 'Am7', 'children': []}, {'label': 'D7', 'children': []}]}, {'label': 'G7', 'children': [{'label': 'Dm7', 'children': []}, {'label': 'G7', 'children': []}]}]}]}, {'label': 'C^7', 'children': []}]}]}}]",
Avalon,"[1, 2, 3, 4, 5, 6, 7, 8, 9, 10, 11, 12, 13, 14, 15, 16, 17, 18, 19, 20, 21, 22, 23, 24, 25, 26, 27, 28, 29, 30, 31, 32]","[1, 1, 1, 1, 1, 1, 1, 1, 1, 1, 1, 1, 1, 1, 1, 1, 1, 1, 1, 1, 1, 1, 1, 1, 1, 1, 1, 1, 1, 1, 1, 1]","['Cm7', 'Cm7', 'F7', 'F7', 'Bb6', 'Bb6', 'Bb6', 'G7', 'Cm7', 'Cm7', 'F7', 'F7', 'Bb6', 'Bb6', 'Bb6', 'Bb6', 'Dm7', 'Dm7', 'G7', 'G7', 'Cm7', 'Cm7', 'Ebm7', 'Ab7', 'Bb6', 'Bb6', 'G7', 'G7', 'Cm7', 'F7', 'Bb6', 'Bb6']","Jolson, Al & DeSylva, Buddy & Rose, Vincent",1920,"{'numerator': 4, 'denominator': 4}",B-,0.0,"[{'open_constituent_tree': {'label': 'Bb6', 'children': [{'label': 'Bb6', 'children': [{'label': 'Bb6', 'children': [{'label': 'F7', 'children': [{'label': 'Cm7', 'children': [{'label': 'Cm7', 'children': []}, {'label': 'Cm7', 'children': []}]}, {'label': 'F7', 'children': [{'label': 'F7', 'children': []}, {'label': 'F7', 'children': []}]}]}, {'label': 'Bb6', 'children': [{'label': 'Bb6', 'children': [{'label': 'Bb6', 'children': []}, {'label': 'Bb6', 'children': []}]}, {'label': 'Bb6', 'children': []}]}]}, {'label': 'Bb6', 'children': [{'label': 'F7', 'children': [{'label': 'Cm7', 'children': [{'label': 'G7', 'children': []}, {'label': 'Cm7', 'children': [{'label': 'Cm7', 'children': []}, {'label': 'Cm7', 'children': []}]}]}, {'label': 'F7', 'children': [{'label': 'F7', 'children': []}, {'label': 'F7', 'children': []}]}]}, {'label': 'Bb6', 'children': [{'label': 'Bb6', 'children': [{'label': 'Bb6', 'children': []}, {'label': 'Bb6', 'children': []}]}, {'label': 'Bb6', 'children': [{'label': 'Bb6', 'children': []}, {'label': 'Bb6', 'children': []}]}]}]}]}, {'label': 'Bb6', 'children': [{'label': 'Ab7', 'children': [{'label': 'Cm7', 'children': [{'label': 'G7', 'children': [{'label': 'Dm7', 'children': [{'label': 'Dm7', 'children': []}, {'label': 'Dm7', 'children': []}]}, {'label': 'G7', 'children': [{'label': 'G7', 'children': []}, {'label': 'G7', 'children': []}]}]}, {'label': 'Cm7', 'children': [{'label': 'Cm7', 'children': []}, {'label': 'Cm7', 'children': []}]}]}, {'label': 'Ab7', 'children': [{'label': 'Ebm7', 'children': []}, {'label': 'Ab7', 'children': []}]}]}, {'label': 'Bb6', 'children': [{'label': 'Bb6', 'children': [{'label': 'Bb6', 'children': []}, {'label': 'Bb6', 'children': []}]}, {'label': 'Bb6', 'children': [{'label': 'F7', 'children': [{'label': 'Cm7', 'children': [{'label': 'G7', 'children': [{'label': 'G7', 'children': []}, {'label': 'G7', 'children': []}]}, {'label': 'Cm7', 'children': []}]}, {'label': 'F7', 'children': []}]}, {'label': 'Bb6', 'children': [{'label': 'Bb6', 'children': []}, {'label': 'Bb6', 'children': []}]}]}]}]}]}, 'complete_constituent_tree': {'label': 'Bb6', 'children': [{'label': 'Bb6', 'children': [{'label': 'Bb6', 'children': [{'label': 'F7', 'children': [{'label': 'Cm7', 'children': [{'label': 'Cm7', 'children': []}, {'label': 'Cm7', 'children': []}]}, {'label': 'F7', 'children': [{'label': 'F7', 'children': []}, {'label': 'F7', 'children': []}]}]}, {'label': 'Bb6', 'children': [{'label': 'Bb6', 'children': [{'label': 'Bb6', 'children': []}, {'label': 'Bb6', 'children': []}]}, {'label': 'Bb6', 'children': []}]}]}, {'label': 'Bb6', 'children': [{'label': 'F7', 'children': [{'label': 'Cm7', 'children': [{'label': 'G7', 'children': []}, {'label': 'Cm7', 'children': [{'label': 'Cm7', 'children': []}, {'label': 'Cm7', 'children': []}]}]}, {'label': 'F7', 'children': [{'label': 'F7', 'children': []}, {'label': 'F7', 'children': []}]}]}, {'label': 'Bb6', 'children': [{'label': 'Bb6', 'children': [{'label': 'Bb6', 'children': []}, {'label': 'Bb6', 'children': []}]}, {'label': 'Bb6', 'children': [{'label': 'Bb6', 'children': []}, {'label': 'Bb6', 'children': []}]}]}]}]}, {'label': 'Bb6', 'children': [{'label': 'Ab7', 'children': [{'label': 'Cm7', 'children': [{'label': 'G7', 'children': [{'label': 'Dm7', 'children': [{'label': 'Dm7', 'children': []}, {'label': 'Dm7', 'children': []}]}, {'label': 'G7', 'children': [{'label': 'G7', 'children': []}, {'label': 'G7', 'children': []}]}]}, {'label': 'Cm7', 'children': [{'label': 'Cm7', 'children': []}, {'label': 'Cm7', 'children': []}]}]}, {'label': 'Ab7', 'children': [{'label': 'Ebm7', 'children': []}, {'label': 'Ab7', 'children': []}]}]}, {'label': 'Bb6', 'children': [{'label': 'Bb6', 'children': [{'label': 'Bb6', 'children': []}, {'label': 'Bb6', 'children': []}]}, {'label': 'Bb6', 'children': [{'label': 'F7', 'children': [{'label': 'Cm7', 'children': [{'label': 'G7', 'children': [{'label': 'G7', 'children': []}, {'label': 'G7', 'children': []}]}, {'label': 'Cm7', 'children': []}]}, {'label': 'F7', 'children': []}]}, {'label': 'Bb6', 'children': [{'label': 'Bb6', 'children': []}, {'label': 'Bb6', 'children': []}]}]}]}]}]}}]",
Jersey Bounce,"[1, 2, 3, 4, 5, 6, 7, 7, 8, 8, 9, 10, 11, 12, 13, 14, 15, 15, 16, 17, 18, 19, 20, 21, 22, 23, 24, 25, 26, 27, 28, 29, 30, 31, 31, 32]","[1, 1, 1, 1, 1, 1, 1, 3, 1, 3, 1, 1, 1, 1, 1, 1, 1, 3, 1, 1, 1, 1, 1, 1, 1, 1, 1, 1, 1, 1, 1, 1, 1, 1, 3, 1]","['F6', 'F6', 'G7', 'G7', 'Gm7', 'C7', 'F6', 'Abo7', 'Gm7', 'C7', 'F6', 'F6', 'G7', 'G7', 'Gm7', 'C7', 'F6', 'Db7', 'F6', 'F7', 'F7', 'Eb7', 'Eb7', 'Db7', 'Db7', 'C7', 'C7', 'F6', 'F6', 'G7', 'G7', 'Gm7', 'C7', 'F6', 'Db7', 'F6']","Johnson, Eddie & Bradshaw, Tiny & Plater, Bobby",1941,"{'numerator': 4, 'denominator': 4}",F,0.0,"[{'open_constituent_tree': {'label': 'F6', 'children': [{'label': 'F6', 'children': [{'label': 'C7*', 'children': [{'label': 'F6', 'children': [{'label': 'F6', 'children': [{'label': 'F6', 'children': []}, {'label': 'F6', 'children': []}]}, {'label': 'F6', 'children': [{'label': 'C7', 'children': [{'label': 'G7', 'children': [{'label': 'G7', 'children': []}, {'label': 'G7', 'children': []}]}, {'label': 'C7', 'children': [{'label': 'Gm7', 'children': []}, {'label': 'C7', 'children': []}]}]}, {'label': 'F6', 'children': []}]}]}, {'label': 'C7', 'children': [{'label': 'Abo7', 'children': []}, {'label': 'C7', 'children': [{'label': 'Gm7', 'children': []}, {'label': 'C7', 'children': []}]}]}]}, {'label': 'F6', 'children': [{'label': 'F6', 'children': [{'label': 'F6', 'children': []}, {'label': 'F6', 'children': []}]}, {'label': 'F6', 'children': [{'label': 'C7', 'children': [{'label': 'G7', 'children': [{'label': 'G7', 'children': []}, {'label': 'G7', 'children': []}]}, {'label': 'C7', 'children': [{'label': 'Gm7', 'children': []}, {'label': 'C7', 'children': []}]}]}, {'label': 'F6', 'children': [{'label': 'F6', 'children': []}, {'label': 'F6', 'children': [{'label': 'Db7', 'children': []}, {'label': 'F6', 'children': []}]}]}]}]}]}, {'label': 'F6', 'children': [{'label': 'C7', 'children': [{'label': 'Db7', 'children': [{'label': 'Eb7', 'children': [{'label': 'F7', 'children': [{'label': 'F7', 'children': []}, {'label': 'F7', 'children': []}]}, {'label': 'Eb7', 'children': [{'label': 'Eb7', 'children': []}, {'label': 'Eb7', 'children': []}]}]}, {'label': 'Db7', 'children': [{'label': 'Db7', 'children': []}, {'label': 'Db7', 'children': []}]}]}, {'label': 'C7', 'children': [{'label': 'C7', 'children': []}, {'label': 'C7', 'children': []}]}]}, {'label': 'F6', 'children': [{'label': 'F6', 'children': [{'label': 'F6', 'children': []}, {'label': 'F6', 'children': []}]}, {'label': 'F6', 'children': [{'label': 'C7', 'children': [{'label': 'G7', 'children': [{'label': 'G7', 'children': []}, {'label': 'G7', 'children': []}]}, {'label': 'C7', 'children': [{'label': 'Gm7', 'children': []}, {'label': 'C7', 'children': []}]}]}, {'label': 'F6', 'children': [{'label': 'F6', 'children': []}, {'label': 'F6', 'children': [{'label': 'Db7', 'children': []}, {'label': 'F6', 'children': []}]}]}]}]}]}]}, 'complete_constituent_tree': {'label': 'F6', 'children': [{'label': 'F6', 'children': [{'label': 'F6', 'children': [{'label': 'F6', 'children': [{'label': 'F6', 'children': []}, {'label': 'F6', 'children': []}]}, {'label': 'F6', 'children': [{'label': 'C7', 'children': [{'label': 'G7', 'children': [{'label': 'G7', 'children': []}, {'label': 'G7', 'children': []}]}, {'label': 'C7', 'children': [{'label': 'Gm7', 'children': []}, {'label': 'C7', 'children': []}]}]}, {'label': 'F6', 'children': []}]}]}, {'label': 'F6', 'children': [{'label': 'C7', 'children': [{'label': 'Abo7', 'children': []}, {'label': 'C7', 'children': [{'label': 'Gm7', 'children': []}, {'label': 'C7', 'children': []}]}]}, {'label': 'F6', 'children': [{'label': 'F6', 'children': [{'label': 'F6', 'children': []}, {'label': 'F6', 'children': []}]}, {'label': 'F6', 'children': [{'label': 'C7', 'children': [{'label': 'G7', 'children': [{'label': 'G7', 'children': []}, {'label': 'G7', 'children': []}]}, {'label': 'C7', 'children': [{'label': 'Gm7', 'children': []}, {'label': 'C7', 'children': []}]}]}, {'label': 'F6', 'children': [{'label': 'F6', 'children': []}, {'label': 'F6', 'children': [{'label': 'Db7', 'children': []}, {'label': 'F6', 'children': []}]}]}]}]}]}]}, {'label': 'F6', 'children': [{'label': 'C7', 'children': [{'label': 'Db7', 'children': [{'label': 'Eb7', 'children': [{'label': 'F7', 'children': [{'label': 'F7', 'children': []}, {'label': 'F7', 'children': []}]}, {'label': 'Eb7', 'children': [{'label': 'Eb7', 'children': []}, {'label': 'Eb7', 'children': []}]}]}, {'label': 'Db7', 'children': [{'label': 'Db7', 'children': []}, {'label': 'Db7', 'children': []}]}]}, {'label': 'C7', 'children': [{'label': 'C7', 'children': []}, {'label': 'C7', 'children': []}]}]}, {'label': 'F6', 'children': [{'label': 'F6', 'children': [{'label': 'F6', 'children': []}, {'label': 'F6', 'children': []}]}, {'label': 'F6', 'children': [{'label': 'C7', 'children': [{'label': 'G7', 'children': [{'label': 'G7', 'children': []}, {'label': 'G7', 'children': []}]}, {'label': 'C7', 'children': [{'label': 'Gm7', 'children': []}, {'label': 'C7', 'children': []}]}]}, {'label': 'F6', 'children': [{'label': 'F6', 'children': []}, {'label': 'F6', 'children': [{'label': 'Db7', 'children': []}, {'label': 'F6', 'children': []}]}]}]}]}]}]}}]",
Solar,"[1, 2, 3, 4, 5, 6, 7, 8, 9, 10, 10, 11, 12, 12]","[1, 1, 1, 1, 1, 1, 1, 1, 1, 1, 3, 1, 1, 3]","['Cm^7', 'Cm^7', 'Gm7', 'C7', 'F^7', 'F^7', 'Fm7', 'Bb7', 'Eb^7', 'Ebm7', 'Ab7', 'Db^7', 'D%7', 'G7', 'Cm^7']","Davis, Miles",1954,"{'numerator': 4, 'denominator': 4}",c,0.0,"[{'open_constituent_tree': {'label': 'Cm^7', 'children': [{'label': 'G7*', 'children': [{'label': 'Cm^7', 'children': [{'label': 'Cm^7', 'children': []}, {'label': 'Cm^7', 'children': []}]}, {'label': 'G7*', 'children': [{'label': 'Db^7', 'children': [{'label': 'Ab7', 'children': [{'label': 'Eb^7', 'children': [{'label': 'Bb7', 'children': [{'label': 'F^7', 'children': [{'label': 'C7', 'children': [{'label': 'Gm7', 'children': []}, {'label': 'C7', 'children': []}]}, {'label': 'F^7', 'children': [{'label': 'F^7', 'children': []}, {'label': 'F^7', 'children': []}]}]}, {'label': 'Bb7', 'children': [{'label': 'Fm7', 'children': []}, {'label': 'Bb7', 'children': []}]}]}, {'label': 'Eb^7', 'children': []}]}, {'label': 'Ab7', 'children': [{'label': 'Ebm7', 'children': []}, {'label': 'Ab7', 'children': []}]}]}, {'label': 'Db^7', 'children': []}]}, {'label': 'G7', 'children': [{'label': 'D%7', 'children': []}, {'label': 'G7', 'children': []}]}]}]}, {'label': 'Cm^7', 'children': []}]}, 'complete_constituent_tree': {'label': 'Cm^7', 'children': [{'label': 'Cm^7', 'children': [{'label': 'Cm^7', 'children': []}, {'label': 'Cm^7', 'children': []}]}, {'label': 'Cm^7', 'children': [{'label': 'Db^7', 'children': [{'label': 'Ab7', 'children': [{'label': 'Eb^7', 'children': [{'label': 'Bb7', 'children': [{'label': 'F^7', 'children': [{'label': 'C7', 'children': [{'label': 'Gm7', 'children': []}, {'label': 'C7', 'children': []}]}, {'label': 'F^7', 'children': [{'label': 'F^7', 'children': []}, {'label': 'F^7', 'children': []}]}]}, {'label': 'Bb7', 'children': [{'label': 'Fm7', 'children': []}, {'label': 'Bb7', 'children': []}]}]}, {'label': 'Eb^7', 'children': []}]}, {'label': 'Ab7', 'children': [{'label': 'Ebm7', 'children': []}, {'label': 'Ab7', 'children': []}]}]}, {'label': 'Db^7', 'children': []}]}, {'label': 'Cm^7', 'children': [{'label': 'G7', 'children': [{'label': 'D%7', 'children': []}, {'label': 'G7', 'children': []}]}, {'label': 'Cm^7', 'children': []}]}]}]}}, {'open_constituent_tree': {'label': 'Cm^7', 'children': [{'label': 'Cm^7', 'children': [{'label': 'Cm^7', 'children': []}, {'label': 'Cm^7', 'children': []}]}, {'label': 'Cm^7', 'children': [{'label': 'Db^7', 'children': [{'label': 'F^7', 'children': [{'label': 'C7', 'children': [{'label': 'Gm7', 'children': []}, {'label': 'C7', 'children': []}]}, {'label': 'F^7', 'children': [{'label': 'F^7', 'children': []}, {'label': 'F^7', 'children': []}]}]}, {'label': 'Db^7', 'children': [{'label': 'Ab7', 'children': [{'label': 'Eb^7', 'children': [{'label': 'Bb7', 'children': [{'label': 'Fm7', 'children': []}, {'label': 'Bb7', 'children': []}]}, {'label': 'Eb^7', 'children': []}]}, {'label': 'Ab7', 'children': [{'label': 'Ebm7', 'children': []}, {'label': 'Ab7', 'children': []}]}]}, {'label': 'Db^7', 'children': []}]}]}, {'label': 'Cm^7', 'children': [{'label': 'G7', 'children': [{'label': 'D%7', 'children': []}, {'label': 'G7', 'children': []}]}, {'label': 'Cm^7', 'children': []}]}]}]}, 'complete_constituent_tree': {'label': 'Cm^7', 'children': [{'label': 'Cm^7', 'children': [{'label': 'Cm^7', 'children': []}, {'label': 'Cm^7', 'children': []}]}, {'label': 'Cm^7', 'children': [{'label': 'Db^7', 'children': [{'label': 'F^7', 'children': [{'label': 'C7', 'children': [{'label': 'Gm7', 'children': []}, {'label': 'C7', 'children': []}]}, {'label': 'F^7', 'children': [{'label': 'F^7', 'children': []}, {'label': 'F^7', 'children': []}]}]}, {'label': 'Db^7', 'children': [{'label': 'Ab7', 'children': [{'label': 'Eb^7', 'children': [{'label': 'Bb7', 'children': [{'label': 'Fm7', 'children': []}, {'label': 'Bb7', 'children': []}]}, {'label': 'Eb^7', 'children': []}]}, {'label': 'Ab7', 'children': [{'label': 'Ebm7', 'children': []}, {'label': 'Ab7', 'children': []}]}]}, {'label': 'Db^7', 'children': []}]}]}, {'label': 'Cm^7', 'children': [{'label': 'G7', 'children': [{'label': 'D%7', 'children': []}, {'label': 'G7', 'children': []}]}, {'label': 'Cm^7', 'children': []}]}]}]}}]",The F major chord in measure 5 could also be analyzed as a preparation of the Db^7 chord (subdominant -> tonic).
Dearly Beloved,"[1, 2, 3, 4, 5, 6, 7, 8, 9, 10, 11, 12, 13, 14, 15, 15, 16, 16, 17, 18, 19, 20, 21, 22, 23, 24, 25, 26, 27, 28, 29, 30, 31, 32, 32]","[1, 1, 1, 1, 1, 1, 1, 1, 1, 1, 1, 1, 1, 1, 1, 3, 1, 3, 1, 1, 1, 1, 1, 1, 1, 1, 1, 1, 1, 1, 1, 1, 1, 1, 3]","['Dm7', 'G7', 'Dm7', 'G7', 'Dm7', 'G7', 'Dm7', 'G7', 'C6', 'C6', 'Dm7', 'G7', 'C^7', 'C^7', 'Ebm7', 'Ab7', 'Ebm7', 'Ab7', 'Dm7', 'G7', 'Dm7', 'G7', 'Dm7', 'G7', 'Dm7', 'G7', 'C6', 'C6', 'D7', 'D7', 'Dm7', 'G7', 'C6']","Kern, Jerome",1942,"{'numerator': 4, 'denominator': 4}",C,2.0,"[{'open_constituent_tree': {'label': 'C6', 'children': [{'label': 'G7', 'children': [{'label': 'G7', 'children': [{'label': 'G7', 'children': [{'label': 'G7', 'children': [{'label': 'Dm7', 'children': []}, {'label': 'G7', 'children': []}]}, {'label': 'G7', 'children': [{'label': 'Dm7', 'children': []}, {'label': 'G7', 'children': []}]}]}, {'label': 'G7', 'children': [{'label': 'G7', 'children': [{'label': 'Dm7', 'children': []}, {'label': 'G7', 'children': []}]}, {'label': 'G7', 'children': [{'label': 'Dm7', 'children': []}, {'label': 'G7', 'children': []}]}]}]}, {'label': 'G7', 'children': [{'label': 'Ab7', 'children': [{'label': 'C^7', 'children': [{'label': 'C6', 'children': [{'label': 'C6', 'children': []}, {'label': 'C6', 'children': []}]}, {'label': 'C^7', 'children': [{'label': 'G7', 'children': [{'label': 'Dm7', 'children': []}, {'label': 'G7', 'children': []}]}, {'label': 'C^7', 'children': [{'label': 'C^7', 'children': []}, {'label': 'C^7', 'children': []}]}]}]}, {'label': 'Ab7', 'children': [{'label': 'Ab7', 'children': [{'label': 'Ebm7', 'children': []}, {'label': 'Ab7', 'children': []}]}, {'label': 'Ab7', 'children': [{'label': 'Ebm7', 'children': []}, {'label': 'Ab7', 'children': []}]}]}]}, {'label': 'G7', 'children': [{'label': 'G7', 'children': [{'label': 'G7', 'children': [{'label': 'Dm7', 'children': []}, {'label': 'G7', 'children': []}]}, {'label': 'G7', 'children': [{'label': 'Dm7', 'children': []}, {'label': 'G7', 'children': []}]}]}, {'label': 'G7', 'children': [{'label': 'G7', 'children': [{'label': 'Dm7', 'children': []}, {'label': 'G7', 'children': []}]}, {'label': 'G7', 'children': [{'label': 'Dm7', 'children': []}, {'label': 'G7', 'children': []}]}]}]}]}]}, {'label': 'C6', 'children': [{'label': 'C6', 'children': [{'label': 'C6', 'children': []}, {'label': 'C6', 'children': []}]}, {'label': 'C6', 'children': [{'label': 'G7', 'children': [{'label': 'D7', 'children': [{'label': 'D7', 'children': []}, {'label': 'D7', 'children': []}]}, {'label': 'G7', 'children': [{'label': 'Dm7', 'children': []}, {'label': 'G7', 'children': []}]}]}, {'label': 'C6', 'children': []}]}]}]}, 'complete_constituent_tree': {'label': 'C6', 'children': [{'label': 'G7', 'children': [{'label': 'G7', 'children': [{'label': 'G7', 'children': [{'label': 'G7', 'children': [{'label': 'Dm7', 'children': []}, {'label': 'G7', 'children': []}]}, {'label': 'G7', 'children': [{'label': 'Dm7', 'children': []}, {'label': 'G7', 'children': []}]}]}, {'label': 'G7', 'children': [{'label': 'G7', 'children': [{'label': 'Dm7', 'children': []}, {'label': 'G7', 'children': []}]}, {'label': 'G7', 'children': [{'label': 'Dm7', 'children': []}, {'label': 'G7', 'children': []}]}]}]}, {'label': 'G7', 'children': [{'label': 'Ab7', 'children': [{'label': 'C^7', 'children': [{'label': 'C6', 'children': [{'label': 'C6', 'children': []}, {'label': 'C6', 'children': []}]}, {'label': 'C^7', 'children': [{'label': 'G7', 'children': [{'label': 'Dm7', 'children': []}, {'label': 'G7', 'children': []}]}, {'label': 'C^7', 'children': [{'label': 'C^7', 'children': []}, {'label': 'C^7', 'children': []}]}]}]}, {'label': 'Ab7', 'children': [{'label': 'Ab7', 'children': [{'label': 'Ebm7', 'children': []}, {'label': 'Ab7', 'children': []}]}, {'label': 'Ab7', 'children': [{'label': 'Ebm7', 'children': []}, {'label': 'Ab7', 'children': []}]}]}]}, {'label': 'G7', 'children': [{'label': 'G7', 'children': [{'label': 'G7', 'children': [{'label': 'Dm7', 'children': []}, {'label': 'G7', 'children': []}]}, {'label': 'G7', 'children': [{'label': 'Dm7', 'children': []}, {'label': 'G7', 'children': []}]}]}, {'label': 'G7', 'children': [{'label': 'G7', 'children': [{'label': 'Dm7', 'children': []}, {'label': 'G7', 'children': []}]}, {'label': 'G7', 'children': [{'label': 'Dm7', 'children': []}, {'label': 'G7', 'children': []}]}]}]}]}]}, {'label': 'C6', 'children': [{'label': 'C6', 'children': [{'label': 'C6', 'children': []}, {'label': 'C6', 'children': []}]}, {'label': 'C6', 'children': [{'label': 'G7', 'children': [{'label': 'D7', 'children': [{'label': 'D7', 'children': []}, {'label': 'D7', 'children': []}]}, {'label': 'G7', 'children': [{'label': 'Dm7', 'children': []}, {'label': 'G7', 'children': []}]}]}, {'label': 'C6', 'children': []}]}]}]}}]",
I Fall In Love Too Easily,"[1, 1, 2, 2, 3, 3, 4, 4, 5, 5, 6, 6, 7, 7, 8, 8, 9, 9, 10, 11, 11, 12, 12, 13, 13, 13, 14, 14, 15, 15, 16, 16]","[1, 3, 1, 3, 1, 3, 1, 3, 1, 3, 1, 3, 1, 3, 1, 3, 1, 3, 1, 1, 3, 1, 3, 1, 3, 4, 1, 3, 1, 3, 1, 3]","['Fm7', 'Bb7', 'Eb^7', 'Ab^7', 'D%7', 'G7', 'Cm', 'A7', 'D%7', 'G7', 'Cm7', 'Cm7', 'A%7', 'D7', 'D%7', 'G7', 'A%7', 'D7', 'G7', 'G%7', 'C7', 'Fm7', 'C7', 'Fm7', 'Abm7', 'Db7', 'G7', 'C7', 'Fm7', 'Bb7', 'Eb6']","Styne, Jule",1944,"{'numerator': 4, 'denominator': 4}",E-,1.0,"[{'open_constituent_tree': {'label': 'Eb6', 'children': [{'label': 'G7*', 'children': [{'label': 'Cm', 'children': [{'label': 'Eb^7', 'children': [{'label': 'Bb7', 'children': [{'label': 'Fm7', 'children': []}, {'label': 'Bb7', 'children': []}]}, {'label': 'Eb^7', 'children': []}]}, {'label': 'Cm', 'children': [{'label': 'G7', 'children': [{'label': 'Ab^7', 'children': []}, {'label': 'G7', 'children': [{'label': 'D%7', 'children': []}, {'label': 'G7', 'children': []}]}]}, {'label': 'Cm', 'children': []}]}]}, {'label': 'G7*', 'children': [{'label': 'Cm7', 'children': [{'label': 'G7', 'children': [{'label': 'D%7', 'children': [{'label': 'A7', 'children': []}, {'label': 'D%7', 'children': []}]}, {'label': 'G7', 'children': []}]}, {'label': 'Cm7', 'children': [{'label': 'Cm7', 'children': []}, {'label': 'Cm7', 'children': []}]}]}, {'label': 'G7', 'children': [{'label': 'D7', 'children': [{'label': 'A%7', 'children': []}, {'label': 'D7', 'children': []}]}, {'label': 'G7', 'children': [{'label': 'D%7', 'children': []}, {'label': 'G7', 'children': []}]}]}]}]}, {'label': 'Eb6', 'children': [{'label': 'Bb7', 'children': [{'label': 'Fm7', 'children': [{'label': 'Fm7', 'children': [{'label': 'C7', 'children': [{'label': 'G7', 'children': [{'label': 'D7', 'children': [{'label': 'A%7', 'children': []}, {'label': 'D7', 'children': []}]}, {'label': 'G7', 'children': []}]}, {'label': 'C7', 'children': [{'label': 'G%7', 'children': []}, {'label': 'C7', 'children': []}]}]}, {'label': 'Fm7', 'children': []}]}, {'label': 'Fm7', 'children': [{'label': 'C7', 'children': []}, {'label': 'Fm7', 'children': []}]}]}, {'label': 'Bb7', 'children': [{'label': 'Fm7', 'children': [{'label': 'C7', 'children': [{'label': 'Db7', 'children': [{'label': 'Abm7', 'children': []}, {'label': 'Db7', 'children': []}]}, {'label': 'C7', 'children': [{'label': 'G7', 'children': []}, {'label': 'C7', 'children': []}]}]}, {'label': 'Fm7', 'children': []}]}, {'label': 'Bb7', 'children': []}]}]}, {'label': 'Eb6', 'children': []}]}]}, 'complete_constituent_tree': {'label': 'Eb6', 'children': [{'label': 'Cm', 'children': [{'label': 'Eb^7', 'children': [{'label': 'Bb7', 'children': [{'label': 'Fm7', 'children': []}, {'label': 'Bb7', 'children': []}]}, {'label': 'Eb^7', 'children': []}]}, {'label': 'Cm', 'children': [{'label': 'G7', 'children': [{'label': 'Ab^7', 'children': []}, {'label': 'G7', 'children': [{'label': 'D%7', 'children': []}, {'label': 'G7', 'children': []}]}]}, {'label': 'Cm', 'children': []}]}]}, {'label': 'Eb6', 'children': [{'label': 'Cm7', 'children': [{'label': 'G7', 'children': [{'label': 'D%7', 'children': [{'label': 'A7', 'children': []}, {'label': 'D%7', 'children': []}]}, {'label': 'G7', 'children': []}]}, {'label': 'Cm7', 'children': [{'label': 'Cm7', 'children': []}, {'label': 'Cm7', 'children': []}]}]}, {'label': 'Eb6', 'children': [{'label': 'G7', 'children': [{'label': 'D7', 'children': [{'label': 'A%7', 'children': []}, {'label': 'D7', 'children': []}]}, {'label': 'G7', 'children': [{'label': 'D%7', 'children': []}, {'label': 'G7', 'children': []}]}]}, {'label': 'Eb6', 'children': [{'label': 'Bb7', 'children': [{'label': 'Fm7', 'children': [{'label': 'Fm7', 'children': [{'label': 'C7', 'children': [{'label': 'G7', 'children': [{'label': 'D7', 'children': [{'label': 'A%7', 'children': []}, {'label': 'D7', 'children': []}]}, {'label': 'G7', 'children': []}]}, {'label': 'C7', 'children': [{'label': 'G%7', 'children': []}, {'label': 'C7', 'children': []}]}]}, {'label': 'Fm7', 'children': []}]}, {'label': 'Fm7', 'children': [{'label': 'C7', 'children': []}, {'label': 'Fm7', 'children': []}]}]}, {'label': 'Bb7', 'children': [{'label': 'Fm7', 'children': [{'label': 'C7', 'children': [{'label': 'Db7', 'children': [{'label': 'Abm7', 'children': []}, {'label': 'Db7', 'children': []}]}, {'label': 'C7', 'children': [{'label': 'G7', 'children': []}, {'label': 'C7', 'children': []}]}]}, {'label': 'Fm7', 'children': []}]}, {'label': 'Bb7', 'children': []}]}]}, {'label': 'Eb6', 'children': []}]}]}]}]}}]",
"Jody Grind, The","[1, 2, 3, 4, 5, 6, 7, 8, 9, 10, 11, 12]","[1, 1, 1, 1, 1, 1, 1, 1, 1, 1, 1, 1]","['Bbm7', 'Bbm7', 'Bbm7', 'Bbm7', 'Eb7', 'Eb7', 'Bbm7', 'Bbm7', 'A7', 'B7', 'Bbm7', 'Bbm7']","Silver, Horace",1966,"{'numerator': 4, 'denominator': 4}",b-,,"[{'open_constituent_tree': {'label': 'Bbm7', 'children': [{'label': 'Bbm7', 'children': [{'label': 'Bbm7', 'children': [{'label': 'Bbm7', 'children': [{'label': 'Bbm7', 'children': []}, {'label': 'Bbm7', 'children': []}]}, {'label': 'Bbm7', 'children': [{'label': 'Bbm7', 'children': []}, {'label': 'Bbm7', 'children': []}]}]}, {'label': 'Bbm7', 'children': [{'label': 'Eb7', 'children': [{'label': 'Eb7', 'children': []}, {'label': 'Eb7', 'children': []}]}, {'label': 'Bbm7', 'children': [{'label': 'Bbm7', 'children': []}, {'label': 'Bbm7', 'children': []}]}]}]}, {'label': 'Bbm7', 'children': [{'label': 'B7', 'children': [{'label': 'A7', 'children': []}, {'label': 'B7', 'children': []}]}, {'label': 'Bbm7', 'children': [{'label': 'Bbm7', 'children': []}, {'label': 'Bbm7', 'children': []}]}]}]}, 'complete_constituent_tree': {'label': 'Bbm7', 'children': [{'label': 'Bbm7', 'children': [{'label': 'Bbm7', 'children': [{'label': 'Bbm7', 'children': [{'label': 'Bbm7', 'children': []}, {'label': 'Bbm7', 'children': []}]}, {'label': 'Bbm7', 'children': [{'label': 'Bbm7', 'children': []}, {'label': 'Bbm7', 'children': []}]}]}, {'label': 'Bbm7', 'children': [{'label': 'Eb7', 'children': [{'label': 'Eb7', 'children': []}, {'label': 'Eb7', 'children': []}]}, {'label': 'Bbm7', 'children': [{'label': 'Bbm7', 'children': []}, {'label': 'Bbm7', 'children': []}]}]}]}, {'label': 'Bbm7', 'children': [{'label': 'B7', 'children': [{'label': 'A7', 'children': []}, {'label': 'B7', 'children': []}]}, {'label': 'Bbm7', 'children': [{'label': 'Bbm7', 'children': []}, {'label': 'Bbm7', 'children': []}]}]}]}}]",
Girl Talk,"[1, 1, 2, 2, 3, 3, 4, 4, 4, 4, 5, 5, 6, 6, 7, 7, 8, 8, 8, 8, 9, 10, 10, 11, 11, 12, 12]","[1, 3, 1, 3, 1, 3, 1, 2, 3, 4, 1, 3, 1, 3, 1, 3, 1, 2, 3, 4, 1, 1, 3, 1, 3, 1, 3]","['F^7', 'B7', 'Bb^7', 'Eb7', 'Am7', 'D7', 'Gm7', 'Am7', 'Bb6', 'C7', 'Fm7', 'Bbm7', 'G7', 'C7', 'Am7', 'D7', 'Am7', 'Bbm7', 'Cm7', 'D7', 'G7', 'C7', 'Bbm7', 'Am7', 'Dm7', 'Gm7', 'C7', 'F^7']","Hefti, Neal",1965,"{'numerator': 4, 'denominator': 4}",F,-1.0,"[{'open_constituent_tree': {'label': 'F^7', 'children': [{'label': 'C7*', 'children': [{'label': 'C7*', 'children': [{'label': 'F^7', 'children': []}, {'label': 'C7', 'children': [{'label': 'Gm7', 'children': [{'label': 'D7', 'children': [{'label': 'Eb7', 'children': [{'label': 'Bb^7', 'children': [{'label': 'B7', 'children': []}, {'label': 'Bb^7', 'children': []}]}, {'label': 'Eb7', 'children': []}]}, {'label': 'D7', 'children': [{'label': 'Am7', 'children': []}, {'label': 'D7', 'children': []}]}]}, {'label': 'Gm7', 'children': []}]}, {'label': 'C7', 'children': [{'label': 'Am7', 'children': []}, {'label': 'C7', 'children': [{'label': 'Bb6', 'children': []}, {'label': 'C7', 'children': []}]}]}]}]}, {'label': 'C7', 'children': [{'label': 'C7', 'children': [{'label': 'G7', 'children': [{'label': 'D7', 'children': [{'label': 'C7', 'children': [{'label': 'Bbm7', 'children': [{'label': 'Fm7', 'children': []}, {'label': 'Bbm7', 'children': []}]}, {'label': 'C7', 'children': [{'label': 'G7', 'children': []}, {'label': 'C7', 'children': []}]}]}, {'label': 'D7', 'children': [{'label': 'D7', 'children': [{'label': 'Am7', 'children': []}, {'label': 'D7', 'children': []}]}, {'label': 'D7', 'children': [{'label': 'Am7', 'children': []}, {'label': 'D7', 'children': [{'label': 'Cm7', 'children': [{'label': 'Bbm7', 'children': []}, {'label': 'Cm7', 'children': []}]}, {'label': 'D7', 'children': []}]}]}]}]}, {'label': 'G7', 'children': []}]}, {'label': 'C7', 'children': []}]}, {'label': 'C7', 'children': [{'label': 'Gm7', 'children': [{'label': 'Dm7', 'children': [{'label': 'Am7', 'children': [{'label': 'Bbm7', 'children': []}, {'label': 'Am7', 'children': []}]}, {'label': 'Dm7', 'children': []}]}, {'label': 'Gm7', 'children': []}]}, {'label': 'C7', 'children': []}]}]}]}, {'label': 'F^7', 'children': []}]}, 'complete_constituent_tree': {'label': 'F^7', 'children': [{'label': 'F^7', 'children': []}, {'label': 'F^7', 'children': [{'label': 'C7', 'children': [{'label': 'Gm7', 'children': [{'label': 'D7', 'children': [{'label': 'Eb7', 'children': [{'label': 'Bb^7', 'children': [{'label': 'B7', 'children': []}, {'label': 'Bb^7', 'children': []}]}, {'label': 'Eb7', 'children': []}]}, {'label': 'D7', 'children': [{'label': 'Am7', 'children': []}, {'label': 'D7', 'children': []}]}]}, {'label': 'Gm7', 'children': []}]}, {'label': 'C7', 'children': [{'label': 'Am7', 'children': []}, {'label': 'C7', 'children': [{'label': 'Bb6', 'children': []}, {'label': 'C7', 'children': []}]}]}]}, {'label': 'F^7', 'children': [{'label': 'C7', 'children': [{'label': 'C7', 'children': [{'label': 'G7', 'children': [{'label': 'D7', 'children': [{'label': 'C7', 'children': [{'label': 'Bbm7', 'children': [{'label': 'Fm7', 'children': []}, {'label': 'Bbm7', 'children': []}]}, {'label': 'C7', 'children': [{'label': 'G7', 'children': []}, {'label': 'C7', 'children': []}]}]}, {'label': 'D7', 'children': [{'label': 'D7', 'children': [{'label': 'Am7', 'children': []}, {'label': 'D7', 'children': []}]}, {'label': 'D7', 'children': [{'label': 'Am7', 'children': []}, {'label': 'D7', 'children': [{'label': 'Cm7', 'children': [{'label': 'Bbm7', 'children': []}, {'label': 'Cm7', 'children': []}]}, {'label': 'D7', 'children': []}]}]}]}]}, {'label': 'G7', 'children': []}]}, {'label': 'C7', 'children': []}]}, {'label': 'C7', 'children': [{'label': 'Gm7', 'children': [{'label': 'Dm7', 'children': [{'label': 'Am7', 'children': [{'label': 'Bbm7', 'children': []}, {'label': 'Am7', 'children': []}]}, {'label': 'Dm7', 'children': []}]}, {'label': 'Gm7', 'children': []}]}, {'label': 'C7', 'children': []}]}]}, {'label': 'F^7', 'children': []}]}]}]}}]",
Simone,"[1, 2, 3, 4, 5, 6, 7, 8, 9, 10, 11, 12, 13, 14, 15, 16, 17, 18, 19, 20, 21, 22, 23, 24]","[1, 1, 1, 1, 1, 1, 1, 1, 1, 1, 1, 1, 1, 1, 1, 1, 1, 1, 1, 1, 1, 1, 1, 1]","['Dm7', 'Am7', 'Dm7', 'Eb7', 'Dm7', 'Am7', 'Am7', 'D7', 'Gm7', 'Am7', 'Bbm7', 'Eb7', 'Dm7', 'Em7', 'F^7', 'F#m7', 'Fm7', 'Bb7', 'Em7', 'A7', 'Dm7', 'Am7', 'Dm7']","Foster, Frank",1968,"{'numerator': 3, 'denominator': 4}",d,1.0,"[{'open_constituent_tree': {'label': 'Dm7', 'children': [{'label': 'Dm7', 'children': [{'label': 'Dm7', 'children': [{'label': 'Dm7', 'children': []}, {'label': 'Dm7', 'children': [{'label': 'Am7', 'children': []}, {'label': 'Dm7', 'children': []}]}]}, {'label': 'Dm7', 'children': [{'label': 'Eb7', 'children': []}, {'label': 'Dm7', 'children': []}]}]}, {'label': 'Dm7', 'children': [{'label': 'Dm7', 'children': [{'label': 'Eb7', 'children': [{'label': 'Am7', 'children': [{'label': 'Gm7', 'children': [{'label': 'D7', 'children': [{'label': 'Am7', 'children': [{'label': 'Am7', 'children': []}, {'label': 'Am7', 'children': []}]}, {'label': 'D7', 'children': []}]}, {'label': 'Gm7', 'children': []}]}, {'label': 'Am7', 'children': []}]}, {'label': 'Eb7', 'children': [{'label': 'Bbm7', 'children': []}, {'label': 'Eb7', 'children': []}]}]}, {'label': 'Dm7', 'children': [{'label': 'Dm7', 'children': []}, {'label': 'F^7', 'children': [{'label': 'Em7', 'children': []}, {'label': 'F^7', 'children': []}]}]}]}, {'label': 'Dm7', 'children': [{'label': 'A7', 'children': [{'label': 'Bb7', 'children': [{'label': 'Fm7', 'children': [{'label': 'F#m7', 'children': []}, {'label': 'Fm7', 'children': []}]}, {'label': 'Bb7', 'children': []}]}, {'label': 'A7', 'children': [{'label': 'Em7', 'children': []}, {'label': 'A7', 'children': []}]}]}, {'label': 'Dm7', 'children': [{'label': 'Dm7', 'children': []}, {'label': 'Dm7', 'children': [{'label': 'Am7', 'children': []}, {'label': 'Dm7', 'children': []}]}]}]}]}]}, 'complete_constituent_tree': {'label': 'Dm7', 'children': [{'label': 'Dm7', 'children': [{'label': 'Dm7', 'children': [{'label': 'Dm7', 'children': []}, {'label': 'Dm7', 'children': [{'label': 'Am7', 'children': []}, {'label': 'Dm7', 'children': []}]}]}, {'label': 'Dm7', 'children': [{'label': 'Eb7', 'children': []}, {'label': 'Dm7', 'children': []}]}]}, {'label': 'Dm7', 'children': [{'label': 'Dm7', 'children': [{'label': 'Eb7', 'children': [{'label': 'Am7', 'children': [{'label': 'Gm7', 'children': [{'label': 'D7', 'children': [{'label': 'Am7', 'children': [{'label': 'Am7', 'children': []}, {'label': 'Am7', 'children': []}]}, {'label': 'D7', 'children': []}]}, {'label': 'Gm7', 'children': []}]}, {'label': 'Am7', 'children': []}]}, {'label': 'Eb7', 'children': [{'label': 'Bbm7', 'children': []}, {'label': 'Eb7', 'children': []}]}]}, {'label': 'Dm7', 'children': [{'label': 'Dm7', 'children': []}, {'label': 'F^7', 'children': [{'label': 'Em7', 'children': []}, {'label': 'F^7', 'children': []}]}]}]}, {'label': 'Dm7', 'children': [{'label': 'A7', 'children': [{'label': 'Bb7', 'children': [{'label': 'Fm7', 'children': [{'label': 'F#m7', 'children': []}, {'label': 'Fm7', 'children': []}]}, {'label': 'Bb7', 'children': []}]}, {'label': 'A7', 'children': [{'label': 'Em7', 'children': []}, {'label': 'A7', 'children': []}]}]}, {'label': 'Dm7', 'children': [{'label': 'Dm7', 'children': []}, {'label': 'Dm7', 'children': [{'label': 'Am7', 'children': []}, {'label': 'Dm7', 'children': []}]}]}]}]}]}}]","Corrected chord: Em7/A (m2,m6,m22) is actually a Am7 with 9 and 11."
Zingaro (Retrato Em Branco E Preto),"[1, 2, 3, 4, 5, 6, 6, 7, 8, 9, 10, 11, 12, 13, 14, 15, 16, 17, 18, 19, 20, 21, 22, 22, 23, 24, 25, 26, 27, 28, 29, 30, 30, 31, 32]","[1, 1, 1, 1, 1, 1, 3, 1, 1, 1, 1, 1, 1, 1, 1, 1, 1, 1, 1, 1, 1, 1, 1, 3, 1, 1, 1, 1, 1, 1, 1, 1, 3, 1, 1]","['Gm7', 'Gm7', 'D7', 'D7', 'Fm6', 'Fm6', 'E^7', 'Eb^7', 'Eb^7', 'Cm7', 'D7', 'Bb^7', 'Bb^7', 'A7', 'A7', 'D^7', 'Ab7', 'Gm7', 'Gm7', 'D7', 'D7', 'Fm6', 'Fm6', 'E^7', 'Eb^7', 'Eb^7', 'Cm7', 'C#o7', 'Gm', 'Eb^7', 'Cm7', 'Ebm7', 'D7', 'Gm7']","Jobim, Antonio Carlos",1967,"{'numerator': 4, 'denominator': 4}",g,1.0,"[{'open_constituent_tree': {'label': 'Gm7', 'children': [{'label': 'D^7*', 'children': [{'label': 'Gm7', 'children': [{'label': 'Gm7', 'children': [{'label': 'Gm7', 'children': []}, {'label': 'Gm7', 'children': []}]}, {'label': 'Bb^7', 'children': [{'label': 'D7', 'children': [{'label': 'Eb^7', 'children': [{'label': 'E^7', 'children': [{'label': 'D7', 'children': [{'label': 'D7', 'children': []}, {'label': 'D7', 'children': []}]}, {'label': 'E^7', 'children': [{'label': 'Fm6', 'children': [{'label': 'Fm6', 'children': []}, {'label': 'Fm6', 'children': []}]}, {'label': 'E^7', 'children': []}]}]}, {'label': 'Eb^7', 'children': [{'label': 'Eb^7', 'children': []}, {'label': 'Eb^7', 'children': []}]}]}, {'label': 'D7', 'children': [{'label': 'Cm7', 'children': []}, {'label': 'D7', 'children': []}]}]}, {'label': 'Bb^7', 'children': [{'label': 'Bb^7', 'children': []}, {'label': 'Bb^7', 'children': []}]}]}]}, {'label': 'D^7', 'children': [{'label': 'A7', 'children': [{'label': 'A7', 'children': []}, {'label': 'A7', 'children': []}]}, {'label': 'D^7', 'children': []}]}]}, {'label': 'Gm7', 'children': [{'label': 'Gm7', 'children': [{'label': 'Ab7', 'children': []}, {'label': 'Gm7', 'children': [{'label': 'Gm7', 'children': []}, {'label': 'Gm7', 'children': []}]}]}, {'label': 'Gm7', 'children': [{'label': 'D7', 'children': [{'label': 'Eb^7', 'children': [{'label': 'Eb^7', 'children': [{'label': 'E^7', 'children': [{'label': 'D7', 'children': [{'label': 'D7', 'children': []}, {'label': 'D7', 'children': []}]}, {'label': 'E^7', 'children': [{'label': 'Fm6', 'children': [{'label': 'Fm6', 'children': []}, {'label': 'Fm6', 'children': []}]}, {'label': 'E^7', 'children': []}]}]}, {'label': 'Eb^7', 'children': [{'label': 'Eb^7', 'children': []}, {'label': 'Eb^7', 'children': []}]}]}, {'label': 'Eb^7', 'children': [{'label': 'Cm7', 'children': [{'label': 'Cm7', 'children': []}, {'label': 'C#o7', 'children': []}]}, {'label': 'Eb^7', 'children': [{'label': 'Gm', 'children': []}, {'label': 'Eb^7', 'children': []}]}]}]}, {'label': 'D7', 'children': [{'label': 'Cm7', 'children': []}, {'label': 'D7', 'children': [{'label': 'Ebm7', 'children': []}, {'label': 'D7', 'children': []}]}]}]}, {'label': 'Gm7', 'children': []}]}]}]}, 'complete_constituent_tree': {'label': 'Gm7', 'children': [{'label': 'Gm7', 'children': [{'label': 'Gm7', 'children': [{'label': 'Gm7', 'children': []}, {'label': 'Gm7', 'children': []}]}, {'label': 'Bb^7', 'children': [{'label': 'D7', 'children': [{'label': 'Eb^7', 'children': [{'label': 'E^7', 'children': [{'label': 'D7', 'children': [{'label': 'D7', 'children': []}, {'label': 'D7', 'children': []}]}, {'label': 'E^7', 'children': [{'label': 'Fm6', 'children': [{'label': 'Fm6', 'children': []}, {'label': 'Fm6', 'children': []}]}, {'label': 'E^7', 'children': []}]}]}, {'label': 'Eb^7', 'children': [{'label': 'Eb^7', 'children': []}, {'label': 'Eb^7', 'children': []}]}]}, {'label': 'D7', 'children': [{'label': 'Cm7', 'children': []}, {'label': 'D7', 'children': []}]}]}, {'label': 'Bb^7', 'children': [{'label': 'Bb^7', 'children': []}, {'label': 'Bb^7', 'children': []}]}]}]}, {'label': 'Gm7', 'children': [{'label': 'D^7', 'children': [{'label': 'A7', 'children': [{'label': 'A7', 'children': []}, {'label': 'A7', 'children': []}]}, {'label': 'D^7', 'children': []}]}, {'label': 'Gm7', 'children': [{'label': 'Gm7', 'children': [{'label': 'Ab7', 'children': []}, {'label': 'Gm7', 'children': [{'label': 'Gm7', 'children': []}, {'label': 'Gm7', 'children': []}]}]}, {'label': 'Gm7', 'children': [{'label': 'D7', 'children': [{'label': 'Eb^7', 'children': [{'label': 'Eb^7', 'children': [{'label': 'E^7', 'children': [{'label': 'D7', 'children': [{'label': 'D7', 'children': []}, {'label': 'D7', 'children': []}]}, {'label': 'E^7', 'children': [{'label': 'Fm6', 'children': [{'label': 'Fm6', 'children': []}, {'label': 'Fm6', 'children': []}]}, {'label': 'E^7', 'children': []}]}]}, {'label': 'Eb^7', 'children': [{'label': 'Eb^7', 'children': []}, {'label': 'Eb^7', 'children': []}]}]}, {'label': 'Eb^7', 'children': [{'label': 'Cm7', 'children': [{'label': 'Cm7', 'children': []}, {'label': 'C#o7', 'children': []}]}, {'label': 'Eb^7', 'children': [{'label': 'Gm', 'children': []}, {'label': 'Eb^7', 'children': []}]}]}]}, {'label': 'D7', 'children': [{'label': 'Cm7', 'children': []}, {'label': 'D7', 'children': [{'label': 'Ebm7', 'children': []}, {'label': 'D7', 'children': []}]}]}]}, {'label': 'Gm7', 'children': []}]}]}]}]}}]",tonicization of Eb weakens the relation between D7 and E^7
Four On Six,"[1, 2, 3, 4, 5, 5, 6, 6, 7, 7, 8, 8, 9, 10, 11, 12, 12, 13, 13, 14, 14, 15, 16, 16]","[1, 1, 1, 1, 1, 3, 1, 3, 1, 3, 1, 3, 1, 1, 1, 1, 3, 1, 3, 1, 3, 1, 1, 3]","['Gm7', 'Gm7', 'Gm7', 'Gm7', 'Cm7', 'F7', 'Bbm7', 'Eb7', 'Am7', 'D7', 'Ebm7', 'Ab7', 'Gm7', 'Gm7', 'Gm7', 'Cm7', 'F7', 'Bb^7', 'Gm7', 'Eb7', 'D7', 'Gm7']","Montgomery, Wes",1960,"{'numerator': 4, 'denominator': 4}",g,2.0,"[{'open_constituent_tree': {'label': 'Gm7', 'children': [{'label': 'D7', 'children': [{'label': 'Gm7', 'children': [{'label': 'Gm7', 'children': [{'label': 'Gm7', 'children': []}, {'label': 'Gm7', 'children': []}]}, {'label': 'Gm7', 'children': [{'label': 'Gm7', 'children': []}, {'label': 'Gm7', 'children': []}]}]}, {'label': 'D7', 'children': [{'label': 'Eb7', 'children': [{'label': 'Bbm7', 'children': [{'label': 'F7', 'children': [{'label': 'Cm7', 'children': []}, {'label': 'F7', 'children': []}]}, {'label': 'Bbm7', 'children': []}]}, {'label': 'Eb7', 'children': []}]}, {'label': 'D7', 'children': [{'label': 'D7', 'children': [{'label': 'Am7', 'children': []}, {'label': 'D7', 'children': []}]}, {'label': 'Ab7', 'children': [{'label': 'Ebm7', 'children': []}, {'label': 'Ab7', 'children': []}]}]}]}]}, {'label': 'Gm7', 'children': [{'label': 'Gm7', 'children': [{'label': 'Gm7', 'children': [{'label': 'Gm7', 'children': []}, {'label': 'Gm7', 'children': []}]}, {'label': 'Gm7', 'children': []}]}, {'label': 'Gm7', 'children': [{'label': 'Bb^7', 'children': [{'label': 'Bb^7', 'children': [{'label': 'F7', 'children': [{'label': 'Cm7', 'children': []}, {'label': 'F7', 'children': []}]}, {'label': 'Bb^7', 'children': []}]}, {'label': 'Gm7', 'children': []}]}, {'label': 'Gm7', 'children': [{'label': 'D7', 'children': [{'label': 'Eb7', 'children': []}, {'label': 'D7', 'children': []}]}, {'label': 'Gm7', 'children': []}]}]}]}]}, 'complete_constituent_tree': {'label': 'Gm7', 'children': [{'label': 'D7', 'children': [{'label': 'Gm7', 'children': [{'label': 'Gm7', 'children': [{'label': 'Gm7', 'children': []}, {'label': 'Gm7', 'children': []}]}, {'label': 'Gm7', 'children': [{'label': 'Gm7', 'children': []}, {'label': 'Gm7', 'children': []}]}]}, {'label': 'D7', 'children': [{'label': 'Eb7', 'children': [{'label': 'Bbm7', 'children': [{'label': 'F7', 'children': [{'label': 'Cm7', 'children': []}, {'label': 'F7', 'children': []}]}, {'label': 'Bbm7', 'children': []}]}, {'label': 'Eb7', 'children': []}]}, {'label': 'D7', 'children': [{'label': 'D7', 'children': [{'label': 'Am7', 'children': []}, {'label': 'D7', 'children': []}]}, {'label': 'Ab7', 'children': [{'label': 'Ebm7', 'children': []}, {'label': 'Ab7', 'children': []}]}]}]}]}, {'label': 'Gm7', 'children': [{'label': 'Gm7', 'children': [{'label': 'Gm7', 'children': [{'label': 'Gm7', 'children': []}, {'label': 'Gm7', 'children': []}]}, {'label': 'Gm7', 'children': []}]}, {'label': 'Gm7', 'children': [{'label': 'Bb^7', 'children': [{'label': 'Bb^7', 'children': [{'label': 'F7', 'children': [{'label': 'Cm7', 'children': []}, {'label': 'F7', 'children': []}]}, {'label': 'Bb^7', 'children': []}]}, {'label': 'Gm7', 'children': []}]}, {'label': 'Gm7', 'children': [{'label': 'D7', 'children': [{'label': 'Eb7', 'children': []}, {'label': 'D7', 'children': []}]}, {'label': 'Gm7', 'children': []}]}]}]}]}}]",
I Love You,"[1, 2, 3, 4, 5, 6, 7, 8, 9, 10, 11, 12, 12, 13, 14, 14, 15, 16, 17, 18, 19, 20, 21, 22, 23, 24, 25, 26, 27, 28, 28, 29, 30, 31, 32]","[1, 1, 1, 1, 1, 1, 1, 1, 1, 1, 1, 1, 3, 1, 1, 3, 1, 1, 1, 1, 1, 1, 1, 1, 1, 1, 1, 1, 1, 1, 3, 1, 1, 1, 1]","['G%7', 'C7', 'F^7', 'F^7', 'Gm7', 'C7', 'F^7', 'F^7', 'G%7', 'C7', 'F^7', 'Bm7', 'E7', 'A^7', 'Bm7', 'E7', 'A^7', 'A^7', 'Gm7', 'C7', 'F^7', 'F^7', 'A%7', 'D7', 'Gm7', 'C7', 'G%7', 'C7', 'F^7', 'A%7', 'D7', 'G7', 'C7', 'F6', 'F6']","Porter, Cole",1944,"{'numerator': 4, 'denominator': 4}",F,0.0,"[{'open_constituent_tree': {'label': 'F6', 'children': [{'label': 'A^7', 'children': [{'label': 'F^7', 'children': [{'label': 'F^7', 'children': [{'label': 'F^7', 'children': [{'label': 'C7', 'children': [{'label': 'G%7', 'children': []}, {'label': 'C7', 'children': []}]}, {'label': 'F^7', 'children': [{'label': 'F^7', 'children': []}, {'label': 'F^7', 'children': []}]}]}, {'label': 'F^7', 'children': [{'label': 'C7', 'children': [{'label': 'Gm7', 'children': []}, {'label': 'C7', 'children': []}]}, {'label': 'F^7', 'children': [{'label': 'F^7', 'children': []}, {'label': 'F^7', 'children': []}]}]}]}, {'label': 'F^7', 'children': [{'label': 'C7', 'children': [{'label': 'G%7', 'children': []}, {'label': 'C7', 'children': []}]}, {'label': 'F^7', 'children': []}]}]}, {'label': 'A^7', 'children': [{'label': 'A^7', 'children': [{'label': 'E7', 'children': [{'label': 'Bm7', 'children': []}, {'label': 'E7', 'children': []}]}, {'label': 'A^7', 'children': []}]}, {'label': 'A^7', 'children': [{'label': 'E7', 'children': [{'label': 'Bm7', 'children': []}, {'label': 'E7', 'children': []}]}, {'label': 'A^7', 'children': [{'label': 'A^7', 'children': []}, {'label': 'A^7', 'children': []}]}]}]}]}, {'label': 'F6', 'children': [{'label': 'C7', 'children': [{'label': 'F^7', 'children': [{'label': 'C7', 'children': [{'label': 'Gm7', 'children': []}, {'label': 'C7', 'children': []}]}, {'label': 'F^7', 'children': [{'label': 'F^7', 'children': []}, {'label': 'F^7', 'children': []}]}]}, {'label': 'C7', 'children': [{'label': 'Gm7', 'children': [{'label': 'D7', 'children': [{'label': 'A%7', 'children': []}, {'label': 'D7', 'children': []}]}, {'label': 'Gm7', 'children': []}]}, {'label': 'C7', 'children': []}]}]}, {'label': 'F6', 'children': [{'label': 'F^7', 'children': [{'label': 'C7', 'children': [{'label': 'G%7', 'children': []}, {'label': 'C7', 'children': []}]}, {'label': 'F^7', 'children': []}]}, {'label': 'F6', 'children': [{'label': 'C7', 'children': [{'label': 'G7', 'children': [{'label': 'D7', 'children': [{'label': 'A%7', 'children': []}, {'label': 'D7', 'children': []}]}, {'label': 'G7', 'children': []}]}, {'label': 'C7', 'children': []}]}, {'label': 'F6', 'children': [{'label': 'F6', 'children': []}, {'label': 'F6', 'children': []}]}]}]}]}]}, 'complete_constituent_tree': {'label': 'F6', 'children': [{'label': 'A^7', 'children': [{'label': 'F^7', 'children': [{'label': 'F^7', 'children': [{'label': 'F^7', 'children': [{'label': 'C7', 'children': [{'label': 'G%7', 'children': []}, {'label': 'C7', 'children': []}]}, {'label': 'F^7', 'children': [{'label': 'F^7', 'children': []}, {'label': 'F^7', 'children': []}]}]}, {'label': 'F^7', 'children': [{'label': 'C7', 'children': [{'label': 'Gm7', 'children': []}, {'label': 'C7', 'children': []}]}, {'label': 'F^7', 'children': [{'label': 'F^7', 'children': []}, {'label': 'F^7', 'children': []}]}]}]}, {'label': 'F^7', 'children': [{'label': 'C7', 'children': [{'label': 'G%7', 'children': []}, {'label': 'C7', 'children': []}]}, {'label': 'F^7', 'children': []}]}]}, {'label': 'A^7', 'children': [{'label': 'A^7', 'children': [{'label': 'E7', 'children': [{'label': 'Bm7', 'children': []}, {'label': 'E7', 'children': []}]}, {'label': 'A^7', 'children': []}]}, {'label': 'A^7', 'children': [{'label': 'E7', 'children': [{'label': 'Bm7', 'children': []}, {'label': 'E7', 'children': []}]}, {'label': 'A^7', 'children': [{'label': 'A^7', 'children': []}, {'label': 'A^7', 'children': []}]}]}]}]}, {'label': 'F6', 'children': [{'label': 'C7', 'children': [{'label': 'F^7', 'children': [{'label': 'C7', 'children': [{'label': 'Gm7', 'children': []}, {'label': 'C7', 'children': []}]}, {'label': 'F^7', 'children': [{'label': 'F^7', 'children': []}, {'label': 'F^7', 'children': []}]}]}, {'label': 'C7', 'children': [{'label': 'Gm7', 'children': [{'label': 'D7', 'children': [{'label': 'A%7', 'children': []}, {'label': 'D7', 'children': []}]}, {'label': 'Gm7', 'children': []}]}, {'label': 'C7', 'children': []}]}]}, {'label': 'F6', 'children': [{'label': 'F^7', 'children': [{'label': 'C7', 'children': [{'label': 'G%7', 'children': []}, {'label': 'C7', 'children': []}]}, {'label': 'F^7', 'children': []}]}, {'label': 'F6', 'children': [{'label': 'C7', 'children': [{'label': 'G7', 'children': [{'label': 'D7', 'children': [{'label': 'A%7', 'children': []}, {'label': 'D7', 'children': []}]}, {'label': 'G7', 'children': []}]}, {'label': 'C7', 'children': []}]}, {'label': 'F6', 'children': [{'label': 'F6', 'children': []}, {'label': 'F6', 'children': []}]}]}]}]}]}}]",A major chord chould also be a hexatonic contrast to  the global tonic.
Why Don't You Do Right?,"[1, 1, 2, 2, 3, 3, 4, 4, 5, 6, 6, 7, 7, 8, 8, 9, 9, 10, 10, 11, 11, 12, 12]","[1, 3, 1, 3, 1, 3, 1, 3, 1, 1, 3, 1, 3, 1, 3, 1, 3, 1, 3, 1, 3, 1, 3]","['Dm7', 'B%7', 'Bb7', 'A7', 'Dm7', 'B%7', 'Bb7', 'A7', 'Gm7', 'Gm7', 'A7', 'Dm7', 'B%7', 'Bb7', 'A7', 'Bb7', 'A7', 'Bb7', 'A7', 'Dm7']","McCoy, Kansas Joe",1936,"{'numerator': 4, 'denominator': 4}",d,3.0,"[{'open_constituent_tree': {'label': 'Dm7', 'children': [{'label': 'A7*', 'children': [{'label': 'A7*', 'children': [{'label': 'A7*', 'children': [{'label': 'Dm7', 'children': []}, {'label': 'A7', 'children': [{'label': 'Bb7', 'children': [{'label': 'B%7', 'children': []}, {'label': 'Bb7', 'children': []}]}, {'label': 'A7', 'children': []}]}]}, {'label': 'A7*', 'children': [{'label': 'Dm7', 'children': []}, {'label': 'A7', 'children': [{'label': 'Bb7', 'children': [{'label': 'B%7', 'children': []}, {'label': 'Bb7', 'children': []}]}, {'label': 'A7', 'children': []}]}]}]}, {'label': 'A7*', 'children': [{'label': 'Dm7', 'children': [{'label': 'A7', 'children': [{'label': 'Gm7', 'children': [{'label': 'Gm7', 'children': []}, {'label': 'Gm7', 'children': []}]}, {'label': 'A7', 'children': []}]}, {'label': 'Dm7', 'children': []}]}, {'label': 'A7', 'children': [{'label': 'Bb7', 'children': [{'label': 'B%7', 'children': []}, {'label': 'Bb7', 'children': []}]}, {'label': 'A7', 'children': []}]}]}]}, {'label': 'Dm7', 'children': [{'label': 'A7', 'children': [{'label': 'A7', 'children': [{'label': 'Bb7', 'children': []}, {'label': 'A7', 'children': []}]}, {'label': 'A7', 'children': [{'label': 'Bb7', 'children': []}, {'label': 'A7', 'children': []}]}]}, {'label': 'Dm7', 'children': []}]}]}, 'complete_constituent_tree': {'label': 'Dm7', 'children': [{'label': 'Dm7', 'children': []}, {'label': 'Dm7', 'children': [{'label': 'A7', 'children': [{'label': 'Bb7', 'children': [{'label': 'B%7', 'children': []}, {'label': 'Bb7', 'children': []}]}, {'label': 'A7', 'children': []}]}, {'label': 'Dm7', 'children': [{'label': 'Dm7', 'children': []}, {'label': 'Dm7', 'children': [{'label': 'A7', 'children': [{'label': 'Bb7', 'children': [{'label': 'B%7', 'children': []}, {'label': 'Bb7', 'children': []}]}, {'label': 'A7', 'children': []}]}, {'label': 'Dm7', 'children': [{'label': 'Dm7', 'children': [{'label': 'A7', 'children': [{'label': 'Gm7', 'children': [{'label': 'Gm7', 'children': []}, {'label': 'Gm7', 'children': []}]}, {'label': 'A7', 'children': []}]}, {'label': 'Dm7', 'children': []}]}, {'label': 'Dm7', 'children': [{'label': 'A7', 'children': [{'label': 'Bb7', 'children': [{'label': 'B%7', 'children': []}, {'label': 'Bb7', 'children': []}]}, {'label': 'A7', 'children': []}]}, {'label': 'Dm7', 'children': [{'label': 'A7', 'children': [{'label': 'A7', 'children': [{'label': 'Bb7', 'children': []}, {'label': 'A7', 'children': []}]}, {'label': 'A7', 'children': [{'label': 'Bb7', 'children': []}, {'label': 'A7', 'children': []}]}]}, {'label': 'Dm7', 'children': []}]}]}]}]}]}]}]}}]",
Take The A Train,"[1, 2, 3, 4, 5, 6, 7, 8, 8, 9, 10, 11, 12, 13, 14, 15, 16, 16, 17, 18, 19, 20, 21, 22, 23, 24, 24, 25, 26, 27, 28, 29, 30, 31, 32, 32]","[1, 1, 1, 1, 1, 1, 1, 1, 3, 1, 1, 1, 1, 1, 1, 1, 1, 3, 1, 1, 1, 1, 1, 1, 1, 1, 3, 1, 1, 1, 1, 1, 1, 1, 1, 3]","['C6', 'C6', 'D7', 'D7', 'Dm7', 'G7', 'C6', 'Dm7', 'G7', 'C6', 'C6', 'D7', 'D7', 'Dm7', 'G7', 'C6', 'Gm7', 'C7', 'F^7', 'F^7', 'F^7', 'F^7', 'D7', 'D7', 'Dm7', 'G7', 'G7', 'C6', 'C6', 'D7', 'D7', 'Dm7', 'G7', 'C6']","Strayhorn, Billy",1941,"{'numerator': 4, 'denominator': 4}",C,,"[{'open_constituent_tree': {'label': 'C6', 'children': [{'label': 'C6', 'children': [{'label': 'C6', 'children': [{'label': 'C6', 'children': [{'label': 'C6', 'children': []}, {'label': 'C6', 'children': []}]}, {'label': 'C6', 'children': [{'label': 'G7', 'children': [{'label': 'D7', 'children': [{'label': 'D7', 'children': []}, {'label': 'D7', 'children': []}]}, {'label': 'G7', 'children': [{'label': 'Dm7', 'children': []}, {'label': 'G7', 'children': []}]}]}, {'label': 'C6', 'children': []}]}]}, {'label': 'C6', 'children': [{'label': 'C6', 'children': [{'label': 'G7', 'children': [{'label': 'Dm7', 'children': []}, {'label': 'G7', 'children': []}]}, {'label': 'C6', 'children': [{'label': 'C6', 'children': []}, {'label': 'C6', 'children': []}]}]}, {'label': 'C6', 'children': [{'label': 'G7', 'children': [{'label': 'D7', 'children': [{'label': 'D7', 'children': []}, {'label': 'D7', 'children': []}]}, {'label': 'G7', 'children': [{'label': 'Dm7', 'children': []}, {'label': 'G7', 'children': []}]}]}, {'label': 'C6', 'children': []}]}]}]}, {'label': 'C6', 'children': [{'label': 'G7', 'children': [{'label': 'F^7', 'children': [{'label': 'C7', 'children': [{'label': 'Gm7', 'children': []}, {'label': 'C7', 'children': []}]}, {'label': 'F^7', 'children': [{'label': 'F^7', 'children': [{'label': 'F^7', 'children': []}, {'label': 'F^7', 'children': []}]}, {'label': 'F^7', 'children': [{'label': 'F^7', 'children': []}, {'label': 'F^7', 'children': []}]}]}]}, {'label': 'G7', 'children': [{'label': 'D7', 'children': [{'label': 'D7', 'children': []}, {'label': 'D7', 'children': []}]}, {'label': 'G7', 'children': [{'label': 'Dm7', 'children': []}, {'label': 'G7', 'children': [{'label': 'G7', 'children': []}, {'label': 'G7', 'children': []}]}]}]}]}, {'label': 'C6', 'children': [{'label': 'C6', 'children': [{'label': 'C6', 'children': []}, {'label': 'C6', 'children': []}]}, {'label': 'C6', 'children': [{'label': 'G7', 'children': [{'label': 'D7', 'children': [{'label': 'D7', 'children': []}, {'label': 'D7', 'children': []}]}, {'label': 'G7', 'children': [{'label': 'Dm7', 'children': []}, {'label': 'G7', 'children': []}]}]}, {'label': 'C6', 'children': []}]}]}]}]}, 'complete_constituent_tree': {'label': 'C6', 'children': [{'label': 'C6', 'children': [{'label': 'C6', 'children': [{'label': 'C6', 'children': [{'label': 'C6', 'children': []}, {'label': 'C6', 'children': []}]}, {'label': 'C6', 'children': [{'label': 'G7', 'children': [{'label': 'D7', 'children': [{'label': 'D7', 'children': []}, {'label': 'D7', 'children': []}]}, {'label': 'G7', 'children': [{'label': 'Dm7', 'children': []}, {'label': 'G7', 'children': []}]}]}, {'label': 'C6', 'children': []}]}]}, {'label': 'C6', 'children': [{'label': 'C6', 'children': [{'label': 'G7', 'children': [{'label': 'Dm7', 'children': []}, {'label': 'G7', 'children': []}]}, {'label': 'C6', 'children': [{'label': 'C6', 'children': []}, {'label': 'C6', 'children': []}]}]}, {'label': 'C6', 'children': [{'label': 'G7', 'children': [{'label': 'D7', 'children': [{'label': 'D7', 'children': []}, {'label': 'D7', 'children': []}]}, {'label': 'G7', 'children': [{'label': 'Dm7', 'children': []}, {'label': 'G7', 'children': []}]}]}, {'label': 'C6', 'children': []}]}]}]}, {'label': 'C6', 'children': [{'label': 'G7', 'children': [{'label': 'F^7', 'children': [{'label': 'C7', 'children': [{'label': 'Gm7', 'children': []}, {'label': 'C7', 'children': []}]}, {'label': 'F^7', 'children': [{'label': 'F^7', 'children': [{'label': 'F^7', 'children': []}, {'label': 'F^7', 'children': []}]}, {'label': 'F^7', 'children': [{'label': 'F^7', 'children': []}, {'label': 'F^7', 'children': []}]}]}]}, {'label': 'G7', 'children': [{'label': 'D7', 'children': [{'label': 'D7', 'children': []}, {'label': 'D7', 'children': []}]}, {'label': 'G7', 'children': [{'label': 'Dm7', 'children': []}, {'label': 'G7', 'children': [{'label': 'G7', 'children': []}, {'label': 'G7', 'children': []}]}]}]}]}, {'label': 'C6', 'children': [{'label': 'C6', 'children': [{'label': 'C6', 'children': []}, {'label': 'C6', 'children': []}]}, {'label': 'C6', 'children': [{'label': 'G7', 'children': [{'label': 'D7', 'children': [{'label': 'D7', 'children': []}, {'label': 'D7', 'children': []}]}, {'label': 'G7', 'children': [{'label': 'Dm7', 'children': []}, {'label': 'G7', 'children': []}]}]}, {'label': 'C6', 'children': []}]}]}]}]}}]",
Night Dreamer,"[1, 1, 2, 2, 3, 3, 4, 4, 5, 5, 6, 6, 7, 8, 9, 10, 11, 12, 13, 13, 14, 14, 15, 15, 16, 16]","[1, 3, 1, 3, 1, 3, 1, 3, 1, 3, 1, 3, 1, 1, 1, 1, 1, 1, 1, 3, 1, 3, 1, 3, 1, 3]","['G^7', 'Fm7', 'Eb^7', 'D7', 'G^7', 'Fm7', 'Eb^7', 'D7', 'G^7', 'Fm7', 'Eb^7', 'D7', 'Ebm7', 'Ab7', 'Esus', 'Esus', 'Fsus', 'Fsus', 'G^7', 'Fm7', 'Eb^7', 'D7', 'G^7']","Shorter, Wayne",1964,"{'numerator': 3, 'denominator': 4}",G,3.0,"[{'open_constituent_tree': {'label': 'G^7', 'children': [{'label': 'D7*', 'children': [{'label': 'D7*', 'children': [{'label': 'D7*', 'children': [{'label': 'D7*', 'children': [{'label': 'G^7', 'children': []}, {'label': 'D7', 'children': [{'label': 'Fm7', 'children': []}, {'label': 'D7', 'children': [{'label': 'Eb^7', 'children': []}, {'label': 'D7', 'children': []}]}]}]}, {'label': 'D7*', 'children': [{'label': 'G^7', 'children': []}, {'label': 'D7', 'children': [{'label': 'Fm7', 'children': []}, {'label': 'D7', 'children': [{'label': 'Eb^7', 'children': []}, {'label': 'D7', 'children': []}]}]}]}]}, {'label': 'D7*', 'children': [{'label': 'D7*', 'children': [{'label': 'G^7', 'children': []}, {'label': 'D7', 'children': [{'label': 'Fm7', 'children': []}, {'label': 'D7', 'children': [{'label': 'Eb^7', 'children': []}, {'label': 'D7', 'children': []}]}]}]}, {'label': 'Ab7', 'children': [{'label': 'Ebm7', 'children': []}, {'label': 'Ab7', 'children': []}]}]}]}, {'label': 'D7*', 'children': [{'label': 'Fsus', 'children': [{'label': 'Esus', 'children': [{'label': 'Esus', 'children': []}, {'label': 'Esus', 'children': []}]}, {'label': 'Fsus', 'children': [{'label': 'Fsus', 'children': []}, {'label': 'Fsus', 'children': []}]}]}, {'label': 'D7*', 'children': [{'label': 'G^7', 'children': []}, {'label': 'D7', 'children': [{'label': 'Fm7', 'children': []}, {'label': 'D7', 'children': [{'label': 'Eb^7', 'children': []}, {'label': 'D7', 'children': []}]}]}]}]}]}, {'label': 'G^7', 'children': []}]}, 'complete_constituent_tree': {'label': 'G^7', 'children': [{'label': 'G^7', 'children': []}, {'label': 'G^7', 'children': [{'label': 'D7', 'children': [{'label': 'Fm7', 'children': []}, {'label': 'D7', 'children': [{'label': 'Eb^7', 'children': []}, {'label': 'D7', 'children': []}]}]}, {'label': 'G^7', 'children': [{'label': 'G^7', 'children': []}, {'label': 'G^7', 'children': [{'label': 'D7', 'children': [{'label': 'Fm7', 'children': []}, {'label': 'D7', 'children': [{'label': 'Eb^7', 'children': []}, {'label': 'D7', 'children': []}]}]}, {'label': 'G^7', 'children': [{'label': 'G^7', 'children': []}, {'label': 'G^7', 'children': [{'label': 'D7', 'children': [{'label': 'Fm7', 'children': []}, {'label': 'D7', 'children': [{'label': 'Eb^7', 'children': []}, {'label': 'D7', 'children': []}]}]}, {'label': 'G^7', 'children': [{'label': 'Ab7', 'children': [{'label': 'Ebm7', 'children': []}, {'label': 'Ab7', 'children': []}]}, {'label': 'G^7', 'children': [{'label': 'Fsus', 'children': [{'label': 'Esus', 'children': [{'label': 'Esus', 'children': []}, {'label': 'Esus', 'children': []}]}, {'label': 'Fsus', 'children': [{'label': 'Fsus', 'children': []}, {'label': 'Fsus', 'children': []}]}]}, {'label': 'G^7', 'children': [{'label': 'G^7', 'children': []}, {'label': 'G^7', 'children': [{'label': 'D7', 'children': [{'label': 'Fm7', 'children': []}, {'label': 'D7', 'children': [{'label': 'Eb^7', 'children': []}, {'label': 'D7', 'children': []}]}]}, {'label': 'G^7', 'children': []}]}]}]}]}]}]}]}]}]}]}}]",
I've Found A New Baby,"[1, 2, 2, 3, 4, 5, 6, 7, 8, 8, 9, 10, 10, 11, 12, 13, 14, 15, 16, 17, 18, 19, 20, 21, 22, 23, 24, 24, 25, 26, 26, 27, 28, 29, 30, 31, 32]","[1, 1, 3, 1, 1, 1, 1, 1, 1, 3, 1, 1, 3, 1, 1, 1, 1, 1, 1, 1, 1, 1, 1, 1, 1, 1, 1, 3, 1, 1, 3, 1, 1, 1, 1, 1, 1]","['Dm7', 'E%7', 'A7', 'Dm7', 'D7', 'G7', 'C7', 'F^7', 'E%7', 'A7', 'Dm7', 'E%7', 'A7', 'Dm7', 'D7', 'G7', 'C7', 'F^7', 'F^7', 'E7', 'A7', 'Dm7', 'Dm7', 'D7', 'G7', 'C7', 'E%7', 'A7', 'Dm7', 'E%7', 'A7', 'Dm7', 'D7', 'G7', 'C7', 'F^7', 'F^7']","Palmer, Jack & Williams, Spencer",1926,"{'numerator': 4, 'denominator': 4}",F,0.0,"[{'open_constituent_tree': {'label': 'F^7', 'children': [{'label': 'F^7', 'children': [{'label': 'F^7', 'children': [{'label': 'C7', 'children': [{'label': 'G7', 'children': [{'label': 'Dm7', 'children': [{'label': 'Dm7', 'children': []}, {'label': 'Dm7', 'children': [{'label': 'A7', 'children': [{'label': 'E%7', 'children': []}, {'label': 'A7', 'children': []}]}, {'label': 'Dm7', 'children': []}]}]}, {'label': 'G7', 'children': [{'label': 'D7', 'children': []}, {'label': 'G7', 'children': []}]}]}, {'label': 'C7', 'children': []}]}, {'label': 'F^7', 'children': []}]}, {'label': 'F^7', 'children': [{'label': 'C7', 'children': [{'label': 'G7', 'children': [{'label': 'Dm7', 'children': [{'label': 'Dm7', 'children': [{'label': 'A7', 'children': [{'label': 'E%7', 'children': []}, {'label': 'A7', 'children': []}]}, {'label': 'Dm7', 'children': []}]}, {'label': 'Dm7', 'children': [{'label': 'A7', 'children': [{'label': 'E%7', 'children': []}, {'label': 'A7', 'children': []}]}, {'label': 'Dm7', 'children': []}]}]}, {'label': 'G7', 'children': [{'label': 'D7', 'children': []}, {'label': 'G7', 'children': []}]}]}, {'label': 'C7', 'children': []}]}, {'label': 'F^7', 'children': [{'label': 'F^7', 'children': []}, {'label': 'F^7', 'children': []}]}]}]}, {'label': 'F^7', 'children': [{'label': 'C7', 'children': [{'label': 'G7', 'children': [{'label': 'Dm7', 'children': [{'label': 'A7', 'children': [{'label': 'E7', 'children': []}, {'label': 'A7', 'children': []}]}, {'label': 'Dm7', 'children': [{'label': 'Dm7', 'children': []}, {'label': 'Dm7', 'children': []}]}]}, {'label': 'G7', 'children': [{'label': 'D7', 'children': []}, {'label': 'G7', 'children': []}]}]}, {'label': 'C7', 'children': []}]}, {'label': 'F^7', 'children': [{'label': 'C7', 'children': [{'label': 'G7', 'children': [{'label': 'Dm7', 'children': [{'label': 'Dm7', 'children': [{'label': 'A7', 'children': [{'label': 'E%7', 'children': []}, {'label': 'A7', 'children': []}]}, {'label': 'Dm7', 'children': []}]}, {'label': 'Dm7', 'children': [{'label': 'A7', 'children': [{'label': 'E%7', 'children': []}, {'label': 'A7', 'children': []}]}, {'label': 'Dm7', 'children': []}]}]}, {'label': 'G7', 'children': [{'label': 'D7', 'children': []}, {'label': 'G7', 'children': []}]}]}, {'label': 'C7', 'children': []}]}, {'label': 'F^7', 'children': [{'label': 'F^7', 'children': []}, {'label': 'F^7', 'children': []}]}]}]}]}, 'complete_constituent_tree': {'label': 'F^7', 'children': [{'label': 'F^7', 'children': [{'label': 'F^7', 'children': [{'label': 'C7', 'children': [{'label': 'G7', 'children': [{'label': 'Dm7', 'children': [{'label': 'Dm7', 'children': []}, {'label': 'Dm7', 'children': [{'label': 'A7', 'children': [{'label': 'E%7', 'children': []}, {'label': 'A7', 'children': []}]}, {'label': 'Dm7', 'children': []}]}]}, {'label': 'G7', 'children': [{'label': 'D7', 'children': []}, {'label': 'G7', 'children': []}]}]}, {'label': 'C7', 'children': []}]}, {'label': 'F^7', 'children': []}]}, {'label': 'F^7', 'children': [{'label': 'C7', 'children': [{'label': 'G7', 'children': [{'label': 'Dm7', 'children': [{'label': 'Dm7', 'children': [{'label': 'A7', 'children': [{'label': 'E%7', 'children': []}, {'label': 'A7', 'children': []}]}, {'label': 'Dm7', 'children': []}]}, {'label': 'Dm7', 'children': [{'label': 'A7', 'children': [{'label': 'E%7', 'children': []}, {'label': 'A7', 'children': []}]}, {'label': 'Dm7', 'children': []}]}]}, {'label': 'G7', 'children': [{'label': 'D7', 'children': []}, {'label': 'G7', 'children': []}]}]}, {'label': 'C7', 'children': []}]}, {'label': 'F^7', 'children': [{'label': 'F^7', 'children': []}, {'label': 'F^7', 'children': []}]}]}]}, {'label': 'F^7', 'children': [{'label': 'C7', 'children': [{'label': 'G7', 'children': [{'label': 'Dm7', 'children': [{'label': 'A7', 'children': [{'label': 'E7', 'children': []}, {'label': 'A7', 'children': []}]}, {'label': 'Dm7', 'children': [{'label': 'Dm7', 'children': []}, {'label': 'Dm7', 'children': []}]}]}, {'label': 'G7', 'children': [{'label': 'D7', 'children': []}, {'label': 'G7', 'children': []}]}]}, {'label': 'C7', 'children': []}]}, {'label': 'F^7', 'children': [{'label': 'C7', 'children': [{'label': 'G7', 'children': [{'label': 'Dm7', 'children': [{'label': 'Dm7', 'children': [{'label': 'A7', 'children': [{'label': 'E%7', 'children': []}, {'label': 'A7', 'children': []}]}, {'label': 'Dm7', 'children': []}]}, {'label': 'Dm7', 'children': [{'label': 'A7', 'children': [{'label': 'E%7', 'children': []}, {'label': 'A7', 'children': []}]}, {'label': 'Dm7', 'children': []}]}]}, {'label': 'G7', 'children': [{'label': 'D7', 'children': []}, {'label': 'G7', 'children': []}]}]}, {'label': 'C7', 'children': []}]}, {'label': 'F^7', 'children': [{'label': 'F^7', 'children': []}, {'label': 'F^7', 'children': []}]}]}]}]}}, {'open_constituent_tree': {'label': 'F^7', 'children': [{'label': 'F^7', 'children': [{'label': 'F^7', 'children': [{'label': 'C7', 'children': [{'label': 'G7', 'children': [{'label': 'Dm7', 'children': [{'label': 'Dm7', 'children': [{'label': 'Dm7', 'children': []}, {'label': 'Dm7', 'children': [{'label': 'A7', 'children': [{'label': 'E%7', 'children': []}, {'label': 'A7', 'children': []}]}, {'label': 'Dm7', 'children': []}]}]}, {'label': 'D7', 'children': []}]}, {'label': 'G7', 'children': []}]}, {'label': 'C7', 'children': []}]}, {'label': 'F^7', 'children': []}]}, {'label': 'F^7', 'children': [{'label': 'C7', 'children': [{'label': 'G7', 'children': [{'label': 'Dm7', 'children': [{'label': 'Dm7', 'children': [{'label': 'Dm7', 'children': [{'label': 'A7', 'children': [{'label': 'E%7', 'children': []}, {'label': 'A7', 'children': []}]}, {'label': 'Dm7', 'children': []}]}, {'label': 'Dm7', 'children': [{'label': 'A7', 'children': [{'label': 'E%7', 'children': []}, {'label': 'A7', 'children': []}]}, {'label': 'Dm7', 'children': []}]}]}, {'label': 'D7', 'children': []}]}, {'label': 'G7', 'children': []}]}, {'label': 'C7', 'children': []}]}, {'label': 'F^7', 'children': [{'label': 'F^7', 'children': []}, {'label': 'F^7', 'children': []}]}]}]}, {'label': 'F^7', 'children': [{'label': 'C7', 'children': [{'label': 'G7', 'children': [{'label': 'D7', 'children': [{'label': 'Dm7', 'children': [{'label': 'A7', 'children': [{'label': 'E7', 'children': []}, {'label': 'A7', 'children': []}]}, {'label': 'Dm7', 'children': [{'label': 'Dm7', 'children': []}, {'label': 'Dm7', 'children': []}]}]}, {'label': 'D7', 'children': []}]}, {'label': 'G7', 'children': []}]}, {'label': 'C7', 'children': []}]}, {'label': 'F^7', 'children': [{'label': 'C7', 'children': [{'label': 'G7', 'children': [{'label': 'D7', 'children': [{'label': 'Dm7', 'children': [{'label': 'Dm7', 'children': [{'label': 'A7', 'children': [{'label': 'E%7', 'children': []}, {'label': 'A7', 'children': []}]}, {'label': 'Dm7', 'children': []}]}, {'label': 'Dm7', 'children': [{'label': 'A7', 'children': [{'label': 'E%7', 'children': []}, {'label': 'A7', 'children': []}]}, {'label': 'Dm7', 'children': []}]}]}, {'label': 'D7', 'children': []}]}, {'label': 'G7', 'children': []}]}, {'label': 'C7', 'children': []}]}, {'label': 'F^7', 'children': [{'label': 'F^7', 'children': []}, {'label': 'F^7', 'children': []}]}]}]}]}, 'complete_constituent_tree': {'label': 'F^7', 'children': [{'label': 'F^7', 'children': [{'label': 'F^7', 'children': [{'label': 'C7', 'children': [{'label': 'G7', 'children': [{'label': 'Dm7', 'children': [{'label': 'Dm7', 'children': [{'label': 'Dm7', 'children': []}, {'label': 'Dm7', 'children': [{'label': 'A7', 'children': [{'label': 'E%7', 'children': []}, {'label': 'A7', 'children': []}]}, {'label': 'Dm7', 'children': []}]}]}, {'label': 'D7', 'children': []}]}, {'label': 'G7', 'children': []}]}, {'label': 'C7', 'children': []}]}, {'label': 'F^7', 'children': []}]}, {'label': 'F^7', 'children': [{'label': 'C7', 'children': [{'label': 'G7', 'children': [{'label': 'Dm7', 'children': [{'label': 'Dm7', 'children': [{'label': 'Dm7', 'children': [{'label': 'A7', 'children': [{'label': 'E%7', 'children': []}, {'label': 'A7', 'children': []}]}, {'label': 'Dm7', 'children': []}]}, {'label': 'Dm7', 'children': [{'label': 'A7', 'children': [{'label': 'E%7', 'children': []}, {'label': 'A7', 'children': []}]}, {'label': 'Dm7', 'children': []}]}]}, {'label': 'D7', 'children': []}]}, {'label': 'G7', 'children': []}]}, {'label': 'C7', 'children': []}]}, {'label': 'F^7', 'children': [{'label': 'F^7', 'children': []}, {'label': 'F^7', 'children': []}]}]}]}, {'label': 'F^7', 'children': [{'label': 'C7', 'children': [{'label': 'G7', 'children': [{'label': 'D7', 'children': [{'label': 'Dm7', 'children': [{'label': 'A7', 'children': [{'label': 'E7', 'children': []}, {'label': 'A7', 'children': []}]}, {'label': 'Dm7', 'children': [{'label': 'Dm7', 'children': []}, {'label': 'Dm7', 'children': []}]}]}, {'label': 'D7', 'children': []}]}, {'label': 'G7', 'children': []}]}, {'label': 'C7', 'children': []}]}, {'label': 'F^7', 'children': [{'label': 'C7', 'children': [{'label': 'G7', 'children': [{'label': 'D7', 'children': [{'label': 'Dm7', 'children': [{'label': 'Dm7', 'children': [{'label': 'A7', 'children': [{'label': 'E%7', 'children': []}, {'label': 'A7', 'children': []}]}, {'label': 'Dm7', 'children': []}]}, {'label': 'Dm7', 'children': [{'label': 'A7', 'children': [{'label': 'E%7', 'children': []}, {'label': 'A7', 'children': []}]}, {'label': 'Dm7', 'children': []}]}]}, {'label': 'D7', 'children': []}]}, {'label': 'G7', 'children': []}]}, {'label': 'C7', 'children': []}]}, {'label': 'F^7', 'children': [{'label': 'F^7', 'children': []}, {'label': 'F^7', 'children': []}]}]}]}]}}]",
I've Found A New Baby v2,"[1, 2, 3, 4, 5, 6, 7, 8, 9, 10, 11, 12, 13, 14, 15, 16, 17, 18, 19, 20, 21, 22, 23, 24, 25, 26, 27, 28, 29, 30, 31, 32]","[1, 1, 1, 1, 1, 1, 1, 1, 1, 1, 1, 1, 1, 1, 1, 1, 1, 1, 1, 1, 1, 1, 1, 1, 1, 1, 1, 1, 1, 1, 1, 1]","['Dm7', 'A7', 'Dm7', 'D7', 'G7', 'C7', 'F6', 'A7', 'Dm7', 'A7', 'Dm7', 'D7', 'G7', 'C7', 'F6', 'F6', 'A7', 'A7', 'Dm7', 'Dm7', 'G7', 'G7', 'C7', 'A7', 'Dm7', 'A7', 'Dm7', 'D7', 'G7', 'C7', 'F6']","Palmer, Jack & Williams, Spencer",1926,"{'numerator': 4, 'denominator': 4}",F,1.0,"[{'open_constituent_tree': {'label': 'F6', 'children': [{'label': 'F6', 'children': [{'label': 'F6', 'children': [{'label': 'C7', 'children': [{'label': 'G7', 'children': [{'label': 'Dm7', 'children': [{'label': 'Dm7', 'children': []}, {'label': 'Dm7', 'children': [{'label': 'A7', 'children': []}, {'label': 'Dm7', 'children': []}]}]}, {'label': 'G7', 'children': [{'label': 'D7', 'children': []}, {'label': 'G7', 'children': []}]}]}, {'label': 'C7', 'children': []}]}, {'label': 'F6', 'children': []}]}, {'label': 'F6', 'children': [{'label': 'C7', 'children': [{'label': 'G7', 'children': [{'label': 'Dm7', 'children': [{'label': 'Dm7', 'children': [{'label': 'A7', 'children': []}, {'label': 'Dm7', 'children': []}]}, {'label': 'Dm7', 'children': [{'label': 'A7', 'children': []}, {'label': 'Dm7', 'children': []}]}]}, {'label': 'G7', 'children': [{'label': 'D7', 'children': []}, {'label': 'G7', 'children': []}]}]}, {'label': 'C7', 'children': []}]}, {'label': 'F6', 'children': [{'label': 'F6', 'children': []}, {'label': 'F6', 'children': []}]}]}]}, {'label': 'F6', 'children': [{'label': 'C7', 'children': [{'label': 'G7', 'children': [{'label': 'Dm7', 'children': [{'label': 'A7', 'children': [{'label': 'A7', 'children': []}, {'label': 'A7', 'children': []}]}, {'label': 'Dm7', 'children': [{'label': 'Dm7', 'children': []}, {'label': 'Dm7', 'children': []}]}]}, {'label': 'G7', 'children': [{'label': 'G7', 'children': []}, {'label': 'G7', 'children': []}]}]}, {'label': 'C7', 'children': []}]}, {'label': 'F6', 'children': [{'label': 'C7', 'children': [{'label': 'G7', 'children': [{'label': 'Dm7', 'children': [{'label': 'Dm7', 'children': [{'label': 'A7', 'children': []}, {'label': 'Dm7', 'children': []}]}, {'label': 'Dm7', 'children': [{'label': 'A7', 'children': []}, {'label': 'Dm7', 'children': []}]}]}, {'label': 'G7', 'children': [{'label': 'D7', 'children': []}, {'label': 'G7', 'children': []}]}]}, {'label': 'C7', 'children': []}]}, {'label': 'F6', 'children': []}]}]}]}, 'complete_constituent_tree': {'label': 'F6', 'children': [{'label': 'F6', 'children': [{'label': 'F6', 'children': [{'label': 'C7', 'children': [{'label': 'G7', 'children': [{'label': 'Dm7', 'children': [{'label': 'Dm7', 'children': []}, {'label': 'Dm7', 'children': [{'label': 'A7', 'children': []}, {'label': 'Dm7', 'children': []}]}]}, {'label': 'G7', 'children': [{'label': 'D7', 'children': []}, {'label': 'G7', 'children': []}]}]}, {'label': 'C7', 'children': []}]}, {'label': 'F6', 'children': []}]}, {'label': 'F6', 'children': [{'label': 'C7', 'children': [{'label': 'G7', 'children': [{'label': 'Dm7', 'children': [{'label': 'Dm7', 'children': [{'label': 'A7', 'children': []}, {'label': 'Dm7', 'children': []}]}, {'label': 'Dm7', 'children': [{'label': 'A7', 'children': []}, {'label': 'Dm7', 'children': []}]}]}, {'label': 'G7', 'children': [{'label': 'D7', 'children': []}, {'label': 'G7', 'children': []}]}]}, {'label': 'C7', 'children': []}]}, {'label': 'F6', 'children': [{'label': 'F6', 'children': []}, {'label': 'F6', 'children': []}]}]}]}, {'label': 'F6', 'children': [{'label': 'C7', 'children': [{'label': 'G7', 'children': [{'label': 'Dm7', 'children': [{'label': 'A7', 'children': [{'label': 'A7', 'children': []}, {'label': 'A7', 'children': []}]}, {'label': 'Dm7', 'children': [{'label': 'Dm7', 'children': []}, {'label': 'Dm7', 'children': []}]}]}, {'label': 'G7', 'children': [{'label': 'G7', 'children': []}, {'label': 'G7', 'children': []}]}]}, {'label': 'C7', 'children': []}]}, {'label': 'F6', 'children': [{'label': 'C7', 'children': [{'label': 'G7', 'children': [{'label': 'Dm7', 'children': [{'label': 'Dm7', 'children': [{'label': 'A7', 'children': []}, {'label': 'Dm7', 'children': []}]}, {'label': 'Dm7', 'children': [{'label': 'A7', 'children': []}, {'label': 'Dm7', 'children': []}]}]}, {'label': 'G7', 'children': [{'label': 'D7', 'children': []}, {'label': 'G7', 'children': []}]}]}, {'label': 'C7', 'children': []}]}, {'label': 'F6', 'children': []}]}]}]}}]",
Witch Hunt,"[1, 2, 3, 4, 5, 6, 7, 8, 9, 10, 11, 12, 13, 14, 15, 16, 17, 18, 19, 19, 20, 21, 22, 23, 24]","[1, 1, 1, 1, 1, 1, 1, 1, 1, 1, 1, 1, 1, 1, 1, 1, 1, 1, 1, 3, 1, 1, 1, 1, 1]","['Cm7', 'Cm7', 'Cm7', 'Cm7', 'Cm7', 'Cm7', 'Cm7', 'Cm7', 'Eb7', 'Eb7', 'Eb7', 'Eb7', 'Cm7', 'Cm7', 'Cm7', 'Cm7', 'Gb^7', 'F7', 'E^7', 'Eb7', 'Eb7', 'Abm7', 'A^', 'Abm7', 'G7', 'Cm7']","Shorter, Wayne",1961,"{'numerator': 4, 'denominator': 4}",c,-1.0,"[{'open_constituent_tree': {'label': 'Cm7', 'children': [{'label': 'Cm7', 'children': [{'label': 'Cm7', 'children': [{'label': 'Cm7', 'children': [{'label': 'Cm7', 'children': [{'label': 'Cm7', 'children': []}, {'label': 'Cm7', 'children': []}]}, {'label': 'Cm7', 'children': [{'label': 'Cm7', 'children': []}, {'label': 'Cm7', 'children': []}]}]}, {'label': 'Cm7', 'children': [{'label': 'Cm7', 'children': [{'label': 'Cm7', 'children': []}, {'label': 'Cm7', 'children': []}]}, {'label': 'Cm7', 'children': [{'label': 'Cm7', 'children': []}, {'label': 'Cm7', 'children': []}]}]}]}, {'label': 'Cm7', 'children': [{'label': 'Eb7', 'children': [{'label': 'Eb7', 'children': [{'label': 'Eb7', 'children': []}, {'label': 'Eb7', 'children': []}]}, {'label': 'Eb7', 'children': [{'label': 'Eb7', 'children': []}, {'label': 'Eb7', 'children': []}]}]}, {'label': 'Cm7', 'children': [{'label': 'Cm7', 'children': [{'label': 'Cm7', 'children': []}, {'label': 'Cm7', 'children': []}]}, {'label': 'Cm7', 'children': [{'label': 'Cm7', 'children': []}, {'label': 'Cm7', 'children': []}]}]}]}]}, {'label': 'Cm7', 'children': [{'label': 'G7', 'children': [{'label': 'Abm7', 'children': [{'label': 'Eb7', 'children': [{'label': 'Eb7', 'children': [{'label': 'E^7', 'children': [{'label': 'F7', 'children': [{'label': 'Gb^7', 'children': []}, {'label': 'F7', 'children': []}]}, {'label': 'E^7', 'children': []}]}, {'label': 'Eb7', 'children': []}]}, {'label': 'Eb7', 'children': []}]}, {'label': 'Abm7', 'children': [{'label': 'Abm7', 'children': []}, {'label': 'Abm7', 'children': [{'label': 'A^', 'children': []}, {'label': 'Abm7', 'children': []}]}]}]}, {'label': 'G7', 'children': []}]}, {'label': 'Cm7', 'children': []}]}]}, 'complete_constituent_tree': {'label': 'Cm7', 'children': [{'label': 'Cm7', 'children': [{'label': 'Cm7', 'children': [{'label': 'Cm7', 'children': [{'label': 'Cm7', 'children': [{'label': 'Cm7', 'children': []}, {'label': 'Cm7', 'children': []}]}, {'label': 'Cm7', 'children': [{'label': 'Cm7', 'children': []}, {'label': 'Cm7', 'children': []}]}]}, {'label': 'Cm7', 'children': [{'label': 'Cm7', 'children': [{'label': 'Cm7', 'children': []}, {'label': 'Cm7', 'children': []}]}, {'label': 'Cm7', 'children': [{'label': 'Cm7', 'children': []}, {'label': 'Cm7', 'children': []}]}]}]}, {'label': 'Cm7', 'children': [{'label': 'Eb7', 'children': [{'label': 'Eb7', 'children': [{'label': 'Eb7', 'children': []}, {'label': 'Eb7', 'children': []}]}, {'label': 'Eb7', 'children': [{'label': 'Eb7', 'children': []}, {'label': 'Eb7', 'children': []}]}]}, {'label': 'Cm7', 'children': [{'label': 'Cm7', 'children': [{'label': 'Cm7', 'children': []}, {'label': 'Cm7', 'children': []}]}, {'label': 'Cm7', 'children': [{'label': 'Cm7', 'children': []}, {'label': 'Cm7', 'children': []}]}]}]}]}, {'label': 'Cm7', 'children': [{'label': 'G7', 'children': [{'label': 'Abm7', 'children': [{'label': 'Eb7', 'children': [{'label': 'Eb7', 'children': [{'label': 'E^7', 'children': [{'label': 'F7', 'children': [{'label': 'Gb^7', 'children': []}, {'label': 'F7', 'children': []}]}, {'label': 'E^7', 'children': []}]}, {'label': 'Eb7', 'children': []}]}, {'label': 'Eb7', 'children': []}]}, {'label': 'Abm7', 'children': [{'label': 'Abm7', 'children': []}, {'label': 'Abm7', 'children': [{'label': 'A^', 'children': []}, {'label': 'Abm7', 'children': []}]}]}]}, {'label': 'G7', 'children': []}]}, {'label': 'Cm7', 'children': []}]}]}}]",
I've Got A Crush On You,"[1, 1, 2, 2, 3, 3, 4, 4, 5, 5, 6, 7, 8, 8, 9, 9, 10, 10, 11, 11, 12, 12, 12, 13, 13, 14, 15, 15, 16, 16, 17, 18, 18]","[1, 3, 1, 3, 1, 3, 1, 3, 1, 3, 1, 1, 1, 3, 1, 3, 1, 3, 1, 3, 1, 3, 4, 1, 3, 1, 1, 3, 1, 3, 1, 1, 3]","['Bb^7', 'Dbo7', 'Cm7', 'F7', 'Bb^7', 'Dbo7', 'Cm7', 'F7', 'Dm7', 'Gm7', 'C7', 'C7', 'Cm7', 'F7', 'Bb^7', 'Dbo7', 'Cm7', 'F7', 'Bb^7', 'Dbo7', 'Cm7', 'Ebm7', 'Ab7', 'Dm7', 'Gm7', 'C7', 'Bb^', 'Gm7', 'C7', 'F7', 'Bb6']","Gershwin, George",1928,"{'numerator': 4, 'denominator': 4}",B-,2.0,"[{'open_constituent_tree': {'label': 'Bb6', 'children': [{'label': 'F7*', 'children': [{'label': 'F7*', 'children': [{'label': 'F7*', 'children': [{'label': 'Bb^7', 'children': []}, {'label': 'F7', 'children': [{'label': 'Dbo7', 'children': []}, {'label': 'F7', 'children': [{'label': 'Cm7', 'children': []}, {'label': 'F7', 'children': []}]}]}]}, {'label': 'F7*', 'children': [{'label': 'Bb^7', 'children': []}, {'label': 'F7', 'children': [{'label': 'Dbo7', 'children': []}, {'label': 'F7', 'children': [{'label': 'Cm7', 'children': []}, {'label': 'F7', 'children': []}]}]}]}]}, {'label': 'F7', 'children': [{'label': 'C7', 'children': [{'label': 'Gm7', 'children': [{'label': 'Dm7', 'children': []}, {'label': 'Gm7', 'children': []}]}, {'label': 'C7', 'children': [{'label': 'C7', 'children': []}, {'label': 'C7', 'children': []}]}]}, {'label': 'F7', 'children': [{'label': 'Cm7', 'children': []}, {'label': 'F7', 'children': []}]}]}]}, {'label': 'Bb6', 'children': [{'label': 'F7*', 'children': [{'label': 'Bb^7', 'children': []}, {'label': 'F7', 'children': [{'label': 'Dbo7', 'children': []}, {'label': 'F7', 'children': [{'label': 'Cm7', 'children': []}, {'label': 'F7', 'children': []}]}]}]}, {'label': 'Bb6', 'children': [{'label': 'Bb^7', 'children': []}, {'label': 'Bb6', 'children': [{'label': 'F7', 'children': [{'label': 'C7', 'children': [{'label': 'Gm7', 'children': [{'label': 'Ab7', 'children': [{'label': 'Dbo7', 'children': []}, {'label': 'Ab7', 'children': [{'label': 'Cm7', 'children': []}, {'label': 'Ab7', 'children': [{'label': 'Ebm7', 'children': []}, {'label': 'Ab7', 'children': []}]}]}]}, {'label': 'Gm7', 'children': [{'label': 'Dm7', 'children': []}, {'label': 'Gm7', 'children': []}]}]}, {'label': 'C7', 'children': []}]}, {'label': 'F7', 'children': [{'label': 'Bb^', 'children': []}, {'label': 'F7', 'children': [{'label': 'C7', 'children': [{'label': 'Gm7', 'children': []}, {'label': 'C7', 'children': []}]}, {'label': 'F7', 'children': []}]}]}]}, {'label': 'Bb6', 'children': []}]}]}]}]}, 'complete_constituent_tree': {'label': 'Bb6', 'children': [{'label': 'Bb^7', 'children': []}, {'label': 'Bb6', 'children': [{'label': 'F7', 'children': [{'label': 'Dbo7', 'children': []}, {'label': 'F7', 'children': [{'label': 'Cm7', 'children': []}, {'label': 'F7', 'children': []}]}]}, {'label': 'Bb6', 'children': [{'label': 'Bb^7', 'children': []}, {'label': 'Bb6', 'children': [{'label': 'F7', 'children': [{'label': 'Dbo7', 'children': []}, {'label': 'F7', 'children': [{'label': 'Cm7', 'children': []}, {'label': 'F7', 'children': []}]}]}, {'label': 'Bb6', 'children': [{'label': 'F7', 'children': [{'label': 'C7', 'children': [{'label': 'Gm7', 'children': [{'label': 'Dm7', 'children': []}, {'label': 'Gm7', 'children': []}]}, {'label': 'C7', 'children': [{'label': 'C7', 'children': []}, {'label': 'C7', 'children': []}]}]}, {'label': 'F7', 'children': [{'label': 'Cm7', 'children': []}, {'label': 'F7', 'children': []}]}]}, {'label': 'Bb6', 'children': [{'label': 'Bb^7', 'children': []}, {'label': 'Bb6', 'children': [{'label': 'F7', 'children': [{'label': 'Dbo7', 'children': []}, {'label': 'F7', 'children': [{'label': 'Cm7', 'children': []}, {'label': 'F7', 'children': []}]}]}, {'label': 'Bb6', 'children': [{'label': 'Bb^7', 'children': []}, {'label': 'Bb6', 'children': [{'label': 'F7', 'children': [{'label': 'C7', 'children': [{'label': 'Gm7', 'children': [{'label': 'Ab7', 'children': [{'label': 'Dbo7', 'children': []}, {'label': 'Ab7', 'children': [{'label': 'Cm7', 'children': []}, {'label': 'Ab7', 'children': [{'label': 'Ebm7', 'children': []}, {'label': 'Ab7', 'children': []}]}]}]}, {'label': 'Gm7', 'children': [{'label': 'Dm7', 'children': []}, {'label': 'Gm7', 'children': []}]}]}, {'label': 'C7', 'children': []}]}, {'label': 'F7', 'children': [{'label': 'Bb^', 'children': []}, {'label': 'F7', 'children': [{'label': 'C7', 'children': [{'label': 'Gm7', 'children': []}, {'label': 'C7', 'children': []}]}, {'label': 'F7', 'children': []}]}]}]}, {'label': 'Bb6', 'children': []}]}]}]}]}]}]}]}]}]}}]",
Recordame,"[1, 2, 3, 4, 5, 6, 7, 8, 8, 9, 10, 10, 11, 12, 12, 13, 14, 14, 15, 16]","[1, 1, 1, 1, 1, 1, 1, 1, 3, 1, 1, 3, 1, 1, 3, 1, 1, 3, 1, 1]","['Am', 'Am', 'Am', 'Am', 'Cm', 'Cm', 'Cm', 'Cm7', 'F7', 'Bb^7', 'Bbm7', 'Eb7', 'Ab^7', 'Abm7', 'Db7', 'Gb^7', 'Gm7', 'C7', 'F^7', 'E7', 'Am']","Henderson, Joe",1963,"{'numerator': 4, 'denominator': 4}",a,-1.0,"[{'open_constituent_tree': {'label': 'Am', 'children': [{'label': 'Am', 'children': [{'label': 'Am', 'children': [{'label': 'Am', 'children': [{'label': 'Am', 'children': []}, {'label': 'Am', 'children': []}]}, {'label': 'Am', 'children': [{'label': 'Am', 'children': []}, {'label': 'Am', 'children': []}]}]}, {'label': 'Cm', 'children': [{'label': 'Cm', 'children': [{'label': 'Cm', 'children': []}, {'label': 'Cm', 'children': []}]}, {'label': 'Cm', 'children': []}]}]}, {'label': 'Am', 'children': [{'label': 'E7', 'children': [{'label': 'F^7', 'children': [{'label': 'Gb^7', 'children': [{'label': 'Db7', 'children': [{'label': 'Ab^7', 'children': [{'label': 'Eb7', 'children': [{'label': 'Bb^7', 'children': [{'label': 'F7', 'children': [{'label': 'Cm7', 'children': []}, {'label': 'F7', 'children': []}]}, {'label': 'Bb^7', 'children': []}]}, {'label': 'Eb7', 'children': [{'label': 'Bbm7', 'children': []}, {'label': 'Eb7', 'children': []}]}]}, {'label': 'Ab^7', 'children': []}]}, {'label': 'Db7', 'children': [{'label': 'Abm7', 'children': []}, {'label': 'Db7', 'children': []}]}]}, {'label': 'Gb^7', 'children': []}]}, {'label': 'F^7', 'children': [{'label': 'C7', 'children': [{'label': 'Gm7', 'children': []}, {'label': 'C7', 'children': []}]}, {'label': 'F^7', 'children': []}]}]}, {'label': 'E7', 'children': []}]}, {'label': 'Am', 'children': []}]}]}, 'complete_constituent_tree': {'label': 'Am', 'children': [{'label': 'Am', 'children': [{'label': 'Am', 'children': [{'label': 'Am', 'children': [{'label': 'Am', 'children': []}, {'label': 'Am', 'children': []}]}, {'label': 'Am', 'children': [{'label': 'Am', 'children': []}, {'label': 'Am', 'children': []}]}]}, {'label': 'Cm', 'children': [{'label': 'Cm', 'children': [{'label': 'Cm', 'children': []}, {'label': 'Cm', 'children': []}]}, {'label': 'Cm', 'children': []}]}]}, {'label': 'Am', 'children': [{'label': 'E7', 'children': [{'label': 'F^7', 'children': [{'label': 'Gb^7', 'children': [{'label': 'Db7', 'children': [{'label': 'Ab^7', 'children': [{'label': 'Eb7', 'children': [{'label': 'Bb^7', 'children': [{'label': 'F7', 'children': [{'label': 'Cm7', 'children': []}, {'label': 'F7', 'children': []}]}, {'label': 'Bb^7', 'children': []}]}, {'label': 'Eb7', 'children': [{'label': 'Bbm7', 'children': []}, {'label': 'Eb7', 'children': []}]}]}, {'label': 'Ab^7', 'children': []}]}, {'label': 'Db7', 'children': [{'label': 'Abm7', 'children': []}, {'label': 'Db7', 'children': []}]}]}, {'label': 'Gb^7', 'children': []}]}, {'label': 'F^7', 'children': [{'label': 'C7', 'children': [{'label': 'Gm7', 'children': []}, {'label': 'C7', 'children': []}]}, {'label': 'F^7', 'children': []}]}]}, {'label': 'E7', 'children': []}]}, {'label': 'Am', 'children': []}]}]}}]",
Song For My Father,"[1, 2, 3, 4, 5, 6, 7, 8, 9, 10, 11, 12, 13, 14, 15, 16, 17, 18, 19, 20, 21, 21, 22, 23, 24]","[1, 1, 1, 1, 1, 1, 1, 1, 1, 1, 1, 1, 1, 1, 1, 1, 1, 1, 1, 1, 1, 3, 1, 1, 1]","['Fm7', 'Fm7', 'Eb7', 'Eb7', 'Db7', 'Csus', 'Fm7', 'Fm7', 'Fm7', 'Fm7', 'Eb7', 'Eb7', 'Db7', 'Csus', 'Fm7', 'Fm7', 'Eb7', 'Eb7', 'Fm7', 'Fm7', 'Eb7', 'Db7', 'C7', 'Fm7', 'Fm7']","Silver, Horace",1964,"{'numerator': 4, 'denominator': 4}",f,0.0,"[{'open_constituent_tree': {'label': 'Fm7', 'children': [{'label': 'Fm7', 'children': [{'label': 'Fm7', 'children': [{'label': 'Fm7', 'children': [{'label': 'Fm7', 'children': []}, {'label': 'Fm7', 'children': []}]}, {'label': 'Fm7', 'children': [{'label': 'Eb7', 'children': [{'label': 'Eb7', 'children': []}, {'label': 'Eb7', 'children': []}]}, {'label': 'Fm7', 'children': [{'label': 'Csus', 'children': [{'label': 'Db7', 'children': []}, {'label': 'Csus', 'children': []}]}, {'label': 'Fm7', 'children': [{'label': 'Fm7', 'children': []}, {'label': 'Fm7', 'children': []}]}]}]}]}, {'label': 'Fm7', 'children': [{'label': 'Fm7', 'children': [{'label': 'Fm7', 'children': []}, {'label': 'Fm7', 'children': []}]}, {'label': 'Fm7', 'children': [{'label': 'Eb7', 'children': [{'label': 'Eb7', 'children': []}, {'label': 'Eb7', 'children': []}]}, {'label': 'Fm7', 'children': [{'label': 'Csus', 'children': [{'label': 'Db7', 'children': []}, {'label': 'Csus', 'children': []}]}, {'label': 'Fm7', 'children': [{'label': 'Fm7', 'children': []}, {'label': 'Fm7', 'children': []}]}]}]}]}]}, {'label': 'Fm7', 'children': [{'label': 'Fm7', 'children': [{'label': 'Eb7', 'children': [{'label': 'Eb7', 'children': []}, {'label': 'Eb7', 'children': []}]}, {'label': 'Fm7', 'children': [{'label': 'Fm7', 'children': []}, {'label': 'Fm7', 'children': []}]}]}, {'label': 'Fm7', 'children': [{'label': 'Eb7', 'children': []}, {'label': 'Fm7', 'children': [{'label': 'C7', 'children': [{'label': 'Db7', 'children': []}, {'label': 'C7', 'children': []}]}, {'label': 'Fm7', 'children': [{'label': 'Fm7', 'children': []}, {'label': 'Fm7', 'children': []}]}]}]}]}]}, 'complete_constituent_tree': {'label': 'Fm7', 'children': [{'label': 'Fm7', 'children': [{'label': 'Fm7', 'children': [{'label': 'Fm7', 'children': [{'label': 'Fm7', 'children': []}, {'label': 'Fm7', 'children': []}]}, {'label': 'Fm7', 'children': [{'label': 'Eb7', 'children': [{'label': 'Eb7', 'children': []}, {'label': 'Eb7', 'children': []}]}, {'label': 'Fm7', 'children': [{'label': 'Csus', 'children': [{'label': 'Db7', 'children': []}, {'label': 'Csus', 'children': []}]}, {'label': 'Fm7', 'children': [{'label': 'Fm7', 'children': []}, {'label': 'Fm7', 'children': []}]}]}]}]}, {'label': 'Fm7', 'children': [{'label': 'Fm7', 'children': [{'label': 'Fm7', 'children': []}, {'label': 'Fm7', 'children': []}]}, {'label': 'Fm7', 'children': [{'label': 'Eb7', 'children': [{'label': 'Eb7', 'children': []}, {'label': 'Eb7', 'children': []}]}, {'label': 'Fm7', 'children': [{'label': 'Csus', 'children': [{'label': 'Db7', 'children': []}, {'label': 'Csus', 'children': []}]}, {'label': 'Fm7', 'children': [{'label': 'Fm7', 'children': []}, {'label': 'Fm7', 'children': []}]}]}]}]}]}, {'label': 'Fm7', 'children': [{'label': 'Fm7', 'children': [{'label': 'Eb7', 'children': [{'label': 'Eb7', 'children': []}, {'label': 'Eb7', 'children': []}]}, {'label': 'Fm7', 'children': [{'label': 'Fm7', 'children': []}, {'label': 'Fm7', 'children': []}]}]}, {'label': 'Fm7', 'children': [{'label': 'Eb7', 'children': []}, {'label': 'Fm7', 'children': [{'label': 'C7', 'children': [{'label': 'Db7', 'children': []}, {'label': 'C7', 'children': []}]}, {'label': 'Fm7', 'children': [{'label': 'Fm7', 'children': []}, {'label': 'Fm7', 'children': []}]}]}]}]}]}}]",
Fine And Dandy,"[1, 2, 3, 4, 5, 6, 7, 8, 9, 10, 11, 12, 13, 14, 15, 16, 16, 17, 18, 19, 20, 21, 22, 23, 24, 25, 26, 27, 28, 29, 30, 30, 31, 32]","[1, 1, 1, 1, 1, 1, 1, 1, 1, 1, 1, 1, 1, 1, 1, 1, 3, 1, 1, 1, 1, 1, 1, 1, 1, 1, 1, 1, 1, 1, 1, 3, 1, 1]","['F^7', 'Abo7', 'Gm7', 'C7', 'F^7', 'Abo7', 'Gm7', 'C7', 'F7', 'F7', 'Bb7', 'Bb7', 'Eb7', 'Eb7', 'Ab7', 'Gm7', 'C7', 'F^7', 'Abo7', 'Gm7', 'C7', 'F^7', 'Abo7', 'Gm7', 'C7', 'Cm7', 'F7', 'Bb^7', 'Bbm7', 'G7', 'Gm7', 'C7', 'F^7', 'F^7']","Swift, Kay",1930,"{'numerator': 4, 'denominator': 4}",F,0.0,"[{'open_constituent_tree': {'label': 'F^7', 'children': [{'label': 'C7*', 'children': [{'label': 'C7*', 'children': [{'label': 'C7*', 'children': [{'label': 'F^7', 'children': []}, {'label': 'C7', 'children': [{'label': 'Abo7', 'children': []}, {'label': 'C7', 'children': [{'label': 'Gm7', 'children': []}, {'label': 'C7', 'children': []}]}]}]}, {'label': 'C7*', 'children': [{'label': 'F^7', 'children': []}, {'label': 'C7', 'children': [{'label': 'Abo7', 'children': []}, {'label': 'C7', 'children': [{'label': 'Gm7', 'children': []}, {'label': 'C7', 'children': []}]}]}]}]}, {'label': 'C7', 'children': [{'label': 'Gm7', 'children': [{'label': 'Ab7', 'children': [{'label': 'Eb7', 'children': [{'label': 'Bb7', 'children': [{'label': 'F7', 'children': [{'label': 'F7', 'children': []}, {'label': 'F7', 'children': []}]}, {'label': 'Bb7', 'children': [{'label': 'Bb7', 'children': []}, {'label': 'Bb7', 'children': []}]}]}, {'label': 'Eb7', 'children': [{'label': 'Eb7', 'children': []}, {'label': 'Eb7', 'children': []}]}]}, {'label': 'Ab7', 'children': []}]}, {'label': 'Gm7', 'children': []}]}, {'label': 'C7', 'children': []}]}]}, {'label': 'F^7', 'children': [{'label': 'C7*', 'children': [{'label': 'C7*', 'children': [{'label': 'F^7', 'children': []}, {'label': 'C7', 'children': [{'label': 'Abo7', 'children': []}, {'label': 'C7', 'children': [{'label': 'Gm7', 'children': []}, {'label': 'C7', 'children': []}]}]}]}, {'label': 'C7*', 'children': [{'label': 'F^7', 'children': []}, {'label': 'C7', 'children': [{'label': 'Abo7', 'children': []}, {'label': 'C7', 'children': [{'label': 'Gm7', 'children': []}, {'label': 'C7', 'children': []}]}]}]}]}, {'label': 'F^7', 'children': [{'label': 'C7', 'children': [{'label': 'Bb^7', 'children': [{'label': 'F7', 'children': [{'label': 'Cm7', 'children': []}, {'label': 'F7', 'children': []}]}, {'label': 'Bb^7', 'children': [{'label': 'Bb^7', 'children': []}, {'label': 'Bbm7', 'children': []}]}]}, {'label': 'C7', 'children': [{'label': 'G7', 'children': []}, {'label': 'C7', 'children': [{'label': 'Gm7', 'children': []}, {'label': 'C7', 'children': []}]}]}]}, {'label': 'F^7', 'children': [{'label': 'F^7', 'children': []}, {'label': 'F^7', 'children': []}]}]}]}]}, 'complete_constituent_tree': {'label': 'F^7', 'children': [{'label': 'F^7', 'children': []}, {'label': 'F^7', 'children': [{'label': 'C7', 'children': [{'label': 'Abo7', 'children': []}, {'label': 'C7', 'children': [{'label': 'Gm7', 'children': []}, {'label': 'C7', 'children': []}]}]}, {'label': 'F^7', 'children': [{'label': 'F^7', 'children': []}, {'label': 'F^7', 'children': [{'label': 'C7', 'children': [{'label': 'Abo7', 'children': []}, {'label': 'C7', 'children': [{'label': 'Gm7', 'children': []}, {'label': 'C7', 'children': []}]}]}, {'label': 'F^7', 'children': [{'label': 'C7', 'children': [{'label': 'Gm7', 'children': [{'label': 'Ab7', 'children': [{'label': 'Eb7', 'children': [{'label': 'Bb7', 'children': [{'label': 'F7', 'children': [{'label': 'F7', 'children': []}, {'label': 'F7', 'children': []}]}, {'label': 'Bb7', 'children': [{'label': 'Bb7', 'children': []}, {'label': 'Bb7', 'children': []}]}]}, {'label': 'Eb7', 'children': [{'label': 'Eb7', 'children': []}, {'label': 'Eb7', 'children': []}]}]}, {'label': 'Ab7', 'children': []}]}, {'label': 'Gm7', 'children': []}]}, {'label': 'C7', 'children': []}]}, {'label': 'F^7', 'children': [{'label': 'F^7', 'children': []}, {'label': 'F^7', 'children': [{'label': 'C7', 'children': [{'label': 'Abo7', 'children': []}, {'label': 'C7', 'children': [{'label': 'Gm7', 'children': []}, {'label': 'C7', 'children': []}]}]}, {'label': 'F^7', 'children': [{'label': 'F^7', 'children': []}, {'label': 'F^7', 'children': [{'label': 'C7', 'children': [{'label': 'Abo7', 'children': []}, {'label': 'C7', 'children': [{'label': 'Gm7', 'children': []}, {'label': 'C7', 'children': []}]}]}, {'label': 'F^7', 'children': [{'label': 'C7', 'children': [{'label': 'Bb^7', 'children': [{'label': 'F7', 'children': [{'label': 'Cm7', 'children': []}, {'label': 'F7', 'children': []}]}, {'label': 'Bb^7', 'children': [{'label': 'Bb^7', 'children': []}, {'label': 'Bbm7', 'children': []}]}]}, {'label': 'C7', 'children': [{'label': 'G7', 'children': []}, {'label': 'C7', 'children': [{'label': 'Gm7', 'children': []}, {'label': 'C7', 'children': []}]}]}]}, {'label': 'F^7', 'children': [{'label': 'F^7', 'children': []}, {'label': 'F^7', 'children': []}]}]}]}]}]}]}]}]}]}]}]}}]",Gm7 added in measure 16 (in agreement with recording by Chet Baker)
Central Park West,"[1, 1, 1, 2, 2, 2, 3, 3, 3, 4, 4, 4, 5, 5, 5, 6, 6, 6, 7, 8, 9, 10, 10, 10]","[1, 3, 4, 1, 3, 4, 1, 3, 4, 1, 3, 4, 1, 3, 4, 1, 3, 4, 1, 1, 1, 1, 3, 4]","['B^7', 'Em7', 'A7', 'D^7', 'Bbm7', 'Eb7', 'Ab^7', 'Gm7', 'C7', 'F^7', 'C#m7', 'F#7', 'B^7', 'Em7', 'A7', 'D^7', 'C#m7', 'F#7', 'B^7', 'B6', 'B^7', 'B6']","Coltrane, John",1959,"{'numerator': 4, 'denominator': 4}",B,3.0,"[{'open_constituent_tree': {'label': 'B^7', 'children': [{'label': 'B^7', 'children': [{'label': 'B^7', 'children': [{'label': 'B^7', 'children': []}, {'label': 'D^7', 'children': [{'label': 'A7', 'children': [{'label': 'Em7', 'children': []}, {'label': 'A7', 'children': []}]}, {'label': 'D^7', 'children': []}]}]}, {'label': 'B^7', 'children': [{'label': 'F^7', 'children': [{'label': 'Ab^7', 'children': [{'label': 'Eb7', 'children': [{'label': 'Bbm7', 'children': []}, {'label': 'Eb7', 'children': []}]}, {'label': 'Ab^7', 'children': []}]}, {'label': 'F^7', 'children': [{'label': 'C7', 'children': [{'label': 'Gm7', 'children': []}, {'label': 'C7', 'children': []}]}, {'label': 'F^7', 'children': []}]}]}, {'label': 'B^7', 'children': [{'label': 'B^7', 'children': [{'label': 'F#7', 'children': [{'label': 'C#m7', 'children': []}, {'label': 'F#7', 'children': []}]}, {'label': 'B^7', 'children': []}]}, {'label': 'D^7', 'children': [{'label': 'A7', 'children': [{'label': 'Em7', 'children': []}, {'label': 'A7', 'children': []}]}, {'label': 'D^7', 'children': []}]}]}]}]}, {'label': 'B^7', 'children': [{'label': 'B^7', 'children': [{'label': 'B^7', 'children': [{'label': 'F#7', 'children': [{'label': 'C#m7', 'children': []}, {'label': 'F#7', 'children': []}]}, {'label': 'B^7', 'children': []}]}, {'label': 'B6', 'children': []}]}, {'label': 'B^7', 'children': [{'label': 'B^7', 'children': []}, {'label': 'B6', 'children': []}]}]}]}, 'complete_constituent_tree': {'label': 'B^7', 'children': [{'label': 'B^7', 'children': [{'label': 'B^7', 'children': [{'label': 'B^7', 'children': []}, {'label': 'D^7', 'children': [{'label': 'A7', 'children': [{'label': 'Em7', 'children': []}, {'label': 'A7', 'children': []}]}, {'label': 'D^7', 'children': []}]}]}, {'label': 'B^7', 'children': [{'label': 'F^7', 'children': [{'label': 'Ab^7', 'children': [{'label': 'Eb7', 'children': [{'label': 'Bbm7', 'children': []}, {'label': 'Eb7', 'children': []}]}, {'label': 'Ab^7', 'children': []}]}, {'label': 'F^7', 'children': [{'label': 'C7', 'children': [{'label': 'Gm7', 'children': []}, {'label': 'C7', 'children': []}]}, {'label': 'F^7', 'children': []}]}]}, {'label': 'B^7', 'children': [{'label': 'B^7', 'children': [{'label': 'F#7', 'children': [{'label': 'C#m7', 'children': []}, {'label': 'F#7', 'children': []}]}, {'label': 'B^7', 'children': []}]}, {'label': 'D^7', 'children': [{'label': 'A7', 'children': [{'label': 'Em7', 'children': []}, {'label': 'A7', 'children': []}]}, {'label': 'D^7', 'children': []}]}]}]}]}, {'label': 'B^7', 'children': [{'label': 'B^7', 'children': [{'label': 'B^7', 'children': [{'label': 'F#7', 'children': [{'label': 'C#m7', 'children': []}, {'label': 'F#7', 'children': []}]}, {'label': 'B^7', 'children': []}]}, {'label': 'B6', 'children': []}]}, {'label': 'B^7', 'children': [{'label': 'B^7', 'children': []}, {'label': 'B6', 'children': []}]}]}]}}]",corrected C#m7/B to B6 in measures 8 and 10
Bright Mississippi,"[1, 2, 3, 4, 5, 6, 7, 8, 9, 10, 11, 12, 13, 14, 15, 16, 17, 18, 19, 20, 21, 22, 23, 24, 25, 26, 27, 28, 29, 30, 31, 31, 32]","[1, 1, 1, 1, 1, 1, 1, 1, 1, 1, 1, 1, 1, 1, 1, 1, 1, 1, 1, 1, 1, 1, 1, 1, 1, 1, 1, 1, 1, 1, 1, 3, 1]","['F7', 'F7', 'F7', 'F7', 'Bb7', 'Bb7', 'Bb7', 'Bb7', 'Eb7', 'Eb7', 'Eb7', 'Eb7', 'Ab^7', 'Ab^7', 'G%7', 'C7', 'F7', 'F7', 'F7', 'F7', 'Bb7', 'Bb7', 'Bb7', 'Bb7', 'Fm', 'C7', 'Fm', 'C7', 'Ab^7', 'F7', 'Bbm7', 'Eb7', 'Ab6']","Monk, Thelonious",1962,"{'numerator': 4, 'denominator': 4}",A-,0.0,"[{'open_constituent_tree': {'label': 'Ab6', 'children': [{'label': 'C7', 'children': [{'label': 'G%7', 'children': [{'label': 'Ab^7', 'children': [{'label': 'Eb7', 'children': [{'label': 'Bb7', 'children': [{'label': 'F7', 'children': [{'label': 'F7', 'children': [{'label': 'F7', 'children': []}, {'label': 'F7', 'children': []}]}, {'label': 'F7', 'children': [{'label': 'F7', 'children': []}, {'label': 'F7', 'children': []}]}]}, {'label': 'Bb7', 'children': [{'label': 'Bb7', 'children': [{'label': 'Bb7', 'children': []}, {'label': 'Bb7', 'children': []}]}, {'label': 'Bb7', 'children': [{'label': 'Bb7', 'children': []}, {'label': 'Bb7', 'children': []}]}]}]}, {'label': 'Eb7', 'children': [{'label': 'Eb7', 'children': [{'label': 'Eb7', 'children': []}, {'label': 'Eb7', 'children': []}]}, {'label': 'Eb7', 'children': [{'label': 'Eb7', 'children': []}, {'label': 'Eb7', 'children': []}]}]}]}, {'label': 'Ab^7', 'children': [{'label': 'Ab^7', 'children': []}, {'label': 'Ab^7', 'children': []}]}]}, {'label': 'G%7', 'children': []}]}, {'label': 'C7', 'children': []}]}, {'label': 'Ab6', 'children': [{'label': 'C7', 'children': [{'label': 'Bb7', 'children': [{'label': 'F7', 'children': [{'label': 'F7', 'children': [{'label': 'F7', 'children': []}, {'label': 'F7', 'children': []}]}, {'label': 'F7', 'children': [{'label': 'F7', 'children': []}, {'label': 'F7', 'children': []}]}]}, {'label': 'Bb7', 'children': [{'label': 'Bb7', 'children': [{'label': 'Bb7', 'children': []}, {'label': 'Bb7', 'children': []}]}, {'label': 'Bb7', 'children': [{'label': 'Bb7', 'children': []}, {'label': 'Bb7', 'children': []}]}]}]}, {'label': 'C7', 'children': [{'label': 'C7', 'children': [{'label': 'Fm', 'children': []}, {'label': 'C7', 'children': []}]}, {'label': 'C7', 'children': [{'label': 'Fm', 'children': []}, {'label': 'C7', 'children': []}]}]}]}, {'label': 'Ab6', 'children': [{'label': 'Ab^7', 'children': []}, {'label': 'Ab6', 'children': [{'label': 'Eb7', 'children': [{'label': 'Bbm7', 'children': [{'label': 'F7', 'children': []}, {'label': 'Bbm7', 'children': []}]}, {'label': 'Eb7', 'children': []}]}, {'label': 'Ab6', 'children': []}]}]}]}]}, 'complete_constituent_tree': {'label': 'Ab6', 'children': [{'label': 'C7', 'children': [{'label': 'G%7', 'children': [{'label': 'Ab^7', 'children': [{'label': 'Eb7', 'children': [{'label': 'Bb7', 'children': [{'label': 'F7', 'children': [{'label': 'F7', 'children': [{'label': 'F7', 'children': []}, {'label': 'F7', 'children': []}]}, {'label': 'F7', 'children': [{'label': 'F7', 'children': []}, {'label': 'F7', 'children': []}]}]}, {'label': 'Bb7', 'children': [{'label': 'Bb7', 'children': [{'label': 'Bb7', 'children': []}, {'label': 'Bb7', 'children': []}]}, {'label': 'Bb7', 'children': [{'label': 'Bb7', 'children': []}, {'label': 'Bb7', 'children': []}]}]}]}, {'label': 'Eb7', 'children': [{'label': 'Eb7', 'children': [{'label': 'Eb7', 'children': []}, {'label': 'Eb7', 'children': []}]}, {'label': 'Eb7', 'children': [{'label': 'Eb7', 'children': []}, {'label': 'Eb7', 'children': []}]}]}]}, {'label': 'Ab^7', 'children': [{'label': 'Ab^7', 'children': []}, {'label': 'Ab^7', 'children': []}]}]}, {'label': 'G%7', 'children': []}]}, {'label': 'C7', 'children': []}]}, {'label': 'Ab6', 'children': [{'label': 'C7', 'children': [{'label': 'Bb7', 'children': [{'label': 'F7', 'children': [{'label': 'F7', 'children': [{'label': 'F7', 'children': []}, {'label': 'F7', 'children': []}]}, {'label': 'F7', 'children': [{'label': 'F7', 'children': []}, {'label': 'F7', 'children': []}]}]}, {'label': 'Bb7', 'children': [{'label': 'Bb7', 'children': [{'label': 'Bb7', 'children': []}, {'label': 'Bb7', 'children': []}]}, {'label': 'Bb7', 'children': [{'label': 'Bb7', 'children': []}, {'label': 'Bb7', 'children': []}]}]}]}, {'label': 'C7', 'children': [{'label': 'C7', 'children': [{'label': 'Fm', 'children': []}, {'label': 'C7', 'children': []}]}, {'label': 'C7', 'children': [{'label': 'Fm', 'children': []}, {'label': 'C7', 'children': []}]}]}]}, {'label': 'Ab6', 'children': [{'label': 'Ab^7', 'children': []}, {'label': 'Ab6', 'children': [{'label': 'Eb7', 'children': [{'label': 'Bbm7', 'children': [{'label': 'F7', 'children': []}, {'label': 'Bbm7', 'children': []}]}, {'label': 'Eb7', 'children': []}]}, {'label': 'Ab6', 'children': []}]}]}]}]}}]",
"Weaver Of Dreams, A","[1, 2, 3, 4, 5, 6, 7, 8, 9, 10, 11, 12, 13, 14, 15, 16, 17, 18, 19, 20, 21, 22, 23, 24, 25, 26, 27, 28, 28, 29, 30, 31, 32, 32]","[1, 1, 1, 1, 1, 1, 1, 1, 1, 1, 1, 1, 1, 1, 1, 1, 1, 1, 1, 1, 1, 1, 1, 1, 1, 1, 1, 1, 3, 1, 1, 1, 1, 3]","['C^7', 'C^7', 'B%7', 'E7', 'Am7', 'Am7', 'Gm7', 'C7', 'F^7', 'Bb7', 'Em7', 'A7', 'D7', 'D7', 'Dm7', 'G7', 'C^7', 'C^7', 'B%7', 'E7', 'Am7', 'Am7', 'Gm7', 'C7', 'F^7', 'Bb7', 'Em7', 'Ebm7', 'Ab7', 'Dm7', 'G7', 'C^7']","Young, Victor",1952,"{'numerator': 4, 'denominator': 4}",C,2.0,"[{'open_constituent_tree': {'label': 'C^7', 'children': [{'label': 'G7*', 'children': [{'label': 'C^7', 'children': [{'label': 'C^7', 'children': [{'label': 'C^7', 'children': []}, {'label': 'C^7', 'children': []}]}, {'label': 'Am7', 'children': [{'label': 'E7', 'children': [{'label': 'B%7', 'children': []}, {'label': 'E7', 'children': []}]}, {'label': 'Am7', 'children': [{'label': 'Am7', 'children': []}, {'label': 'Am7', 'children': []}]}]}]}, {'label': 'G7', 'children': [{'label': 'D7', 'children': [{'label': 'A7', 'children': [{'label': 'Bb7', 'children': [{'label': 'F^7', 'children': [{'label': 'C7', 'children': [{'label': 'Gm7', 'children': []}, {'label': 'C7', 'children': []}]}, {'label': 'F^7', 'children': []}]}, {'label': 'Bb7', 'children': []}]}, {'label': 'A7', 'children': [{'label': 'Em7', 'children': []}, {'label': 'A7', 'children': []}]}]}, {'label': 'D7', 'children': [{'label': 'D7', 'children': []}, {'label': 'D7', 'children': []}]}]}, {'label': 'G7', 'children': [{'label': 'Dm7', 'children': []}, {'label': 'G7', 'children': []}]}]}]}, {'label': 'C^7', 'children': [{'label': 'C^7', 'children': [{'label': 'C^7', 'children': [{'label': 'C^7', 'children': []}, {'label': 'C^7', 'children': []}]}, {'label': 'Am7', 'children': [{'label': 'E7', 'children': [{'label': 'B%7', 'children': []}, {'label': 'E7', 'children': []}]}, {'label': 'Am7', 'children': [{'label': 'Am7', 'children': []}, {'label': 'Am7', 'children': []}]}]}]}, {'label': 'C^7', 'children': [{'label': 'G7', 'children': [{'label': 'Ab7', 'children': [{'label': 'Ebm7', 'children': [{'label': 'Bb7', 'children': [{'label': 'F^7', 'children': [{'label': 'C7', 'children': [{'label': 'Gm7', 'children': []}, {'label': 'C7', 'children': []}]}, {'label': 'F^7', 'children': []}]}, {'label': 'Bb7', 'children': []}]}, {'label': 'Ebm7', 'children': [{'label': 'Em7', 'children': []}, {'label': 'Ebm7', 'children': []}]}]}, {'label': 'Ab7', 'children': []}]}, {'label': 'G7', 'children': [{'label': 'Dm7', 'children': []}, {'label': 'G7', 'children': []}]}]}, {'label': 'C^7', 'children': []}]}]}]}, 'complete_constituent_tree': {'label': 'C^7', 'children': [{'label': 'C^7', 'children': [{'label': 'C^7', 'children': [{'label': 'C^7', 'children': []}, {'label': 'C^7', 'children': []}]}, {'label': 'Am7', 'children': [{'label': 'E7', 'children': [{'label': 'B%7', 'children': []}, {'label': 'E7', 'children': []}]}, {'label': 'Am7', 'children': [{'label': 'Am7', 'children': []}, {'label': 'Am7', 'children': []}]}]}]}, {'label': 'C^7', 'children': [{'label': 'G7', 'children': [{'label': 'D7', 'children': [{'label': 'A7', 'children': [{'label': 'Bb7', 'children': [{'label': 'F^7', 'children': [{'label': 'C7', 'children': [{'label': 'Gm7', 'children': []}, {'label': 'C7', 'children': []}]}, {'label': 'F^7', 'children': []}]}, {'label': 'Bb7', 'children': []}]}, {'label': 'A7', 'children': [{'label': 'Em7', 'children': []}, {'label': 'A7', 'children': []}]}]}, {'label': 'D7', 'children': [{'label': 'D7', 'children': []}, {'label': 'D7', 'children': []}]}]}, {'label': 'G7', 'children': [{'label': 'Dm7', 'children': []}, {'label': 'G7', 'children': []}]}]}, {'label': 'C^7', 'children': [{'label': 'C^7', 'children': [{'label': 'C^7', 'children': [{'label': 'C^7', 'children': []}, {'label': 'C^7', 'children': []}]}, {'label': 'Am7', 'children': [{'label': 'E7', 'children': [{'label': 'B%7', 'children': []}, {'label': 'E7', 'children': []}]}, {'label': 'Am7', 'children': [{'label': 'Am7', 'children': []}, {'label': 'Am7', 'children': []}]}]}]}, {'label': 'C^7', 'children': [{'label': 'G7', 'children': [{'label': 'Ab7', 'children': [{'label': 'Ebm7', 'children': [{'label': 'Bb7', 'children': [{'label': 'F^7', 'children': [{'label': 'C7', 'children': [{'label': 'Gm7', 'children': []}, {'label': 'C7', 'children': []}]}, {'label': 'F^7', 'children': []}]}, {'label': 'Bb7', 'children': []}]}, {'label': 'Ebm7', 'children': [{'label': 'Em7', 'children': []}, {'label': 'Ebm7', 'children': []}]}]}, {'label': 'Ab7', 'children': []}]}, {'label': 'G7', 'children': [{'label': 'Dm7', 'children': []}, {'label': 'G7', 'children': []}]}]}, {'label': 'C^7', 'children': []}]}]}]}]}}]",
Time On My Hands,"[1, 2, 3, 4, 5, 6, 7, 8, 9, 10, 11, 12, 13, 14, 15, 16, 17, 18, 19, 20, 20, 21, 22, 23, 24, 25, 26, 27, 28, 29, 30, 31, 31, 32, 32]","[1, 1, 1, 1, 1, 1, 1, 1, 1, 1, 1, 1, 1, 1, 1, 1, 1, 1, 1, 1, 3, 1, 1, 1, 1, 1, 1, 1, 1, 1, 1, 1, 3, 1, 3]","['F^7', 'F^7', 'B%7', 'E7', 'Gm7', 'Gm7', 'C7', 'C7', 'F^7', 'F^7', 'B%7', 'E7', 'Gm7', 'Gm7', 'E%7', 'A7', 'D7', 'D7', 'G7', 'Gm7', 'C7', 'Dm7', 'G7', 'Gm7', 'C7', 'F^7', 'Bb7', 'A7', 'D7', 'G7', 'C7', 'F6']","Youmans, Vincent",1930,"{'numerator': 4, 'denominator': 4}",F,3.0,"[{'open_constituent_tree': {'label': 'F^7', 'children': [{'label': 'C7*', 'children': [{'label': 'C7*', 'children': [{'label': 'F^7', 'children': [{'label': 'F^7', 'children': []}, {'label': 'F^7', 'children': []}]}, {'label': 'C7', 'children': [{'label': 'E7', 'children': [{'label': 'B%7', 'children': []}, {'label': 'E7', 'children': []}]}, {'label': 'C7', 'children': [{'label': 'Gm7', 'children': [{'label': 'Gm7', 'children': []}, {'label': 'Gm7', 'children': []}]}, {'label': 'C7', 'children': [{'label': 'C7', 'children': []}, {'label': 'C7', 'children': []}]}]}]}]}, {'label': 'C7*', 'children': [{'label': 'F^7', 'children': [{'label': 'F^7', 'children': []}, {'label': 'F^7', 'children': []}]}, {'label': 'C7', 'children': [{'label': 'E7', 'children': [{'label': 'B%7', 'children': []}, {'label': 'E7', 'children': []}]}, {'label': 'C7', 'children': [{'label': 'Gm7', 'children': [{'label': 'Gm7', 'children': []}, {'label': 'Gm7', 'children': []}]}, {'label': 'C7', 'children': [{'label': 'C7', 'children': [{'label': 'G7', 'children': [{'label': 'D7', 'children': [{'label': 'A7', 'children': [{'label': 'E%7', 'children': []}, {'label': 'A7', 'children': []}]}, {'label': 'D7', 'children': [{'label': 'D7', 'children': []}, {'label': 'D7', 'children': []}]}]}, {'label': 'G7', 'children': []}]}, {'label': 'C7', 'children': [{'label': 'Gm7', 'children': []}, {'label': 'C7', 'children': []}]}]}, {'label': 'C7', 'children': [{'label': 'G7', 'children': [{'label': 'Dm7', 'children': []}, {'label': 'G7', 'children': []}]}, {'label': 'C7', 'children': [{'label': 'Gm7', 'children': []}, {'label': 'C7', 'children': []}]}]}]}]}]}]}]}, {'label': 'F^7', 'children': [{'label': 'F^7', 'children': []}, {'label': 'F6', 'children': [{'label': 'C7', 'children': [{'label': 'G7', 'children': [{'label': 'D7', 'children': [{'label': 'A7', 'children': [{'label': 'Bb7', 'children': []}, {'label': 'A7', 'children': []}]}, {'label': 'D7', 'children': []}]}, {'label': 'G7', 'children': []}]}, {'label': 'C7', 'children': []}]}, {'label': 'F6', 'children': []}]}]}]}, 'complete_constituent_tree': {'label': 'F^7', 'children': [{'label': 'F^7', 'children': [{'label': 'F^7', 'children': []}, {'label': 'F^7', 'children': []}]}, {'label': 'F^7', 'children': [{'label': 'C7', 'children': [{'label': 'E7', 'children': [{'label': 'B%7', 'children': []}, {'label': 'E7', 'children': []}]}, {'label': 'C7', 'children': [{'label': 'Gm7', 'children': [{'label': 'Gm7', 'children': []}, {'label': 'Gm7', 'children': []}]}, {'label': 'C7', 'children': [{'label': 'C7', 'children': []}, {'label': 'C7', 'children': []}]}]}]}, {'label': 'F^7', 'children': [{'label': 'F^7', 'children': [{'label': 'F^7', 'children': []}, {'label': 'F^7', 'children': []}]}, {'label': 'F^7', 'children': [{'label': 'C7', 'children': [{'label': 'E7', 'children': [{'label': 'B%7', 'children': []}, {'label': 'E7', 'children': []}]}, {'label': 'C7', 'children': [{'label': 'Gm7', 'children': [{'label': 'Gm7', 'children': []}, {'label': 'Gm7', 'children': []}]}, {'label': 'C7', 'children': [{'label': 'C7', 'children': [{'label': 'G7', 'children': [{'label': 'D7', 'children': [{'label': 'A7', 'children': [{'label': 'E%7', 'children': []}, {'label': 'A7', 'children': []}]}, {'label': 'D7', 'children': [{'label': 'D7', 'children': []}, {'label': 'D7', 'children': []}]}]}, {'label': 'G7', 'children': []}]}, {'label': 'C7', 'children': [{'label': 'Gm7', 'children': []}, {'label': 'C7', 'children': []}]}]}, {'label': 'C7', 'children': [{'label': 'G7', 'children': [{'label': 'Dm7', 'children': []}, {'label': 'G7', 'children': []}]}, {'label': 'C7', 'children': [{'label': 'Gm7', 'children': []}, {'label': 'C7', 'children': []}]}]}]}]}]}, {'label': 'F^7', 'children': [{'label': 'F^7', 'children': []}, {'label': 'F6', 'children': [{'label': 'C7', 'children': [{'label': 'G7', 'children': [{'label': 'D7', 'children': [{'label': 'A7', 'children': [{'label': 'Bb7', 'children': []}, {'label': 'A7', 'children': []}]}, {'label': 'D7', 'children': []}]}, {'label': 'G7', 'children': []}]}, {'label': 'C7', 'children': []}]}, {'label': 'F6', 'children': []}]}]}]}]}]}]}}]",
Sugar,"[1, 2, 2, 3, 4, 5, 6, 7, 8, 9, 10, 11, 12, 13, 14, 15, 16]","[1, 1, 3, 1, 1, 1, 1, 1, 1, 1, 1, 1, 1, 1, 1, 1, 1]","['Cm7', 'D%7', 'G7', 'Cm7', 'G7', 'Cm7', 'Cm7', 'Gsus', 'G7', 'Cm7', 'Gb7', 'Fm7', 'Eb7', 'D%7', 'G7', 'Cm7']","Turrentine, Stanley",1971,"{'numerator': 4, 'denominator': 4}",c,1.0,"[{'open_constituent_tree': {'label': 'Cm7', 'children': [{'label': 'G7*', 'children': [{'label': 'Cm7', 'children': [{'label': 'Cm7', 'children': [{'label': 'Cm7', 'children': []}, {'label': 'Cm7', 'children': [{'label': 'G7', 'children': [{'label': 'D%7', 'children': []}, {'label': 'G7', 'children': []}]}, {'label': 'Cm7', 'children': []}]}]}, {'label': 'Cm7', 'children': [{'label': 'G7', 'children': []}, {'label': 'Cm7', 'children': [{'label': 'Cm7', 'children': []}, {'label': 'Cm7', 'children': []}]}]}]}, {'label': 'G7', 'children': [{'label': 'Gsus', 'children': []}, {'label': 'G7', 'children': []}]}]}, {'label': 'Cm7', 'children': [{'label': 'Cm7', 'children': []}, {'label': 'Cm7', 'children': [{'label': 'G7', 'children': [{'label': 'Fm7', 'children': [{'label': 'Gb7', 'children': []}, {'label': 'Fm7', 'children': []}]}, {'label': 'G7', 'children': [{'label': 'D%7', 'children': [{'label': 'Eb7', 'children': []}, {'label': 'D%7', 'children': []}]}, {'label': 'G7', 'children': []}]}]}, {'label': 'Cm7', 'children': []}]}]}]}, 'complete_constituent_tree': {'label': 'Cm7', 'children': [{'label': 'Cm7', 'children': [{'label': 'Cm7', 'children': [{'label': 'Cm7', 'children': []}, {'label': 'Cm7', 'children': [{'label': 'G7', 'children': [{'label': 'D%7', 'children': []}, {'label': 'G7', 'children': []}]}, {'label': 'Cm7', 'children': []}]}]}, {'label': 'Cm7', 'children': [{'label': 'G7', 'children': []}, {'label': 'Cm7', 'children': [{'label': 'Cm7', 'children': []}, {'label': 'Cm7', 'children': []}]}]}]}, {'label': 'Cm7', 'children': [{'label': 'G7', 'children': [{'label': 'Gsus', 'children': []}, {'label': 'G7', 'children': []}]}, {'label': 'Cm7', 'children': [{'label': 'Cm7', 'children': []}, {'label': 'Cm7', 'children': [{'label': 'G7', 'children': [{'label': 'Fm7', 'children': [{'label': 'Gb7', 'children': []}, {'label': 'Fm7', 'children': []}]}, {'label': 'G7', 'children': [{'label': 'D%7', 'children': [{'label': 'Eb7', 'children': []}, {'label': 'D%7', 'children': []}]}, {'label': 'G7', 'children': []}]}]}, {'label': 'Cm7', 'children': []}]}]}]}]}}]",Last two chords corrected to use the second house.
Minor Strain,"[1, 2, 3, 4, 5, 6, 7, 8, 9, 10, 11, 12, 13, 14, 15, 15, 16, 16]","[1, 1, 1, 1, 1, 1, 1, 1, 1, 1, 1, 1, 1, 1, 1, 3, 1, 3]","['Dm7', 'Dm7', 'Dm7', 'Dm7', 'Cm7', 'Cm7', 'Cm7', 'Cm7', 'Gm7', 'Gm7', 'Bbm7', 'Eb7', 'Am7', 'Dm7']","Timmons, Bobby",1960,"{'numerator': 4, 'denominator': 4}",G,4.0,"[{'open_constituent_tree': {'label': 'Dm7', 'children': [{'label': 'Dm7', 'children': [{'label': 'Dm7', 'children': [{'label': 'Dm7', 'children': []}, {'label': 'Dm7', 'children': []}]}, {'label': 'Dm7', 'children': [{'label': 'Dm7', 'children': []}, {'label': 'Dm7', 'children': []}]}]}, {'label': 'Dm7', 'children': [{'label': 'Cm7', 'children': [{'label': 'Cm7', 'children': [{'label': 'Cm7', 'children': []}, {'label': 'Cm7', 'children': []}]}, {'label': 'Cm7', 'children': [{'label': 'Cm7', 'children': []}, {'label': 'Cm7', 'children': []}]}]}, {'label': 'Dm7', 'children': [{'label': 'Am7', 'children': [{'label': 'Gm7', 'children': [{'label': 'Gm7', 'children': []}, {'label': 'Gm7', 'children': []}]}, {'label': 'Am7', 'children': [{'label': 'Eb7', 'children': [{'label': 'Bbm7', 'children': []}, {'label': 'Eb7', 'children': []}]}, {'label': 'Am7', 'children': []}]}]}, {'label': 'Dm7', 'children': []}]}]}]}, 'complete_constituent_tree': {'label': 'Dm7', 'children': [{'label': 'Dm7', 'children': [{'label': 'Dm7', 'children': [{'label': 'Dm7', 'children': []}, {'label': 'Dm7', 'children': []}]}, {'label': 'Dm7', 'children': [{'label': 'Dm7', 'children': []}, {'label': 'Dm7', 'children': []}]}]}, {'label': 'Dm7', 'children': [{'label': 'Cm7', 'children': [{'label': 'Cm7', 'children': [{'label': 'Cm7', 'children': []}, {'label': 'Cm7', 'children': []}]}, {'label': 'Cm7', 'children': [{'label': 'Cm7', 'children': []}, {'label': 'Cm7', 'children': []}]}]}, {'label': 'Dm7', 'children': [{'label': 'Am7', 'children': [{'label': 'Gm7', 'children': [{'label': 'Gm7', 'children': []}, {'label': 'Gm7', 'children': []}]}, {'label': 'Am7', 'children': [{'label': 'Eb7', 'children': [{'label': 'Bbm7', 'children': []}, {'label': 'Eb7', 'children': []}]}, {'label': 'Am7', 'children': []}]}]}, {'label': 'Dm7', 'children': []}]}]}]}}]",chords corrected according to https://www.youtube.com/watch?v=G-LLMy9qjTM.
"Best Things In Life Are Free, The","[1, 2, 3, 4, 5, 6, 6, 7, 8, 9, 10, 11, 12, 13, 14, 14, 15, 15, 16, 16, 17, 18, 19, 20, 21, 22, 23, 24, 25, 26, 27, 28, 29, 30, 30, 31, 32]","[1, 1, 1, 1, 1, 1, 3, 1, 1, 1, 1, 1, 1, 1, 1, 3, 1, 3, 1, 3, 1, 1, 1, 1, 1, 1, 1, 1, 1, 1, 1, 1, 1, 1, 3, 1, 1]","['C6', 'C6', 'C^7', 'C^7', 'C6', 'C6', 'Ebo7', 'Dm7', 'G7', 'Dm7', 'Dm7', 'Dm7', 'Dm7', 'G7', 'Dm7', 'G7', 'C^7', 'C#o7', 'Dm7', 'G7', 'C7', 'C7', 'F^7', 'F^7', 'D7', 'D7', 'Dm7', 'G7', 'C6', 'C6', 'Em7', 'A7', 'Dm7', 'Dm7', 'G7', 'C6', 'C6']","DeSylva, B.G. & Brown, Lew & Henderson, Ray",1927,"{'numerator': 4, 'denominator': 4}",C,0.0,"[{'open_constituent_tree': {'label': 'C6', 'children': [{'label': 'C^7', 'children': [{'label': 'G7*', 'children': [{'label': 'C6', 'children': [{'label': 'C6', 'children': [{'label': 'C6', 'children': [{'label': 'C6', 'children': []}, {'label': 'C6', 'children': []}]}, {'label': 'C^7', 'children': [{'label': 'C^7', 'children': []}, {'label': 'C^7', 'children': []}]}]}, {'label': 'C6', 'children': [{'label': 'C6', 'children': []}, {'label': 'C6', 'children': []}]}]}, {'label': 'G7', 'children': [{'label': 'Ebo7', 'children': []}, {'label': 'G7', 'children': [{'label': 'Dm7', 'children': []}, {'label': 'G7', 'children': []}]}]}]}, {'label': 'C^7', 'children': [{'label': 'G7', 'children': [{'label': 'Dm7', 'children': [{'label': 'Dm7', 'children': [{'label': 'Dm7', 'children': []}, {'label': 'Dm7', 'children': []}]}, {'label': 'Dm7', 'children': [{'label': 'Dm7', 'children': []}, {'label': 'Dm7', 'children': []}]}]}, {'label': 'G7', 'children': [{'label': 'G7', 'children': []}, {'label': 'G7', 'children': [{'label': 'Dm7', 'children': []}, {'label': 'G7', 'children': []}]}]}]}, {'label': 'C^7', 'children': []}]}]}, {'label': 'C6', 'children': [{'label': 'G7', 'children': [{'label': 'F^7', 'children': [{'label': 'C7', 'children': [{'label': 'G7', 'children': [{'label': 'Dm7', 'children': [{'label': 'C#o7', 'children': []}, {'label': 'Dm7', 'children': []}]}, {'label': 'G7', 'children': []}]}, {'label': 'C7', 'children': [{'label': 'C7', 'children': []}, {'label': 'C7', 'children': []}]}]}, {'label': 'F^7', 'children': [{'label': 'F^7', 'children': []}, {'label': 'F^7', 'children': []}]}]}, {'label': 'G7', 'children': [{'label': 'D7', 'children': [{'label': 'D7', 'children': []}, {'label': 'D7', 'children': []}]}, {'label': 'G7', 'children': [{'label': 'Dm7', 'children': []}, {'label': 'G7', 'children': []}]}]}]}, {'label': 'C6', 'children': [{'label': 'C6', 'children': [{'label': 'C6', 'children': []}, {'label': 'C6', 'children': []}]}, {'label': 'C6', 'children': [{'label': 'G7', 'children': [{'label': 'Dm7', 'children': [{'label': 'A7', 'children': [{'label': 'Em7', 'children': []}, {'label': 'A7', 'children': []}]}, {'label': 'Dm7', 'children': [{'label': 'Dm7', 'children': []}, {'label': 'Dm7', 'children': []}]}]}, {'label': 'G7', 'children': []}]}, {'label': 'C6', 'children': [{'label': 'C6', 'children': []}, {'label': 'C6', 'children': []}]}]}]}]}]}, 'complete_constituent_tree': {'label': 'C6', 'children': [{'label': 'C^7', 'children': [{'label': 'C6', 'children': [{'label': 'C6', 'children': [{'label': 'C6', 'children': [{'label': 'C6', 'children': []}, {'label': 'C6', 'children': []}]}, {'label': 'C^7', 'children': [{'label': 'C^7', 'children': []}, {'label': 'C^7', 'children': []}]}]}, {'label': 'C6', 'children': [{'label': 'C6', 'children': []}, {'label': 'C6', 'children': []}]}]}, {'label': 'C^7', 'children': [{'label': 'G7', 'children': [{'label': 'Ebo7', 'children': []}, {'label': 'G7', 'children': [{'label': 'Dm7', 'children': []}, {'label': 'G7', 'children': []}]}]}, {'label': 'C^7', 'children': [{'label': 'G7', 'children': [{'label': 'Dm7', 'children': [{'label': 'Dm7', 'children': [{'label': 'Dm7', 'children': []}, {'label': 'Dm7', 'children': []}]}, {'label': 'Dm7', 'children': [{'label': 'Dm7', 'children': []}, {'label': 'Dm7', 'children': []}]}]}, {'label': 'G7', 'children': [{'label': 'G7', 'children': []}, {'label': 'G7', 'children': [{'label': 'Dm7', 'children': []}, {'label': 'G7', 'children': []}]}]}]}, {'label': 'C^7', 'children': []}]}]}]}, {'label': 'C6', 'children': [{'label': 'G7', 'children': [{'label': 'F^7', 'children': [{'label': 'C7', 'children': [{'label': 'G7', 'children': [{'label': 'Dm7', 'children': [{'label': 'C#o7', 'children': []}, {'label': 'Dm7', 'children': []}]}, {'label': 'G7', 'children': []}]}, {'label': 'C7', 'children': [{'label': 'C7', 'children': []}, {'label': 'C7', 'children': []}]}]}, {'label': 'F^7', 'children': [{'label': 'F^7', 'children': []}, {'label': 'F^7', 'children': []}]}]}, {'label': 'G7', 'children': [{'label': 'D7', 'children': [{'label': 'D7', 'children': []}, {'label': 'D7', 'children': []}]}, {'label': 'G7', 'children': [{'label': 'Dm7', 'children': []}, {'label': 'G7', 'children': []}]}]}]}, {'label': 'C6', 'children': [{'label': 'C6', 'children': [{'label': 'C6', 'children': []}, {'label': 'C6', 'children': []}]}, {'label': 'C6', 'children': [{'label': 'G7', 'children': [{'label': 'Dm7', 'children': [{'label': 'A7', 'children': [{'label': 'Em7', 'children': []}, {'label': 'A7', 'children': []}]}, {'label': 'Dm7', 'children': [{'label': 'Dm7', 'children': []}, {'label': 'Dm7', 'children': []}]}]}, {'label': 'G7', 'children': []}]}, {'label': 'C6', 'children': [{'label': 'C6', 'children': []}, {'label': 'C6', 'children': []}]}]}]}]}]}}]",
Candy,"[1, 2, 3, 4, 5, 6, 7, 8, 8, 9, 10, 11, 12, 13, 14, 15, 15, 16, 17, 18, 19, 20, 21, 22, 23, 24, 24, 25, 26, 27, 28, 29, 30, 31, 31, 32]","[1, 1, 1, 1, 1, 1, 1, 1, 3, 1, 1, 1, 1, 1, 1, 1, 3, 1, 1, 1, 1, 1, 1, 1, 1, 1, 3, 1, 1, 1, 1, 1, 1, 1, 3, 1]","['Eb^7', 'Ebm6', 'Dm7', 'Dbo7', 'Cm7', 'F7', 'Bb6', 'Fm7', 'Bb7', 'Eb^7', 'Ebm6', 'Dm7', 'Dbo7', 'Cm7', 'F7', 'Bb6', 'Eb7', 'Bb6', 'Am7', 'D7', 'Dm7', 'G7', 'Gm7', 'C7', 'Cm7', 'F7', 'Bb7', 'Eb^7', 'Ebm6', 'Dm7', 'Dbo7', 'Cm7', 'F7', 'Bb6', 'Eb7', 'Bb6']",Mack David & Joan Whitney & Alex Kramer,1944,"{'numerator': 4, 'denominator': 4}",B-,0.0,"[{'open_constituent_tree': {'label': 'Bb6', 'children': [{'label': 'Bb6', 'children': [{'label': 'Bb6', 'children': [{'label': 'F7', 'children': [{'label': 'Cm7', 'children': [{'label': 'Dbo7', 'children': [{'label': 'Dm7', 'children': [{'label': 'Ebm6', 'children': [{'label': 'Eb^7', 'children': []}, {'label': 'Ebm6', 'children': []}]}, {'label': 'Dm7', 'children': []}]}, {'label': 'Dbo7', 'children': []}]}, {'label': 'Cm7', 'children': []}]}, {'label': 'F7', 'children': []}]}, {'label': 'Bb6', 'children': []}]}, {'label': 'Bb6', 'children': [{'label': 'F7', 'children': [{'label': 'Cm7', 'children': [{'label': 'Dbo7', 'children': [{'label': 'Dm7', 'children': [{'label': 'Ebm6', 'children': [{'label': 'Eb^7', 'children': [{'label': 'Bb7', 'children': [{'label': 'Fm7', 'children': []}, {'label': 'Bb7', 'children': []}]}, {'label': 'Eb^7', 'children': []}]}, {'label': 'Ebm6', 'children': []}]}, {'label': 'Dm7', 'children': []}]}, {'label': 'Dbo7', 'children': []}]}, {'label': 'Cm7', 'children': []}]}, {'label': 'F7', 'children': []}]}, {'label': 'Bb6', 'children': [{'label': 'Bb6', 'children': []}, {'label': 'Bb6', 'children': [{'label': 'Eb7', 'children': []}, {'label': 'Bb6', 'children': []}]}]}]}]}, {'label': 'Bb6', 'children': [{'label': 'F7', 'children': [{'label': 'C7', 'children': [{'label': 'G7', 'children': [{'label': 'D7', 'children': [{'label': 'Am7', 'children': []}, {'label': 'D7', 'children': []}]}, {'label': 'G7', 'children': [{'label': 'Dm7', 'children': []}, {'label': 'G7', 'children': []}]}]}, {'label': 'C7', 'children': [{'label': 'Gm7', 'children': []}, {'label': 'C7', 'children': []}]}]}, {'label': 'F7', 'children': [{'label': 'Cm7', 'children': []}, {'label': 'F7', 'children': []}]}]}, {'label': 'Bb6', 'children': [{'label': 'F7', 'children': [{'label': 'Cm7', 'children': [{'label': 'Dbo7', 'children': [{'label': 'Dm7', 'children': [{'label': 'Ebm6', 'children': [{'label': 'Eb^7', 'children': [{'label': 'Bb7', 'children': []}, {'label': 'Eb^7', 'children': []}]}, {'label': 'Ebm6', 'children': []}]}, {'label': 'Dm7', 'children': []}]}, {'label': 'Dbo7', 'children': []}]}, {'label': 'Cm7', 'children': []}]}, {'label': 'F7', 'children': []}]}, {'label': 'Bb6', 'children': [{'label': 'Bb6', 'children': []}, {'label': 'Bb6', 'children': [{'label': 'Eb7', 'children': []}, {'label': 'Bb6', 'children': []}]}]}]}]}]}, 'complete_constituent_tree': {'label': 'Bb6', 'children': [{'label': 'Bb6', 'children': [{'label': 'Bb6', 'children': [{'label': 'F7', 'children': [{'label': 'Cm7', 'children': [{'label': 'Dbo7', 'children': [{'label': 'Dm7', 'children': [{'label': 'Ebm6', 'children': [{'label': 'Eb^7', 'children': []}, {'label': 'Ebm6', 'children': []}]}, {'label': 'Dm7', 'children': []}]}, {'label': 'Dbo7', 'children': []}]}, {'label': 'Cm7', 'children': []}]}, {'label': 'F7', 'children': []}]}, {'label': 'Bb6', 'children': []}]}, {'label': 'Bb6', 'children': [{'label': 'F7', 'children': [{'label': 'Cm7', 'children': [{'label': 'Dbo7', 'children': [{'label': 'Dm7', 'children': [{'label': 'Ebm6', 'children': [{'label': 'Eb^7', 'children': [{'label': 'Bb7', 'children': [{'label': 'Fm7', 'children': []}, {'label': 'Bb7', 'children': []}]}, {'label': 'Eb^7', 'children': []}]}, {'label': 'Ebm6', 'children': []}]}, {'label': 'Dm7', 'children': []}]}, {'label': 'Dbo7', 'children': []}]}, {'label': 'Cm7', 'children': []}]}, {'label': 'F7', 'children': []}]}, {'label': 'Bb6', 'children': [{'label': 'Bb6', 'children': []}, {'label': 'Bb6', 'children': [{'label': 'Eb7', 'children': []}, {'label': 'Bb6', 'children': []}]}]}]}]}, {'label': 'Bb6', 'children': [{'label': 'F7', 'children': [{'label': 'C7', 'children': [{'label': 'G7', 'children': [{'label': 'D7', 'children': [{'label': 'Am7', 'children': []}, {'label': 'D7', 'children': []}]}, {'label': 'G7', 'children': [{'label': 'Dm7', 'children': []}, {'label': 'G7', 'children': []}]}]}, {'label': 'C7', 'children': [{'label': 'Gm7', 'children': []}, {'label': 'C7', 'children': []}]}]}, {'label': 'F7', 'children': [{'label': 'Cm7', 'children': []}, {'label': 'F7', 'children': []}]}]}, {'label': 'Bb6', 'children': [{'label': 'F7', 'children': [{'label': 'Cm7', 'children': [{'label': 'Dbo7', 'children': [{'label': 'Dm7', 'children': [{'label': 'Ebm6', 'children': [{'label': 'Eb^7', 'children': [{'label': 'Bb7', 'children': []}, {'label': 'Eb^7', 'children': []}]}, {'label': 'Ebm6', 'children': []}]}, {'label': 'Dm7', 'children': []}]}, {'label': 'Dbo7', 'children': []}]}, {'label': 'Cm7', 'children': []}]}, {'label': 'F7', 'children': []}]}, {'label': 'Bb6', 'children': [{'label': 'Bb6', 'children': []}, {'label': 'Bb6', 'children': [{'label': 'Eb7', 'children': []}, {'label': 'Bb6', 'children': []}]}]}]}]}]}}]",Ebm6 interpreted as substituted Ab7 (dominant to Bb6)
Got A Match?,"[1, 2, 3, 4, 5, 6, 7, 8, 9, 9, 10, 10, 11, 12, 12, 13, 14, 14, 15, 16]","[1, 1, 1, 1, 1, 1, 1, 1, 1, 3, 1, 3, 1, 1, 3, 1, 1, 3, 1, 1]","['Dm7', 'A7', 'Dm7', 'D7', 'Gm7', 'D7', 'Gm7', 'Gm7', 'Em7', 'A7', 'Fm7', 'Bb7', 'Eb^7', 'Em7', 'A7', 'Dm7', 'E%7', 'A7', 'Dm7']","Corea, Chick",1990,"{'numerator': 4, 'denominator': 4}",d,1.0,"[{'open_constituent_tree': {'label': 'Dm7', 'children': [{'label': 'Dm7', 'children': [{'label': 'Dm7', 'children': []}, {'label': 'Dm7', 'children': [{'label': 'A7', 'children': []}, {'label': 'Dm7', 'children': []}]}]}, {'label': 'Dm7', 'children': [{'label': 'A7', 'children': [{'label': 'Gm7', 'children': [{'label': 'Gm7', 'children': [{'label': 'D7', 'children': []}, {'label': 'Gm7', 'children': []}]}, {'label': 'Gm7', 'children': [{'label': 'D7', 'children': []}, {'label': 'Gm7', 'children': [{'label': 'Gm7', 'children': []}, {'label': 'Gm7', 'children': []}]}]}]}, {'label': 'A7', 'children': [{'label': 'A7', 'children': [{'label': 'Em7', 'children': []}, {'label': 'A7', 'children': []}]}, {'label': 'A7', 'children': [{'label': 'Eb^7', 'children': [{'label': 'Bb7', 'children': [{'label': 'Fm7', 'children': []}, {'label': 'Bb7', 'children': []}]}, {'label': 'Eb^7', 'children': []}]}, {'label': 'A7', 'children': [{'label': 'Em7', 'children': []}, {'label': 'A7', 'children': []}]}]}]}]}, {'label': 'Dm7', 'children': [{'label': 'Dm7', 'children': []}, {'label': 'Dm7', 'children': [{'label': 'A7', 'children': [{'label': 'E%7', 'children': []}, {'label': 'A7', 'children': []}]}, {'label': 'Dm7', 'children': []}]}]}]}]}, 'complete_constituent_tree': {'label': 'Dm7', 'children': [{'label': 'Dm7', 'children': [{'label': 'Dm7', 'children': []}, {'label': 'Dm7', 'children': [{'label': 'A7', 'children': []}, {'label': 'Dm7', 'children': []}]}]}, {'label': 'Dm7', 'children': [{'label': 'A7', 'children': [{'label': 'Gm7', 'children': [{'label': 'Gm7', 'children': [{'label': 'D7', 'children': []}, {'label': 'Gm7', 'children': []}]}, {'label': 'Gm7', 'children': [{'label': 'D7', 'children': []}, {'label': 'Gm7', 'children': [{'label': 'Gm7', 'children': []}, {'label': 'Gm7', 'children': []}]}]}]}, {'label': 'A7', 'children': [{'label': 'A7', 'children': [{'label': 'Em7', 'children': []}, {'label': 'A7', 'children': []}]}, {'label': 'A7', 'children': [{'label': 'Eb^7', 'children': [{'label': 'Bb7', 'children': [{'label': 'Fm7', 'children': []}, {'label': 'Bb7', 'children': []}]}, {'label': 'Eb^7', 'children': []}]}, {'label': 'A7', 'children': [{'label': 'Em7', 'children': []}, {'label': 'A7', 'children': []}]}]}]}]}, {'label': 'Dm7', 'children': [{'label': 'Dm7', 'children': []}, {'label': 'Dm7', 'children': [{'label': 'A7', 'children': [{'label': 'E%7', 'children': []}, {'label': 'A7', 'children': []}]}, {'label': 'Dm7', 'children': []}]}]}]}]}}]",
This Can't Be Love,"[1, 2, 3, 4, 5, 6, 7, 8, 9, 10, 11, 12, 13, 13, 14, 14, 15, 16, 17, 18, 19, 20, 21, 22, 23, 24, 25, 26, 27, 28, 29, 29, 30, 30, 31, 32]","[1, 1, 1, 1, 1, 1, 1, 1, 1, 1, 1, 1, 1, 3, 1, 3, 1, 1, 1, 1, 1, 1, 1, 1, 1, 1, 1, 1, 1, 1, 1, 3, 1, 3, 1, 1]","['F^7', 'F^7', 'Bb7', 'Bb7', 'F^7', 'Dm7', 'Gm7', 'C7', 'F^7', 'F^7', 'Bb7', 'Bb7', 'Am7', 'Dm7', 'Gm7', 'C7', 'F6', 'F6', 'Em7', 'A7', 'Dm7', 'Dm7', 'A%7', 'D7', 'Gm7', 'C7', 'F^7', 'F^7', 'Bb7', 'Bb7', 'Am7', 'Dm7', 'Gm7', 'C7', 'F6', 'F6']","Rodgers, Richard",1938,"{'numerator': 4, 'denominator': 4}",F,0.0,"[{'open_constituent_tree': {'label': 'F6', 'children': [{'label': 'F6', 'children': [{'label': 'C7*', 'children': [{'label': 'F^7', 'children': [{'label': 'F^7', 'children': [{'label': 'F^7', 'children': []}, {'label': 'F^7', 'children': []}]}, {'label': 'F^7', 'children': [{'label': 'Bb7', 'children': [{'label': 'Bb7', 'children': []}, {'label': 'Bb7', 'children': []}]}, {'label': 'F^7', 'children': []}]}]}, {'label': 'C7', 'children': [{'label': 'Gm7', 'children': [{'label': 'Dm7', 'children': []}, {'label': 'Gm7', 'children': []}]}, {'label': 'C7', 'children': []}]}]}, {'label': 'F6', 'children': [{'label': 'F^7', 'children': [{'label': 'F^7', 'children': []}, {'label': 'F^7', 'children': []}]}, {'label': 'F6', 'children': [{'label': 'C7', 'children': [{'label': 'Gm7', 'children': [{'label': 'Dm7', 'children': [{'label': 'Am7', 'children': [{'label': 'Bb7', 'children': [{'label': 'Bb7', 'children': []}, {'label': 'Bb7', 'children': []}]}, {'label': 'Am7', 'children': []}]}, {'label': 'Dm7', 'children': []}]}, {'label': 'Gm7', 'children': []}]}, {'label': 'C7', 'children': []}]}, {'label': 'F6', 'children': [{'label': 'F6', 'children': []}, {'label': 'F6', 'children': []}]}]}]}]}, {'label': 'F6', 'children': [{'label': 'C7', 'children': [{'label': 'Gm7', 'children': [{'label': 'Dm7', 'children': [{'label': 'A7', 'children': [{'label': 'Em7', 'children': []}, {'label': 'A7', 'children': []}]}, {'label': 'Dm7', 'children': [{'label': 'Dm7', 'children': []}, {'label': 'Dm7', 'children': []}]}]}, {'label': 'Gm7', 'children': [{'label': 'D7', 'children': [{'label': 'A%7', 'children': []}, {'label': 'D7', 'children': []}]}, {'label': 'Gm7', 'children': []}]}]}, {'label': 'C7', 'children': []}]}, {'label': 'F6', 'children': [{'label': 'F^7', 'children': [{'label': 'F^7', 'children': []}, {'label': 'F^7', 'children': []}]}, {'label': 'F6', 'children': [{'label': 'C7', 'children': [{'label': 'Gm7', 'children': [{'label': 'Dm7', 'children': [{'label': 'Am7', 'children': [{'label': 'Bb7', 'children': [{'label': 'Bb7', 'children': []}, {'label': 'Bb7', 'children': []}]}, {'label': 'Am7', 'children': []}]}, {'label': 'Dm7', 'children': []}]}, {'label': 'Gm7', 'children': []}]}, {'label': 'C7', 'children': []}]}, {'label': 'F6', 'children': [{'label': 'F6', 'children': []}, {'label': 'F6', 'children': []}]}]}]}]}]}, 'complete_constituent_tree': {'label': 'F6', 'children': [{'label': 'F6', 'children': [{'label': 'F^7', 'children': [{'label': 'F^7', 'children': [{'label': 'F^7', 'children': []}, {'label': 'F^7', 'children': []}]}, {'label': 'F^7', 'children': [{'label': 'Bb7', 'children': [{'label': 'Bb7', 'children': []}, {'label': 'Bb7', 'children': []}]}, {'label': 'F^7', 'children': []}]}]}, {'label': 'F6', 'children': [{'label': 'C7', 'children': [{'label': 'Gm7', 'children': [{'label': 'Dm7', 'children': []}, {'label': 'Gm7', 'children': []}]}, {'label': 'C7', 'children': []}]}, {'label': 'F6', 'children': [{'label': 'F^7', 'children': [{'label': 'F^7', 'children': []}, {'label': 'F^7', 'children': []}]}, {'label': 'F6', 'children': [{'label': 'C7', 'children': [{'label': 'Gm7', 'children': [{'label': 'Dm7', 'children': [{'label': 'Am7', 'children': [{'label': 'Bb7', 'children': [{'label': 'Bb7', 'children': []}, {'label': 'Bb7', 'children': []}]}, {'label': 'Am7', 'children': []}]}, {'label': 'Dm7', 'children': []}]}, {'label': 'Gm7', 'children': []}]}, {'label': 'C7', 'children': []}]}, {'label': 'F6', 'children': [{'label': 'F6', 'children': []}, {'label': 'F6', 'children': []}]}]}]}]}]}, {'label': 'F6', 'children': [{'label': 'C7', 'children': [{'label': 'Gm7', 'children': [{'label': 'Dm7', 'children': [{'label': 'A7', 'children': [{'label': 'Em7', 'children': []}, {'label': 'A7', 'children': []}]}, {'label': 'Dm7', 'children': [{'label': 'Dm7', 'children': []}, {'label': 'Dm7', 'children': []}]}]}, {'label': 'Gm7', 'children': [{'label': 'D7', 'children': [{'label': 'A%7', 'children': []}, {'label': 'D7', 'children': []}]}, {'label': 'Gm7', 'children': []}]}]}, {'label': 'C7', 'children': []}]}, {'label': 'F6', 'children': [{'label': 'F^7', 'children': [{'label': 'F^7', 'children': []}, {'label': 'F^7', 'children': []}]}, {'label': 'F6', 'children': [{'label': 'C7', 'children': [{'label': 'Gm7', 'children': [{'label': 'Dm7', 'children': [{'label': 'Am7', 'children': [{'label': 'Bb7', 'children': [{'label': 'Bb7', 'children': []}, {'label': 'Bb7', 'children': []}]}, {'label': 'Am7', 'children': []}]}, {'label': 'Dm7', 'children': []}]}, {'label': 'Gm7', 'children': []}]}, {'label': 'C7', 'children': []}]}, {'label': 'F6', 'children': [{'label': 'F6', 'children': []}, {'label': 'F6', 'children': []}]}]}]}]}]}}]",
Equinox,"[1, 2, 3, 4, 5, 6, 7, 8, 9, 10, 11, 12]","[1, 1, 1, 1, 1, 1, 1, 1, 1, 1, 1, 1]","['C#m7', 'C#m7', 'C#m7', 'C#m7', 'F#m7', 'F#m7', 'C#m7', 'C#m7', 'A7', 'G#7', 'C#m7', 'C#m7']","Coltrane, John",1960,"{'numerator': 4, 'denominator': 4}",c#,,"[{'open_constituent_tree': {'label': 'C#m7', 'children': [{'label': 'C#m7', 'children': [{'label': 'C#m7', 'children': [{'label': 'C#m7', 'children': [{'label': 'C#m7', 'children': []}, {'label': 'C#m7', 'children': []}]}, {'label': 'C#m7', 'children': [{'label': 'C#m7', 'children': []}, {'label': 'C#m7', 'children': []}]}]}, {'label': 'C#m7', 'children': [{'label': 'F#m7', 'children': [{'label': 'F#m7', 'children': []}, {'label': 'F#m7', 'children': []}]}, {'label': 'C#m7', 'children': [{'label': 'C#m7', 'children': []}, {'label': 'C#m7', 'children': []}]}]}]}, {'label': 'C#m7', 'children': [{'label': 'G#7', 'children': [{'label': 'A7', 'children': []}, {'label': 'G#7', 'children': []}]}, {'label': 'C#m7', 'children': [{'label': 'C#m7', 'children': []}, {'label': 'C#m7', 'children': []}]}]}]}, 'complete_constituent_tree': {'label': 'C#m7', 'children': [{'label': 'C#m7', 'children': [{'label': 'C#m7', 'children': [{'label': 'C#m7', 'children': [{'label': 'C#m7', 'children': []}, {'label': 'C#m7', 'children': []}]}, {'label': 'C#m7', 'children': [{'label': 'C#m7', 'children': []}, {'label': 'C#m7', 'children': []}]}]}, {'label': 'C#m7', 'children': [{'label': 'F#m7', 'children': [{'label': 'F#m7', 'children': []}, {'label': 'F#m7', 'children': []}]}, {'label': 'C#m7', 'children': [{'label': 'C#m7', 'children': []}, {'label': 'C#m7', 'children': []}]}]}]}, {'label': 'C#m7', 'children': [{'label': 'G#7', 'children': [{'label': 'A7', 'children': []}, {'label': 'G#7', 'children': []}]}, {'label': 'C#m7', 'children': [{'label': 'C#m7', 'children': []}, {'label': 'C#m7', 'children': []}]}]}]}}]",
Paper Doll,"[1, 1, 2, 3, 4, 5, 5, 6, 6, 7, 8, 9, 9, 10, 11, 11, 12, 13, 13, 14, 14, 14, 15, 15, 16]","[1, 3, 1, 1, 1, 1, 3, 1, 3, 1, 1, 1, 3, 1, 1, 3, 1, 1, 3, 1, 2, 3, 1, 3, 1]","['F^7', 'D7', 'G7', 'C7', 'F6', 'F^7', 'Fm^7', 'C^7', 'A7', 'G7', 'C7', 'Gm7', 'C7', 'F6', 'Gm7', 'C7', 'A7', 'Bb^', 'Bo7', 'F^', 'A7', 'D7', 'Gm7', 'C7', 'F6']","Black, Johnny",1943,"{'numerator': 4, 'denominator': 4}",F,0.0,"[{'open_constituent_tree': {'label': 'F6', 'children': [{'label': 'C7*', 'children': [{'label': 'F^7', 'children': [{'label': 'F^7', 'children': []}, {'label': 'F6', 'children': [{'label': 'C7', 'children': [{'label': 'G7', 'children': [{'label': 'D7', 'children': []}, {'label': 'G7', 'children': []}]}, {'label': 'C7', 'children': []}]}, {'label': 'F6', 'children': []}]}]}, {'label': 'C7', 'children': [{'label': 'A7', 'children': [{'label': 'C^7', 'children': [{'label': 'Fm^7', 'children': [{'label': 'F^7', 'children': []}, {'label': 'Fm^7', 'children': []}]}, {'label': 'C^7', 'children': []}]}, {'label': 'A7', 'children': []}]}, {'label': 'C7', 'children': [{'label': 'G7', 'children': []}, {'label': 'C7', 'children': []}]}]}]}, {'label': 'F6', 'children': [{'label': 'F6', 'children': [{'label': 'C7', 'children': [{'label': 'Gm7', 'children': []}, {'label': 'C7', 'children': []}]}, {'label': 'F6', 'children': []}]}, {'label': 'F6', 'children': [{'label': 'C7', 'children': [{'label': 'C7', 'children': [{'label': 'Gm7', 'children': []}, {'label': 'C7', 'children': []}]}, {'label': 'A7', 'children': []}]}, {'label': 'F6', 'children': [{'label': 'C7', 'children': [{'label': 'F^', 'children': [{'label': 'Bb^', 'children': [{'label': 'Bb^', 'children': []}, {'label': 'Bo7', 'children': []}]}, {'label': 'F^', 'children': []}]}, {'label': 'C7', 'children': [{'label': 'Gm7', 'children': [{'label': 'D7', 'children': [{'label': 'A7', 'children': []}, {'label': 'D7', 'children': []}]}, {'label': 'Gm7', 'children': []}]}, {'label': 'C7', 'children': []}]}]}, {'label': 'F6', 'children': []}]}]}]}]}, 'complete_constituent_tree': {'label': 'F6', 'children': [{'label': 'F^7', 'children': [{'label': 'F^7', 'children': []}, {'label': 'F6', 'children': [{'label': 'C7', 'children': [{'label': 'G7', 'children': [{'label': 'D7', 'children': []}, {'label': 'G7', 'children': []}]}, {'label': 'C7', 'children': []}]}, {'label': 'F6', 'children': []}]}]}, {'label': 'F6', 'children': [{'label': 'C7', 'children': [{'label': 'A7', 'children': [{'label': 'C^7', 'children': [{'label': 'Fm^7', 'children': [{'label': 'F^7', 'children': []}, {'label': 'Fm^7', 'children': []}]}, {'label': 'C^7', 'children': []}]}, {'label': 'A7', 'children': []}]}, {'label': 'C7', 'children': [{'label': 'G7', 'children': []}, {'label': 'C7', 'children': []}]}]}, {'label': 'F6', 'children': [{'label': 'F6', 'children': [{'label': 'C7', 'children': [{'label': 'Gm7', 'children': []}, {'label': 'C7', 'children': []}]}, {'label': 'F6', 'children': []}]}, {'label': 'F6', 'children': [{'label': 'C7', 'children': [{'label': 'C7', 'children': [{'label': 'Gm7', 'children': []}, {'label': 'C7', 'children': []}]}, {'label': 'A7', 'children': []}]}, {'label': 'F6', 'children': [{'label': 'C7', 'children': [{'label': 'F^', 'children': [{'label': 'Bb^', 'children': [{'label': 'Bb^', 'children': []}, {'label': 'Bo7', 'children': []}]}, {'label': 'F^', 'children': []}]}, {'label': 'C7', 'children': [{'label': 'Gm7', 'children': [{'label': 'D7', 'children': [{'label': 'A7', 'children': []}, {'label': 'D7', 'children': []}]}, {'label': 'Gm7', 'children': []}]}, {'label': 'C7', 'children': []}]}]}, {'label': 'F6', 'children': []}]}]}]}]}]}}]","F^m7 (m5) and A7 (m6), and are voice-leading chords. F (m14) is a low tonic."
Dancing In The Dark,"[1, 2, 3, 4, 5, 6, 7, 8, 9, 10, 11, 12, 13, 14, 15, 15, 16, 17, 18, 19, 20, 21, 22, 23, 24, 24, 25, 26, 27, 28, 29, 30, 30, 31, 32, 32]","[1, 1, 1, 1, 1, 1, 1, 1, 1, 1, 1, 1, 1, 1, 1, 3, 1, 1, 1, 1, 1, 1, 1, 1, 1, 3, 1, 1, 1, 1, 1, 1, 3, 1, 1, 3]","['C^7', 'C^7', 'Co7', 'Co7', 'Dm7', 'Dm7', 'D%7', 'G7', 'C^7', 'Cm7', 'E%7', 'A7', 'D%7', 'D%7', 'D%7', 'Ab7', 'G7', 'C^7', 'C^7', 'Co7', 'Co7', 'Dm7', 'Dm7', 'D%7', 'D%7', 'G7', 'C^7', 'Cm7', 'Eb7', 'Db7', 'C6', 'D%7', 'Gsus', 'C6']","Schwartz, Arthur",1931,"{'numerator': 4, 'denominator': 4}",C,2.0,"[{'open_constituent_tree': {'label': 'C6', 'children': [{'label': 'G7*', 'children': [{'label': 'C^7', 'children': [{'label': 'C^7', 'children': []}, {'label': 'C^7', 'children': []}]}, {'label': 'G7', 'children': [{'label': 'D%7', 'children': [{'label': 'C^7', 'children': [{'label': 'G7', 'children': [{'label': 'Co7', 'children': [{'label': 'Co7', 'children': []}, {'label': 'Co7', 'children': []}]}, {'label': 'G7', 'children': [{'label': 'Dm7', 'children': [{'label': 'Dm7', 'children': []}, {'label': 'Dm7', 'children': []}]}, {'label': 'G7', 'children': [{'label': 'D%7', 'children': []}, {'label': 'G7', 'children': []}]}]}]}, {'label': 'C^7', 'children': [{'label': 'C^7', 'children': []}, {'label': 'Cm7', 'children': []}]}]}, {'label': 'D%7', 'children': [{'label': 'A7', 'children': [{'label': 'E%7', 'children': []}, {'label': 'A7', 'children': []}]}, {'label': 'D%7', 'children': [{'label': 'D%7', 'children': []}, {'label': 'D%7', 'children': []}]}]}]}, {'label': 'G7', 'children': [{'label': 'D%7', 'children': []}, {'label': 'G7', 'children': [{'label': 'Ab7', 'children': []}, {'label': 'G7', 'children': []}]}]}]}]}, {'label': 'C6', 'children': [{'label': 'C^7', 'children': [{'label': 'C^7', 'children': []}, {'label': 'C^7', 'children': []}]}, {'label': 'C6', 'children': [{'label': 'Gsus', 'children': [{'label': 'D%7', 'children': [{'label': 'C^7', 'children': [{'label': 'G7', 'children': [{'label': 'Co7', 'children': [{'label': 'Co7', 'children': []}, {'label': 'Co7', 'children': []}]}, {'label': 'G7', 'children': [{'label': 'Dm7', 'children': [{'label': 'Dm7', 'children': []}, {'label': 'Dm7', 'children': []}]}, {'label': 'G7', 'children': [{'label': 'D%7', 'children': []}, {'label': 'G7', 'children': [{'label': 'D%7', 'children': []}, {'label': 'G7', 'children': []}]}]}]}]}, {'label': 'C^7', 'children': [{'label': 'C^7', 'children': []}, {'label': 'Cm7', 'children': []}]}]}, {'label': 'D%7', 'children': [{'label': 'Eb7', 'children': []}, {'label': 'D%7', 'children': [{'label': 'C6', 'children': [{'label': 'Db7', 'children': []}, {'label': 'C6', 'children': []}]}, {'label': 'D%7', 'children': []}]}]}]}, {'label': 'Gsus', 'children': []}]}, {'label': 'C6', 'children': []}]}]}]}, 'complete_constituent_tree': {'label': 'C6', 'children': [{'label': 'C^7', 'children': [{'label': 'C^7', 'children': []}, {'label': 'C^7', 'children': []}]}, {'label': 'C6', 'children': [{'label': 'G7', 'children': [{'label': 'D%7', 'children': [{'label': 'C^7', 'children': [{'label': 'G7', 'children': [{'label': 'Co7', 'children': [{'label': 'Co7', 'children': []}, {'label': 'Co7', 'children': []}]}, {'label': 'G7', 'children': [{'label': 'Dm7', 'children': [{'label': 'Dm7', 'children': []}, {'label': 'Dm7', 'children': []}]}, {'label': 'G7', 'children': [{'label': 'D%7', 'children': []}, {'label': 'G7', 'children': []}]}]}]}, {'label': 'C^7', 'children': [{'label': 'C^7', 'children': []}, {'label': 'Cm7', 'children': []}]}]}, {'label': 'D%7', 'children': [{'label': 'A7', 'children': [{'label': 'E%7', 'children': []}, {'label': 'A7', 'children': []}]}, {'label': 'D%7', 'children': [{'label': 'D%7', 'children': []}, {'label': 'D%7', 'children': []}]}]}]}, {'label': 'G7', 'children': [{'label': 'D%7', 'children': []}, {'label': 'G7', 'children': [{'label': 'Ab7', 'children': []}, {'label': 'G7', 'children': []}]}]}]}, {'label': 'C6', 'children': [{'label': 'C^7', 'children': [{'label': 'C^7', 'children': []}, {'label': 'C^7', 'children': []}]}, {'label': 'C6', 'children': [{'label': 'Gsus', 'children': [{'label': 'D%7', 'children': [{'label': 'C^7', 'children': [{'label': 'G7', 'children': [{'label': 'Co7', 'children': [{'label': 'Co7', 'children': []}, {'label': 'Co7', 'children': []}]}, {'label': 'G7', 'children': [{'label': 'Dm7', 'children': [{'label': 'Dm7', 'children': []}, {'label': 'Dm7', 'children': []}]}, {'label': 'G7', 'children': [{'label': 'D%7', 'children': []}, {'label': 'G7', 'children': [{'label': 'D%7', 'children': []}, {'label': 'G7', 'children': []}]}]}]}]}, {'label': 'C^7', 'children': [{'label': 'C^7', 'children': []}, {'label': 'Cm7', 'children': []}]}]}, {'label': 'D%7', 'children': [{'label': 'Eb7', 'children': []}, {'label': 'D%7', 'children': [{'label': 'C6', 'children': [{'label': 'Db7', 'children': []}, {'label': 'C6', 'children': []}]}, {'label': 'D%7', 'children': []}]}]}]}, {'label': 'Gsus', 'children': []}]}, {'label': 'C6', 'children': []}]}]}]}]}}]",
"Shadow Of Your Smile, The","[1, 2, 3, 4, 5, 6, 7, 8, 9, 10, 11, 12, 13, 14, 15, 16, 17, 18, 19, 20, 21, 22, 23, 24, 25, 26, 26, 27, 28, 29, 30, 30, 31, 32]","[1, 1, 1, 1, 1, 1, 1, 1, 1, 1, 1, 1, 1, 1, 1, 1, 1, 1, 1, 1, 1, 1, 1, 1, 1, 1, 3, 1, 1, 1, 1, 3, 1, 1]","['F#m7', 'B7', 'Em7', 'A7', 'Am7', 'D7', 'G^7', 'C^7', 'F#%7', 'B7', 'Em7', 'Em7', 'C#%7', 'F#7', 'F#%7', 'B7', 'F#m7', 'B7', 'Em7', 'A7', 'Am7', 'D7', 'B%7', 'E7', 'Am7', 'Cm7', 'F7', 'Bm7', 'E7', 'A7', 'Dsus', 'D7', 'G6', 'G6']","Mandel, Johnny",1965,"{'numerator': 4, 'denominator': 4}",G,0.0,"[{'open_constituent_tree': {'label': 'G6', 'children': [{'label': 'B7*', 'children': [{'label': 'Em7', 'children': [{'label': 'Em7', 'children': [{'label': 'Em7', 'children': [{'label': 'B7', 'children': [{'label': 'F#m7', 'children': []}, {'label': 'B7', 'children': []}]}, {'label': 'Em7', 'children': []}]}, {'label': 'G^7', 'children': [{'label': 'D7', 'children': [{'label': 'A7', 'children': []}, {'label': 'D7', 'children': [{'label': 'Am7', 'children': []}, {'label': 'D7', 'children': []}]}]}, {'label': 'G^7', 'children': []}]}]}, {'label': 'Em7', 'children': [{'label': 'B7', 'children': [{'label': 'C^7', 'children': []}, {'label': 'B7', 'children': [{'label': 'F#%7', 'children': []}, {'label': 'B7', 'children': []}]}]}, {'label': 'Em7', 'children': [{'label': 'Em7', 'children': []}, {'label': 'Em7', 'children': []}]}]}]}, {'label': 'B7', 'children': [{'label': 'F#7', 'children': [{'label': 'C#%7', 'children': []}, {'label': 'F#7', 'children': []}]}, {'label': 'B7', 'children': [{'label': 'F#%7', 'children': []}, {'label': 'B7', 'children': []}]}]}]}, {'label': 'G6', 'children': [{'label': 'Em7', 'children': [{'label': 'B7', 'children': [{'label': 'F#m7', 'children': []}, {'label': 'B7', 'children': []}]}, {'label': 'Em7', 'children': []}]}, {'label': 'G6', 'children': [{'label': 'D7', 'children': [{'label': 'A7', 'children': [{'label': 'E7', 'children': [{'label': 'F7', 'children': [{'label': 'Am7', 'children': [{'label': 'E7', 'children': [{'label': 'D7', 'children': [{'label': 'A7', 'children': []}, {'label': 'D7', 'children': [{'label': 'Am7', 'children': []}, {'label': 'D7', 'children': []}]}]}, {'label': 'E7', 'children': [{'label': 'B%7', 'children': []}, {'label': 'E7', 'children': []}]}]}, {'label': 'Am7', 'children': []}]}, {'label': 'F7', 'children': [{'label': 'Cm7', 'children': []}, {'label': 'F7', 'children': []}]}]}, {'label': 'E7', 'children': [{'label': 'Bm7', 'children': []}, {'label': 'E7', 'children': []}]}]}, {'label': 'A7', 'children': []}]}, {'label': 'D7', 'children': [{'label': 'Dsus', 'children': []}, {'label': 'D7', 'children': []}]}]}, {'label': 'G6', 'children': [{'label': 'G6', 'children': []}, {'label': 'G6', 'children': []}]}]}]}]}, 'complete_constituent_tree': {'label': 'G6', 'children': [{'label': 'Em7', 'children': [{'label': 'Em7', 'children': [{'label': 'Em7', 'children': [{'label': 'B7', 'children': [{'label': 'F#m7', 'children': []}, {'label': 'B7', 'children': []}]}, {'label': 'Em7', 'children': []}]}, {'label': 'G^7', 'children': [{'label': 'D7', 'children': [{'label': 'A7', 'children': []}, {'label': 'D7', 'children': [{'label': 'Am7', 'children': []}, {'label': 'D7', 'children': []}]}]}, {'label': 'G^7', 'children': []}]}]}, {'label': 'Em7', 'children': [{'label': 'B7', 'children': [{'label': 'C^7', 'children': []}, {'label': 'B7', 'children': [{'label': 'F#%7', 'children': []}, {'label': 'B7', 'children': []}]}]}, {'label': 'Em7', 'children': [{'label': 'Em7', 'children': []}, {'label': 'Em7', 'children': []}]}]}]}, {'label': 'G6', 'children': [{'label': 'B7', 'children': [{'label': 'F#7', 'children': [{'label': 'C#%7', 'children': []}, {'label': 'F#7', 'children': []}]}, {'label': 'B7', 'children': [{'label': 'F#%7', 'children': []}, {'label': 'B7', 'children': []}]}]}, {'label': 'G6', 'children': [{'label': 'Em7', 'children': [{'label': 'B7', 'children': [{'label': 'F#m7', 'children': []}, {'label': 'B7', 'children': []}]}, {'label': 'Em7', 'children': []}]}, {'label': 'G6', 'children': [{'label': 'D7', 'children': [{'label': 'A7', 'children': [{'label': 'E7', 'children': [{'label': 'F7', 'children': [{'label': 'Am7', 'children': [{'label': 'E7', 'children': [{'label': 'D7', 'children': [{'label': 'A7', 'children': []}, {'label': 'D7', 'children': [{'label': 'Am7', 'children': []}, {'label': 'D7', 'children': []}]}]}, {'label': 'E7', 'children': [{'label': 'B%7', 'children': []}, {'label': 'E7', 'children': []}]}]}, {'label': 'Am7', 'children': []}]}, {'label': 'F7', 'children': [{'label': 'Cm7', 'children': []}, {'label': 'F7', 'children': []}]}]}, {'label': 'E7', 'children': [{'label': 'Bm7', 'children': []}, {'label': 'E7', 'children': []}]}]}, {'label': 'A7', 'children': []}]}, {'label': 'D7', 'children': [{'label': 'Dsus', 'children': []}, {'label': 'D7', 'children': []}]}]}, {'label': 'G6', 'children': [{'label': 'G6', 'children': []}, {'label': 'G6', 'children': []}]}]}]}]}]}}]",
Boy Next Door,"[1, 2, 3, 4, 5, 6, 7, 8, 9, 10, 11, 12, 13, 14, 15, 15, 16, 16, 17, 18, 19, 20, 21, 22, 23, 24, 25, 26, 27, 28, 29, 30, 31, 32]","[1, 1, 1, 1, 1, 1, 1, 1, 1, 1, 1, 1, 1, 1, 1, 3, 1, 3, 1, 1, 1, 1, 1, 1, 1, 1, 1, 1, 1, 1, 1, 1, 1, 1]","['Bb^7', 'G7', 'Cm7', 'F7', 'Bb^7', 'Gm7', 'C7', 'C7', 'Cm7', 'F7', 'Bb^7', 'Gm7', 'E%7', 'A7', 'Dm7', 'Db7', 'Cm7', 'F7', 'Bb^7', 'G7', 'Cm7', 'F7', 'Bb^7', 'Gm7', 'C7', 'B7', 'Bb^7', 'Bb^7', 'E%7', 'C7', 'Gb7', 'F7', 'Bb^7', 'Bb^7']","Martin, Hugh & Blane, Ralph",1944,"{'numerator': 3, 'denominator': 4}",C,0.0,"[{'open_constituent_tree': {'label': 'Bb^7', 'children': [{'label': 'F7*', 'children': [{'label': 'Bb^7', 'children': [{'label': 'Bb^7', 'children': [{'label': 'Bb^7', 'children': []}, {'label': 'Bb^7', 'children': [{'label': 'F7', 'children': [{'label': 'Cm7', 'children': [{'label': 'G7', 'children': []}, {'label': 'Cm7', 'children': []}]}, {'label': 'F7', 'children': []}]}, {'label': 'Bb^7', 'children': []}]}]}, {'label': 'Bb^7', 'children': [{'label': 'F7', 'children': [{'label': 'C7', 'children': [{'label': 'Gm7', 'children': []}, {'label': 'C7', 'children': [{'label': 'C7', 'children': []}, {'label': 'C7', 'children': []}]}]}, {'label': 'F7', 'children': [{'label': 'Cm7', 'children': []}, {'label': 'F7', 'children': []}]}]}, {'label': 'Bb^7', 'children': [{'label': 'Bb^7', 'children': []}, {'label': 'Gm7', 'children': []}]}]}]}, {'label': 'F7', 'children': [{'label': 'Cm7', 'children': [{'label': 'Db7', 'children': [{'label': 'Dm7', 'children': [{'label': 'A7', 'children': [{'label': 'E%7', 'children': []}, {'label': 'A7', 'children': []}]}, {'label': 'Dm7', 'children': []}]}, {'label': 'Db7', 'children': []}]}, {'label': 'Cm7', 'children': []}]}, {'label': 'F7', 'children': []}]}]}, {'label': 'Bb^7', 'children': [{'label': 'B7', 'children': [{'label': 'Bb^7', 'children': [{'label': 'Bb^7', 'children': []}, {'label': 'Bb^7', 'children': [{'label': 'F7', 'children': [{'label': 'Cm7', 'children': [{'label': 'G7', 'children': []}, {'label': 'Cm7', 'children': []}]}, {'label': 'F7', 'children': []}]}, {'label': 'Bb^7', 'children': []}]}]}, {'label': 'B7', 'children': [{'label': 'C7', 'children': [{'label': 'Gm7', 'children': []}, {'label': 'C7', 'children': []}]}, {'label': 'B7', 'children': []}]}]}, {'label': 'Bb^7', 'children': [{'label': 'Bb^7', 'children': [{'label': 'Bb^7', 'children': []}, {'label': 'Bb^7', 'children': []}]}, {'label': 'Bb^7', 'children': [{'label': 'F7', 'children': [{'label': 'C7', 'children': [{'label': 'E%7', 'children': []}, {'label': 'C7', 'children': []}]}, {'label': 'F7', 'children': [{'label': 'Gb7', 'children': []}, {'label': 'F7', 'children': []}]}]}, {'label': 'Bb^7', 'children': [{'label': 'Bb^7', 'children': []}, {'label': 'Bb^7', 'children': []}]}]}]}]}]}, 'complete_constituent_tree': {'label': 'Bb^7', 'children': [{'label': 'Bb^7', 'children': [{'label': 'Bb^7', 'children': [{'label': 'Bb^7', 'children': []}, {'label': 'Bb^7', 'children': [{'label': 'F7', 'children': [{'label': 'Cm7', 'children': [{'label': 'G7', 'children': []}, {'label': 'Cm7', 'children': []}]}, {'label': 'F7', 'children': []}]}, {'label': 'Bb^7', 'children': []}]}]}, {'label': 'Bb^7', 'children': [{'label': 'F7', 'children': [{'label': 'C7', 'children': [{'label': 'Gm7', 'children': []}, {'label': 'C7', 'children': [{'label': 'C7', 'children': []}, {'label': 'C7', 'children': []}]}]}, {'label': 'F7', 'children': [{'label': 'Cm7', 'children': []}, {'label': 'F7', 'children': []}]}]}, {'label': 'Bb^7', 'children': [{'label': 'Bb^7', 'children': []}, {'label': 'Gm7', 'children': []}]}]}]}, {'label': 'Bb^7', 'children': [{'label': 'F7', 'children': [{'label': 'Cm7', 'children': [{'label': 'Db7', 'children': [{'label': 'Dm7', 'children': [{'label': 'A7', 'children': [{'label': 'E%7', 'children': []}, {'label': 'A7', 'children': []}]}, {'label': 'Dm7', 'children': []}]}, {'label': 'Db7', 'children': []}]}, {'label': 'Cm7', 'children': []}]}, {'label': 'F7', 'children': []}]}, {'label': 'Bb^7', 'children': [{'label': 'B7', 'children': [{'label': 'Bb^7', 'children': [{'label': 'Bb^7', 'children': []}, {'label': 'Bb^7', 'children': [{'label': 'F7', 'children': [{'label': 'Cm7', 'children': [{'label': 'G7', 'children': []}, {'label': 'Cm7', 'children': []}]}, {'label': 'F7', 'children': []}]}, {'label': 'Bb^7', 'children': []}]}]}, {'label': 'B7', 'children': [{'label': 'C7', 'children': [{'label': 'Gm7', 'children': []}, {'label': 'C7', 'children': []}]}, {'label': 'B7', 'children': []}]}]}, {'label': 'Bb^7', 'children': [{'label': 'Bb^7', 'children': [{'label': 'Bb^7', 'children': []}, {'label': 'Bb^7', 'children': []}]}, {'label': 'Bb^7', 'children': [{'label': 'F7', 'children': [{'label': 'C7', 'children': [{'label': 'E%7', 'children': []}, {'label': 'C7', 'children': []}]}, {'label': 'F7', 'children': [{'label': 'Gb7', 'children': []}, {'label': 'F7', 'children': []}]}]}, {'label': 'Bb^7', 'children': [{'label': 'Bb^7', 'children': []}, {'label': 'Bb^7', 'children': []}]}]}]}]}]}]}}]","measure 24 changed (F#7 to B7), in agreement with http://jazzstandard.info/score.php?id=70"
In A Little Spanish Town,"[1, 2, 3, 4, 5, 6, 7, 8, 8, 9, 10, 11, 12, 13, 14, 15, 16, 16, 17, 18, 19, 20, 21, 22, 23, 24, 25, 26, 27, 28, 29, 30, 31, 32, 32]","[1, 1, 1, 1, 1, 1, 1, 1, 3, 1, 1, 1, 1, 1, 1, 1, 1, 3, 1, 1, 1, 1, 1, 1, 1, 1, 1, 1, 1, 1, 1, 1, 1, 1, 3]","['G^7', 'G^7', 'Am7', 'D7', 'D7', 'D7', 'G6', 'Am7', 'D7', 'G^7', 'Bbo7', 'Am7', 'D7', 'Am7', 'D7', 'G^7', 'Am7', 'D7', 'G^7', 'G^7', 'Am7', 'D7', 'B7', 'B7', 'E7', 'E7', 'E7', 'E7', 'A7', 'Bbo7', 'G^7', 'D7', 'G6']","Wayne, Mabel",1936,"{'numerator': 4, 'denominator': 4}",G,2.0,"[{'open_constituent_tree': {'label': 'G6', 'children': [{'label': 'G^7', 'children': [{'label': 'G6', 'children': [{'label': 'G^7', 'children': [{'label': 'G^7', 'children': []}, {'label': 'G^7', 'children': []}]}, {'label': 'G6', 'children': [{'label': 'D7', 'children': [{'label': 'Am7', 'children': []}, {'label': 'D7', 'children': []}]}, {'label': 'G6', 'children': [{'label': 'D7', 'children': [{'label': 'D7', 'children': []}, {'label': 'D7', 'children': []}]}, {'label': 'G6', 'children': []}]}]}]}, {'label': 'G^7', 'children': [{'label': 'G^7', 'children': [{'label': 'D7', 'children': [{'label': 'Am7', 'children': []}, {'label': 'D7', 'children': []}]}, {'label': 'G^7', 'children': []}]}, {'label': 'G^7', 'children': [{'label': 'D7', 'children': [{'label': 'Am7', 'children': [{'label': 'Bbo7', 'children': []}, {'label': 'Am7', 'children': []}]}, {'label': 'D7', 'children': []}]}, {'label': 'G^7', 'children': [{'label': 'D7', 'children': [{'label': 'Am7', 'children': []}, {'label': 'D7', 'children': []}]}, {'label': 'G^7', 'children': []}]}]}]}]}, {'label': 'G6', 'children': [{'label': 'G^7', 'children': [{'label': 'D7', 'children': [{'label': 'Am7', 'children': []}, {'label': 'D7', 'children': []}]}, {'label': 'G^7', 'children': [{'label': 'G^7', 'children': []}, {'label': 'G^7', 'children': []}]}]}, {'label': 'G6', 'children': [{'label': 'D7', 'children': [{'label': 'D7', 'children': [{'label': 'Am7', 'children': []}, {'label': 'D7', 'children': []}]}, {'label': 'D7', 'children': [{'label': 'A7', 'children': [{'label': 'E7', 'children': [{'label': 'B7', 'children': [{'label': 'B7', 'children': []}, {'label': 'B7', 'children': []}]}, {'label': 'E7', 'children': [{'label': 'E7', 'children': []}, {'label': 'E7', 'children': []}]}]}, {'label': 'A7', 'children': [{'label': 'E7', 'children': [{'label': 'E7', 'children': []}, {'label': 'E7', 'children': []}]}, {'label': 'A7', 'children': [{'label': 'A7', 'children': []}, {'label': 'Bbo7', 'children': []}]}]}]}, {'label': 'D7', 'children': [{'label': 'G^7', 'children': []}, {'label': 'D7', 'children': []}]}]}]}, {'label': 'G6', 'children': []}]}]}]}, 'complete_constituent_tree': {'label': 'G6', 'children': [{'label': 'G^7', 'children': [{'label': 'G6', 'children': [{'label': 'G^7', 'children': [{'label': 'G^7', 'children': []}, {'label': 'G^7', 'children': []}]}, {'label': 'G6', 'children': [{'label': 'D7', 'children': [{'label': 'Am7', 'children': []}, {'label': 'D7', 'children': []}]}, {'label': 'G6', 'children': [{'label': 'D7', 'children': [{'label': 'D7', 'children': []}, {'label': 'D7', 'children': []}]}, {'label': 'G6', 'children': []}]}]}]}, {'label': 'G^7', 'children': [{'label': 'G^7', 'children': [{'label': 'D7', 'children': [{'label': 'Am7', 'children': []}, {'label': 'D7', 'children': []}]}, {'label': 'G^7', 'children': []}]}, {'label': 'G^7', 'children': [{'label': 'D7', 'children': [{'label': 'Am7', 'children': [{'label': 'Bbo7', 'children': []}, {'label': 'Am7', 'children': []}]}, {'label': 'D7', 'children': []}]}, {'label': 'G^7', 'children': [{'label': 'D7', 'children': [{'label': 'Am7', 'children': []}, {'label': 'D7', 'children': []}]}, {'label': 'G^7', 'children': []}]}]}]}]}, {'label': 'G6', 'children': [{'label': 'G^7', 'children': [{'label': 'D7', 'children': [{'label': 'Am7', 'children': []}, {'label': 'D7', 'children': []}]}, {'label': 'G^7', 'children': [{'label': 'G^7', 'children': []}, {'label': 'G^7', 'children': []}]}]}, {'label': 'G6', 'children': [{'label': 'D7', 'children': [{'label': 'D7', 'children': [{'label': 'Am7', 'children': []}, {'label': 'D7', 'children': []}]}, {'label': 'D7', 'children': [{'label': 'A7', 'children': [{'label': 'E7', 'children': [{'label': 'B7', 'children': [{'label': 'B7', 'children': []}, {'label': 'B7', 'children': []}]}, {'label': 'E7', 'children': [{'label': 'E7', 'children': []}, {'label': 'E7', 'children': []}]}]}, {'label': 'A7', 'children': [{'label': 'E7', 'children': [{'label': 'E7', 'children': []}, {'label': 'E7', 'children': []}]}, {'label': 'A7', 'children': [{'label': 'A7', 'children': []}, {'label': 'Bbo7', 'children': []}]}]}]}, {'label': 'D7', 'children': [{'label': 'G^7', 'children': []}, {'label': 'D7', 'children': []}]}]}]}, {'label': 'G6', 'children': []}]}]}]}}]",
Bossa Antigua,"[1, 2, 3, 4, 5, 6, 7, 8, 9, 10, 11, 12, 13, 14, 14, 15, 16, 17, 18, 19, 20, 21, 22, 23, 24, 25, 26, 27, 28, 29, 30, 31, 32]","[1, 1, 1, 1, 1, 1, 1, 1, 1, 1, 1, 1, 1, 1, 3, 1, 1, 1, 1, 1, 1, 1, 1, 1, 1, 1, 1, 1, 1, 1, 1, 1, 1]","['Bbm7', 'Eb7', 'Cm7', 'Fm7', 'Bbm7', 'Eb7', 'Cm7', 'F7', 'Bbm7', 'Eb7', 'Cm7', 'Fm7', 'Bbm7', 'Dm7', 'G7', 'C^7', 'Am7', 'Dm7', 'G7', 'Em7', 'Am7', 'Dm7', 'G7', 'Cm7', 'F7', 'Bbm7', 'Eb7', 'Cm7', 'Fm7', 'Bbm7', 'Eb7', 'Ab^7', 'Ab^7']","Desmond, Paul",1964,"{'numerator': 4, 'denominator': 4}",A-,0.0,"[{'open_constituent_tree': {'label': 'Ab^7', 'children': [{'label': 'C^7', 'children': [{'label': 'G7', 'children': [{'label': 'F7', 'children': [{'label': 'Fm7', 'children': [{'label': 'Eb7', 'children': [{'label': 'Bbm7', 'children': []}, {'label': 'Eb7', 'children': []}]}, {'label': 'Fm7', 'children': [{'label': 'Cm7', 'children': []}, {'label': 'Fm7', 'children': []}]}]}, {'label': 'F7', 'children': [{'label': 'Eb7', 'children': [{'label': 'Bbm7', 'children': []}, {'label': 'Eb7', 'children': []}]}, {'label': 'F7', 'children': [{'label': 'Cm7', 'children': []}, {'label': 'F7', 'children': []}]}]}]}, {'label': 'G7', 'children': [{'label': 'Fm7', 'children': [{'label': 'Eb7', 'children': [{'label': 'Bbm7', 'children': []}, {'label': 'Eb7', 'children': []}]}, {'label': 'Fm7', 'children': [{'label': 'Cm7', 'children': []}, {'label': 'Fm7', 'children': []}]}]}, {'label': 'G7', 'children': [{'label': 'Bbm7', 'children': []}, {'label': 'G7', 'children': [{'label': 'Dm7', 'children': []}, {'label': 'G7', 'children': []}]}]}]}]}, {'label': 'C^7', 'children': []}]}, {'label': 'Ab^7', 'children': [{'label': 'Eb7', 'children': [{'label': 'Bbm7', 'children': [{'label': 'F7', 'children': [{'label': 'Cm7', 'children': [{'label': 'G7', 'children': [{'label': 'G7', 'children': [{'label': 'Dm7', 'children': [{'label': 'Am7', 'children': []}, {'label': 'Dm7', 'children': []}]}, {'label': 'G7', 'children': []}]}, {'label': 'G7', 'children': [{'label': 'Dm7', 'children': [{'label': 'Am7', 'children': [{'label': 'Em7', 'children': []}, {'label': 'Am7', 'children': []}]}, {'label': 'Dm7', 'children': []}]}, {'label': 'G7', 'children': []}]}]}, {'label': 'Cm7', 'children': []}]}, {'label': 'F7', 'children': []}]}, {'label': 'Bbm7', 'children': [{'label': 'Fm7', 'children': [{'label': 'Eb7', 'children': [{'label': 'Bbm7', 'children': []}, {'label': 'Eb7', 'children': []}]}, {'label': 'Fm7', 'children': [{'label': 'Cm7', 'children': []}, {'label': 'Fm7', 'children': []}]}]}, {'label': 'Bbm7', 'children': []}]}]}, {'label': 'Eb7', 'children': []}]}, {'label': 'Ab^7', 'children': [{'label': 'Ab^7', 'children': []}, {'label': 'Ab^7', 'children': []}]}]}]}, 'complete_constituent_tree': {'label': 'Ab^7', 'children': [{'label': 'C^7', 'children': [{'label': 'G7', 'children': [{'label': 'F7', 'children': [{'label': 'Fm7', 'children': [{'label': 'Eb7', 'children': [{'label': 'Bbm7', 'children': []}, {'label': 'Eb7', 'children': []}]}, {'label': 'Fm7', 'children': [{'label': 'Cm7', 'children': []}, {'label': 'Fm7', 'children': []}]}]}, {'label': 'F7', 'children': [{'label': 'Eb7', 'children': [{'label': 'Bbm7', 'children': []}, {'label': 'Eb7', 'children': []}]}, {'label': 'F7', 'children': [{'label': 'Cm7', 'children': []}, {'label': 'F7', 'children': []}]}]}]}, {'label': 'G7', 'children': [{'label': 'Fm7', 'children': [{'label': 'Eb7', 'children': [{'label': 'Bbm7', 'children': []}, {'label': 'Eb7', 'children': []}]}, {'label': 'Fm7', 'children': [{'label': 'Cm7', 'children': []}, {'label': 'Fm7', 'children': []}]}]}, {'label': 'G7', 'children': [{'label': 'Bbm7', 'children': []}, {'label': 'G7', 'children': [{'label': 'Dm7', 'children': []}, {'label': 'G7', 'children': []}]}]}]}]}, {'label': 'C^7', 'children': []}]}, {'label': 'Ab^7', 'children': [{'label': 'Eb7', 'children': [{'label': 'Bbm7', 'children': [{'label': 'F7', 'children': [{'label': 'Cm7', 'children': [{'label': 'G7', 'children': [{'label': 'G7', 'children': [{'label': 'Dm7', 'children': [{'label': 'Am7', 'children': []}, {'label': 'Dm7', 'children': []}]}, {'label': 'G7', 'children': []}]}, {'label': 'G7', 'children': [{'label': 'Dm7', 'children': [{'label': 'Am7', 'children': [{'label': 'Em7', 'children': []}, {'label': 'Am7', 'children': []}]}, {'label': 'Dm7', 'children': []}]}, {'label': 'G7', 'children': []}]}]}, {'label': 'Cm7', 'children': []}]}, {'label': 'F7', 'children': []}]}, {'label': 'Bbm7', 'children': [{'label': 'Fm7', 'children': [{'label': 'Eb7', 'children': [{'label': 'Bbm7', 'children': []}, {'label': 'Eb7', 'children': []}]}, {'label': 'Fm7', 'children': [{'label': 'Cm7', 'children': []}, {'label': 'Fm7', 'children': []}]}]}, {'label': 'Bbm7', 'children': []}]}]}, {'label': 'Eb7', 'children': []}]}, {'label': 'Ab^7', 'children': [{'label': 'Ab^7', 'children': []}, {'label': 'Ab^7', 'children': []}]}]}]}}]",
Gary's Notebook,"[1, 2, 3, 4, 5, 6, 7, 8, 9, 10, 11, 12, 13, 14, 15, 16, 17, 18, 19, 20, 21, 22, 23, 24, 25, 26, 27, 28, 29, 30, 31, 32]","[1, 1, 1, 1, 1, 1, 1, 1, 1, 1, 1, 1, 1, 1, 1, 1, 1, 1, 1, 1, 1, 1, 1, 1, 1, 1, 1, 1, 1, 1, 1, 1]","['Cm', 'Db7', 'Cm', 'Db7', 'Cm', 'Db7', 'Cm', 'Db7', 'Cm', 'Db7', 'Cm', 'Db7', 'Cm', 'Db7', 'Cm', 'C7', 'Fm6', 'F#7', 'Fm6', 'Fm6', 'Cm', 'Db7', 'Cm', 'Cm6', 'Ebm7', 'Ab7', 'Dm7', 'G7', 'Cm', 'Db7', 'Cm']","Morgan, Lee",1963,"{'numerator': 3, 'denominator': 4}",c,1.0,"[{'open_constituent_tree': {'label': 'Cm', 'children': [{'label': 'Cm', 'children': [{'label': 'Cm', 'children': [{'label': 'Cm', 'children': []}, {'label': 'Cm', 'children': [{'label': 'Db7', 'children': []}, {'label': 'Cm', 'children': []}]}]}, {'label': 'Cm', 'children': [{'label': 'Cm', 'children': [{'label': 'Db7', 'children': []}, {'label': 'Cm', 'children': []}]}, {'label': 'Cm', 'children': [{'label': 'Db7', 'children': []}, {'label': 'Cm', 'children': []}]}]}]}, {'label': 'Cm', 'children': [{'label': 'Cm', 'children': [{'label': 'Cm', 'children': [{'label': 'Cm', 'children': [{'label': 'Db7', 'children': []}, {'label': 'Cm', 'children': []}]}, {'label': 'Cm', 'children': [{'label': 'Db7', 'children': []}, {'label': 'Cm', 'children': []}]}]}, {'label': 'Cm', 'children': [{'label': 'Cm', 'children': [{'label': 'Db7', 'children': []}, {'label': 'Cm', 'children': []}]}, {'label': 'Cm', 'children': [{'label': 'Db7', 'children': []}, {'label': 'Cm', 'children': []}]}]}]}, {'label': 'Cm', 'children': [{'label': 'Cm', 'children': [{'label': 'Fm6', 'children': [{'label': 'Fm6', 'children': [{'label': 'C7', 'children': []}, {'label': 'Fm6', 'children': []}]}, {'label': 'Fm6', 'children': [{'label': 'F#7', 'children': []}, {'label': 'Fm6', 'children': [{'label': 'Fm6', 'children': []}, {'label': 'Fm6', 'children': []}]}]}]}, {'label': 'Cm', 'children': [{'label': 'Cm', 'children': []}, {'label': 'Cm', 'children': [{'label': 'Db7', 'children': []}, {'label': 'Cm', 'children': [{'label': 'Cm', 'children': []}, {'label': 'Cm6', 'children': []}]}]}]}]}, {'label': 'Cm', 'children': [{'label': 'G7', 'children': [{'label': 'Ab7', 'children': [{'label': 'Ebm7', 'children': []}, {'label': 'Ab7', 'children': []}]}, {'label': 'G7', 'children': [{'label': 'Dm7', 'children': []}, {'label': 'G7', 'children': []}]}]}, {'label': 'Cm', 'children': [{'label': 'Cm', 'children': []}, {'label': 'Cm', 'children': [{'label': 'Db7', 'children': []}, {'label': 'Cm', 'children': []}]}]}]}]}]}]}, 'complete_constituent_tree': {'label': 'Cm', 'children': [{'label': 'Cm', 'children': [{'label': 'Cm', 'children': [{'label': 'Cm', 'children': []}, {'label': 'Cm', 'children': [{'label': 'Db7', 'children': []}, {'label': 'Cm', 'children': []}]}]}, {'label': 'Cm', 'children': [{'label': 'Cm', 'children': [{'label': 'Db7', 'children': []}, {'label': 'Cm', 'children': []}]}, {'label': 'Cm', 'children': [{'label': 'Db7', 'children': []}, {'label': 'Cm', 'children': []}]}]}]}, {'label': 'Cm', 'children': [{'label': 'Cm', 'children': [{'label': 'Cm', 'children': [{'label': 'Cm', 'children': [{'label': 'Db7', 'children': []}, {'label': 'Cm', 'children': []}]}, {'label': 'Cm', 'children': [{'label': 'Db7', 'children': []}, {'label': 'Cm', 'children': []}]}]}, {'label': 'Cm', 'children': [{'label': 'Cm', 'children': [{'label': 'Db7', 'children': []}, {'label': 'Cm', 'children': []}]}, {'label': 'Cm', 'children': [{'label': 'Db7', 'children': []}, {'label': 'Cm', 'children': []}]}]}]}, {'label': 'Cm', 'children': [{'label': 'Cm', 'children': [{'label': 'Fm6', 'children': [{'label': 'Fm6', 'children': [{'label': 'C7', 'children': []}, {'label': 'Fm6', 'children': []}]}, {'label': 'Fm6', 'children': [{'label': 'F#7', 'children': []}, {'label': 'Fm6', 'children': [{'label': 'Fm6', 'children': []}, {'label': 'Fm6', 'children': []}]}]}]}, {'label': 'Cm', 'children': [{'label': 'Cm', 'children': []}, {'label': 'Cm', 'children': [{'label': 'Db7', 'children': []}, {'label': 'Cm', 'children': [{'label': 'Cm', 'children': []}, {'label': 'Cm6', 'children': []}]}]}]}]}, {'label': 'Cm', 'children': [{'label': 'G7', 'children': [{'label': 'Ab7', 'children': [{'label': 'Ebm7', 'children': []}, {'label': 'Ab7', 'children': []}]}, {'label': 'G7', 'children': [{'label': 'Dm7', 'children': []}, {'label': 'G7', 'children': []}]}]}, {'label': 'Cm', 'children': [{'label': 'Cm', 'children': []}, {'label': 'Cm', 'children': [{'label': 'Db7', 'children': []}, {'label': 'Cm', 'children': []}]}]}]}]}]}]}}]",Fm6 as substitution of Bb7
So Nice (Summer Samba),"[1, 2, 3, 4, 5, 6, 7, 8, 9, 10, 11, 12, 12, 13, 14, 15, 16, 16, 17, 18, 19, 20, 21, 22, 23, 24, 25, 26, 27, 28, 29, 30, 31, 32, 32]","[1, 1, 1, 1, 1, 1, 1, 1, 1, 1, 1, 1, 3, 1, 1, 1, 1, 3, 1, 1, 1, 1, 1, 1, 1, 1, 1, 1, 1, 1, 1, 1, 1, 1, 3]","['F^7', 'F^7', 'Bm7', 'E7', 'Bb^7', 'Bb6', 'Eb7', 'Eb7', 'Am7', 'D7', 'Gm7', 'E%7', 'A7', 'Dm7', 'G7', 'Gm7', 'Db7', 'C7', 'F^7', 'F^7', 'Bm7', 'E7', 'Bb^7', 'Bb6', 'Eb7', 'Eb7', 'Am7', 'D7', 'Gm7', 'C7', 'F^7', 'Bb7', 'F6']","Valles, Marco",1966,"{'numerator': 4, 'denominator': 4}",F,2.0,"[{'open_constituent_tree': {'label': 'F6', 'children': [{'label': 'C7*', 'children': [{'label': 'Eb7*', 'children': [{'label': 'F^7', 'children': [{'label': 'F^7', 'children': []}, {'label': 'F^7', 'children': []}]}, {'label': 'Eb7', 'children': [{'label': 'E7', 'children': [{'label': 'Bm7', 'children': []}, {'label': 'E7', 'children': []}]}, {'label': 'Eb7', 'children': [{'label': 'Bb6', 'children': [{'label': 'Bb^7', 'children': []}, {'label': 'Bb6', 'children': []}]}, {'label': 'Eb7', 'children': [{'label': 'Eb7', 'children': []}, {'label': 'Eb7', 'children': []}]}]}]}]}, {'label': 'C7', 'children': [{'label': 'G7', 'children': [{'label': 'Dm7', 'children': [{'label': 'A7', 'children': [{'label': 'Gm7', 'children': [{'label': 'D7', 'children': [{'label': 'Am7', 'children': []}, {'label': 'D7', 'children': []}]}, {'label': 'Gm7', 'children': []}]}, {'label': 'A7', 'children': [{'label': 'E%7', 'children': []}, {'label': 'A7', 'children': []}]}]}, {'label': 'Dm7', 'children': []}]}, {'label': 'G7', 'children': []}]}, {'label': 'C7', 'children': [{'label': 'Db7', 'children': [{'label': 'Gm7', 'children': []}, {'label': 'Db7', 'children': []}]}, {'label': 'C7', 'children': []}]}]}]}, {'label': 'F6', 'children': [{'label': 'Eb7*', 'children': [{'label': 'F^7', 'children': [{'label': 'F^7', 'children': []}, {'label': 'F^7', 'children': []}]}, {'label': 'Eb7', 'children': [{'label': 'E7', 'children': [{'label': 'Bm7', 'children': []}, {'label': 'E7', 'children': []}]}, {'label': 'Eb7', 'children': [{'label': 'Bb6', 'children': [{'label': 'Bb^7', 'children': []}, {'label': 'Bb6', 'children': []}]}, {'label': 'Eb7', 'children': [{'label': 'Eb7', 'children': []}, {'label': 'Eb7', 'children': []}]}]}]}]}, {'label': 'F6', 'children': [{'label': 'C7', 'children': [{'label': 'Gm7', 'children': [{'label': 'D7', 'children': [{'label': 'Am7', 'children': []}, {'label': 'D7', 'children': []}]}, {'label': 'Gm7', 'children': []}]}, {'label': 'C7', 'children': []}]}, {'label': 'F6', 'children': [{'label': 'F^7', 'children': []}, {'label': 'F6', 'children': [{'label': 'Bb7', 'children': []}, {'label': 'F6', 'children': []}]}]}]}]}]}, 'complete_constituent_tree': {'label': 'F6', 'children': [{'label': 'F^7', 'children': [{'label': 'F^7', 'children': []}, {'label': 'F^7', 'children': []}]}, {'label': 'F6', 'children': [{'label': 'Eb7', 'children': [{'label': 'E7', 'children': [{'label': 'Bm7', 'children': []}, {'label': 'E7', 'children': []}]}, {'label': 'Eb7', 'children': [{'label': 'Bb6', 'children': [{'label': 'Bb^7', 'children': []}, {'label': 'Bb6', 'children': []}]}, {'label': 'Eb7', 'children': [{'label': 'Eb7', 'children': []}, {'label': 'Eb7', 'children': []}]}]}]}, {'label': 'F6', 'children': [{'label': 'C7', 'children': [{'label': 'G7', 'children': [{'label': 'Dm7', 'children': [{'label': 'A7', 'children': [{'label': 'Gm7', 'children': [{'label': 'D7', 'children': [{'label': 'Am7', 'children': []}, {'label': 'D7', 'children': []}]}, {'label': 'Gm7', 'children': []}]}, {'label': 'A7', 'children': [{'label': 'E%7', 'children': []}, {'label': 'A7', 'children': []}]}]}, {'label': 'Dm7', 'children': []}]}, {'label': 'G7', 'children': []}]}, {'label': 'C7', 'children': [{'label': 'Db7', 'children': [{'label': 'Gm7', 'children': []}, {'label': 'Db7', 'children': []}]}, {'label': 'C7', 'children': []}]}]}, {'label': 'F6', 'children': [{'label': 'F^7', 'children': [{'label': 'F^7', 'children': []}, {'label': 'F^7', 'children': []}]}, {'label': 'F6', 'children': [{'label': 'Eb7', 'children': [{'label': 'E7', 'children': [{'label': 'Bm7', 'children': []}, {'label': 'E7', 'children': []}]}, {'label': 'Eb7', 'children': [{'label': 'Bb6', 'children': [{'label': 'Bb^7', 'children': []}, {'label': 'Bb6', 'children': []}]}, {'label': 'Eb7', 'children': [{'label': 'Eb7', 'children': []}, {'label': 'Eb7', 'children': []}]}]}]}, {'label': 'F6', 'children': [{'label': 'C7', 'children': [{'label': 'Gm7', 'children': [{'label': 'D7', 'children': [{'label': 'Am7', 'children': []}, {'label': 'D7', 'children': []}]}, {'label': 'Gm7', 'children': []}]}, {'label': 'C7', 'children': []}]}, {'label': 'F6', 'children': [{'label': 'F^7', 'children': []}, {'label': 'F6', 'children': [{'label': 'Bb7', 'children': []}, {'label': 'F6', 'children': []}]}]}]}]}]}]}]}]}}]",
Corcovado,"[1, 2, 3, 4, 5, 6, 7, 7, 8, 9, 10, 11, 12, 13, 14, 15, 16, 17, 18, 19, 20, 21, 22, 23, 23, 24, 25, 26, 27, 28, 29, 30, 31, 32, 33, 34, 35, 36]","[1, 1, 1, 1, 1, 1, 1, 3, 1, 1, 1, 1, 1, 1, 1, 1, 1, 1, 1, 1, 1, 1, 1, 1, 3, 1, 1, 1, 1, 1, 1, 1, 1, 1, 1, 1, 1, 1]","['Am6', 'Am6', 'Abo7', 'Abo7', 'Gm7', 'C7', 'F^7', 'F^7', 'F^7', 'Fm7', 'Bb7', 'Em7', 'A7', 'D7', 'D7', 'Dm7', 'G7', 'Am6', 'Am6', 'Abo7', 'Abo7', 'Gm7', 'C7', 'F^7', 'F^7', 'F^7', 'Fm7', 'Bb7', 'Em7', 'Am7', 'Dm7', 'G7', 'Em7', 'A7', 'Dm7', 'G7', 'C6', 'C6']","Jobim, Antonio Carlos",1959,"{'numerator': 4, 'denominator': 4}",C,,"[{'open_constituent_tree': {'label': 'C6', 'children': [{'label': 'G7', 'children': [{'label': 'G7', 'children': [{'label': 'F^7', 'children': [{'label': 'C7', 'children': [{'label': 'Abo7', 'children': [{'label': 'Am6', 'children': [{'label': 'Am6', 'children': []}, {'label': 'Am6', 'children': []}]}, {'label': 'Abo7', 'children': [{'label': 'Abo7', 'children': []}, {'label': 'Abo7', 'children': []}]}]}, {'label': 'C7', 'children': [{'label': 'Gm7', 'children': []}, {'label': 'C7', 'children': []}]}]}, {'label': 'F^7', 'children': [{'label': 'F^7', 'children': [{'label': 'F^7', 'children': []}, {'label': 'F^7', 'children': []}]}, {'label': 'F^7', 'children': []}]}]}, {'label': 'G7', 'children': [{'label': 'D7', 'children': [{'label': 'A7', 'children': [{'label': 'Bb7', 'children': [{'label': 'Fm7', 'children': []}, {'label': 'Bb7', 'children': []}]}, {'label': 'A7', 'children': [{'label': 'Em7', 'children': []}, {'label': 'A7', 'children': []}]}]}, {'label': 'D7', 'children': [{'label': 'D7', 'children': []}, {'label': 'D7', 'children': []}]}]}, {'label': 'G7', 'children': [{'label': 'Dm7', 'children': []}, {'label': 'G7', 'children': []}]}]}]}, {'label': 'G7', 'children': [{'label': 'F^7', 'children': [{'label': 'C7', 'children': [{'label': 'Abo7', 'children': [{'label': 'Am6', 'children': [{'label': 'Am6', 'children': []}, {'label': 'Am6', 'children': []}]}, {'label': 'Abo7', 'children': [{'label': 'Abo7', 'children': []}, {'label': 'Abo7', 'children': []}]}]}, {'label': 'C7', 'children': [{'label': 'Gm7', 'children': []}, {'label': 'C7', 'children': []}]}]}, {'label': 'F^7', 'children': [{'label': 'F^7', 'children': [{'label': 'F^7', 'children': []}, {'label': 'F^7', 'children': []}]}, {'label': 'F^7', 'children': []}]}]}, {'label': 'G7', 'children': [{'label': 'G7', 'children': [{'label': 'Dm7', 'children': [{'label': 'Am7', 'children': [{'label': 'Bb7', 'children': [{'label': 'Fm7', 'children': []}, {'label': 'Bb7', 'children': []}]}, {'label': 'Am7', 'children': [{'label': 'Em7', 'children': []}, {'label': 'Am7', 'children': []}]}]}, {'label': 'Dm7', 'children': []}]}, {'label': 'G7', 'children': []}]}, {'label': 'G7', 'children': [{'label': 'Dm7', 'children': [{'label': 'A7', 'children': [{'label': 'Em7', 'children': []}, {'label': 'A7', 'children': []}]}, {'label': 'Dm7', 'children': []}]}, {'label': 'G7', 'children': []}]}]}]}]}, {'label': 'C6', 'children': [{'label': 'C6', 'children': []}, {'label': 'C6', 'children': []}]}]}, 'complete_constituent_tree': {'label': 'C6', 'children': [{'label': 'G7', 'children': [{'label': 'G7', 'children': [{'label': 'F^7', 'children': [{'label': 'C7', 'children': [{'label': 'Abo7', 'children': [{'label': 'Am6', 'children': [{'label': 'Am6', 'children': []}, {'label': 'Am6', 'children': []}]}, {'label': 'Abo7', 'children': [{'label': 'Abo7', 'children': []}, {'label': 'Abo7', 'children': []}]}]}, {'label': 'C7', 'children': [{'label': 'Gm7', 'children': []}, {'label': 'C7', 'children': []}]}]}, {'label': 'F^7', 'children': [{'label': 'F^7', 'children': [{'label': 'F^7', 'children': []}, {'label': 'F^7', 'children': []}]}, {'label': 'F^7', 'children': []}]}]}, {'label': 'G7', 'children': [{'label': 'D7', 'children': [{'label': 'A7', 'children': [{'label': 'Bb7', 'children': [{'label': 'Fm7', 'children': []}, {'label': 'Bb7', 'children': []}]}, {'label': 'A7', 'children': [{'label': 'Em7', 'children': []}, {'label': 'A7', 'children': []}]}]}, {'label': 'D7', 'children': [{'label': 'D7', 'children': []}, {'label': 'D7', 'children': []}]}]}, {'label': 'G7', 'children': [{'label': 'Dm7', 'children': []}, {'label': 'G7', 'children': []}]}]}]}, {'label': 'G7', 'children': [{'label': 'F^7', 'children': [{'label': 'C7', 'children': [{'label': 'Abo7', 'children': [{'label': 'Am6', 'children': [{'label': 'Am6', 'children': []}, {'label': 'Am6', 'children': []}]}, {'label': 'Abo7', 'children': [{'label': 'Abo7', 'children': []}, {'label': 'Abo7', 'children': []}]}]}, {'label': 'C7', 'children': [{'label': 'Gm7', 'children': []}, {'label': 'C7', 'children': []}]}]}, {'label': 'F^7', 'children': [{'label': 'F^7', 'children': [{'label': 'F^7', 'children': []}, {'label': 'F^7', 'children': []}]}, {'label': 'F^7', 'children': []}]}]}, {'label': 'G7', 'children': [{'label': 'G7', 'children': [{'label': 'Dm7', 'children': [{'label': 'Am7', 'children': [{'label': 'Bb7', 'children': [{'label': 'Fm7', 'children': []}, {'label': 'Bb7', 'children': []}]}, {'label': 'Am7', 'children': [{'label': 'Em7', 'children': []}, {'label': 'Am7', 'children': []}]}]}, {'label': 'Dm7', 'children': []}]}, {'label': 'G7', 'children': []}]}, {'label': 'G7', 'children': [{'label': 'Dm7', 'children': [{'label': 'A7', 'children': [{'label': 'Em7', 'children': []}, {'label': 'A7', 'children': []}]}, {'label': 'Dm7', 'children': []}]}, {'label': 'G7', 'children': []}]}]}]}]}, {'label': 'C6', 'children': [{'label': 'C6', 'children': []}, {'label': 'C6', 'children': []}]}]}}]","repetition removed, Am6 Abo7 Gm7 C7 interpreted as D7 G7 Gm7 C7 and Fo7 changed to F^7 following the album recording https://www.youtube.com/watch?v=NJ_nuPzbBjI"
Mac The Knife,"[1, 2, 3, 4, 5, 6, 7, 8, 9, 10, 11, 12, 13, 14, 14, 15, 16]","[1, 1, 1, 1, 1, 1, 1, 1, 1, 1, 1, 1, 1, 1, 3, 1, 1]","['Bb6', 'Bb6', 'Cm7', 'Cm7', 'F7', 'F7', 'Bb6', 'Bb6', 'Gm7', 'Gm7', 'Cm7', 'Cm7', 'Cm7', 'Cm7', 'F7', 'Bb6', 'Bb6']","Weill, Kurt",1928,"{'numerator': 4, 'denominator': 4}",B-,0.0,"[{'open_constituent_tree': {'label': 'Bb6', 'children': [{'label': 'Bb6', 'children': [{'label': 'Bb6', 'children': [{'label': 'Bb6', 'children': []}, {'label': 'Bb6', 'children': []}]}, {'label': 'Bb6', 'children': [{'label': 'F7', 'children': [{'label': 'Cm7', 'children': [{'label': 'Cm7', 'children': []}, {'label': 'Cm7', 'children': []}]}, {'label': 'F7', 'children': [{'label': 'F7', 'children': []}, {'label': 'F7', 'children': []}]}]}, {'label': 'Bb6', 'children': [{'label': 'Bb6', 'children': []}, {'label': 'Bb6', 'children': []}]}]}]}, {'label': 'Bb6', 'children': [{'label': 'F7', 'children': [{'label': 'Cm7', 'children': [{'label': 'Gm7', 'children': [{'label': 'Gm7', 'children': []}, {'label': 'Gm7', 'children': []}]}, {'label': 'Cm7', 'children': [{'label': 'Cm7', 'children': [{'label': 'Cm7', 'children': []}, {'label': 'Cm7', 'children': []}]}, {'label': 'Cm7', 'children': [{'label': 'Cm7', 'children': []}, {'label': 'Cm7', 'children': []}]}]}]}, {'label': 'F7', 'children': []}]}, {'label': 'Bb6', 'children': [{'label': 'Bb6', 'children': []}, {'label': 'Bb6', 'children': []}]}]}]}, 'complete_constituent_tree': {'label': 'Bb6', 'children': [{'label': 'Bb6', 'children': [{'label': 'Bb6', 'children': [{'label': 'Bb6', 'children': []}, {'label': 'Bb6', 'children': []}]}, {'label': 'Bb6', 'children': [{'label': 'F7', 'children': [{'label': 'Cm7', 'children': [{'label': 'Cm7', 'children': []}, {'label': 'Cm7', 'children': []}]}, {'label': 'F7', 'children': [{'label': 'F7', 'children': []}, {'label': 'F7', 'children': []}]}]}, {'label': 'Bb6', 'children': [{'label': 'Bb6', 'children': []}, {'label': 'Bb6', 'children': []}]}]}]}, {'label': 'Bb6', 'children': [{'label': 'F7', 'children': [{'label': 'Cm7', 'children': [{'label': 'Gm7', 'children': [{'label': 'Gm7', 'children': []}, {'label': 'Gm7', 'children': []}]}, {'label': 'Cm7', 'children': [{'label': 'Cm7', 'children': [{'label': 'Cm7', 'children': []}, {'label': 'Cm7', 'children': []}]}, {'label': 'Cm7', 'children': [{'label': 'Cm7', 'children': []}, {'label': 'Cm7', 'children': []}]}]}]}, {'label': 'F7', 'children': []}]}, {'label': 'Bb6', 'children': [{'label': 'Bb6', 'children': []}, {'label': 'Bb6', 'children': []}]}]}]}}]",
When You're Smilin',"[1, 2, 3, 4, 5, 6, 7, 8, 9, 10, 11, 12, 13, 14, 15, 16, 17, 18, 19, 20, 21, 22, 23, 24, 25, 26, 27, 28, 29, 30, 31, 32]","[1, 1, 1, 1, 1, 1, 1, 1, 1, 1, 1, 1, 1, 1, 1, 1, 1, 1, 1, 1, 1, 1, 1, 1, 1, 1, 1, 1, 1, 1, 1, 1]","['C6', 'C6', 'C6', 'C6', 'Em7', 'A7', 'Dm7', 'G7', 'Dm7', 'Dm7', 'Dm7', 'Dm7', 'G7', 'G7', 'C6', 'C6', 'C7', 'C7', 'F6', 'F6', 'Am7', 'D7', 'Dm7', 'G7', 'C6', 'C6', 'Em7', 'A7', 'Dm7', 'G7', 'C6', 'C6']","Shay, Larry & Fisher, Marc & Goodwin, Joe",1928,"{'numerator': 4, 'denominator': 4}",C,0.0,"[{'open_constituent_tree': {'label': 'C6', 'children': [{'label': 'C6', 'children': [{'label': 'G7*', 'children': [{'label': 'C6', 'children': [{'label': 'C6', 'children': [{'label': 'C6', 'children': []}, {'label': 'C6', 'children': []}]}, {'label': 'C6', 'children': [{'label': 'C6', 'children': []}, {'label': 'C6', 'children': []}]}]}, {'label': 'G7', 'children': [{'label': 'Dm7', 'children': [{'label': 'A7', 'children': [{'label': 'Em7', 'children': []}, {'label': 'A7', 'children': []}]}, {'label': 'Dm7', 'children': []}]}, {'label': 'G7', 'children': []}]}]}, {'label': 'C6', 'children': [{'label': 'G7', 'children': [{'label': 'Dm7', 'children': [{'label': 'Dm7', 'children': [{'label': 'Dm7', 'children': []}, {'label': 'Dm7', 'children': []}]}, {'label': 'Dm7', 'children': [{'label': 'Dm7', 'children': []}, {'label': 'Dm7', 'children': []}]}]}, {'label': 'G7', 'children': [{'label': 'G7', 'children': []}, {'label': 'G7', 'children': []}]}]}, {'label': 'C6', 'children': [{'label': 'C6', 'children': []}, {'label': 'C6', 'children': []}]}]}]}, {'label': 'C6', 'children': [{'label': 'G7', 'children': [{'label': 'F6', 'children': [{'label': 'C7', 'children': [{'label': 'C7', 'children': []}, {'label': 'C7', 'children': []}]}, {'label': 'F6', 'children': [{'label': 'F6', 'children': []}, {'label': 'F6', 'children': []}]}]}, {'label': 'G7', 'children': [{'label': 'D7', 'children': [{'label': 'Am7', 'children': []}, {'label': 'D7', 'children': []}]}, {'label': 'G7', 'children': [{'label': 'Dm7', 'children': []}, {'label': 'G7', 'children': []}]}]}]}, {'label': 'C6', 'children': [{'label': 'C6', 'children': [{'label': 'C6', 'children': []}, {'label': 'C6', 'children': []}]}, {'label': 'C6', 'children': [{'label': 'G7', 'children': [{'label': 'Dm7', 'children': [{'label': 'A7', 'children': [{'label': 'Em7', 'children': []}, {'label': 'A7', 'children': []}]}, {'label': 'Dm7', 'children': []}]}, {'label': 'G7', 'children': []}]}, {'label': 'C6', 'children': [{'label': 'C6', 'children': []}, {'label': 'C6', 'children': []}]}]}]}]}]}, 'complete_constituent_tree': {'label': 'C6', 'children': [{'label': 'C6', 'children': [{'label': 'C6', 'children': [{'label': 'C6', 'children': [{'label': 'C6', 'children': []}, {'label': 'C6', 'children': []}]}, {'label': 'C6', 'children': [{'label': 'C6', 'children': []}, {'label': 'C6', 'children': []}]}]}, {'label': 'C6', 'children': [{'label': 'G7', 'children': [{'label': 'Dm7', 'children': [{'label': 'A7', 'children': [{'label': 'Em7', 'children': []}, {'label': 'A7', 'children': []}]}, {'label': 'Dm7', 'children': []}]}, {'label': 'G7', 'children': []}]}, {'label': 'C6', 'children': [{'label': 'G7', 'children': [{'label': 'Dm7', 'children': [{'label': 'Dm7', 'children': [{'label': 'Dm7', 'children': []}, {'label': 'Dm7', 'children': []}]}, {'label': 'Dm7', 'children': [{'label': 'Dm7', 'children': []}, {'label': 'Dm7', 'children': []}]}]}, {'label': 'G7', 'children': [{'label': 'G7', 'children': []}, {'label': 'G7', 'children': []}]}]}, {'label': 'C6', 'children': [{'label': 'C6', 'children': []}, {'label': 'C6', 'children': []}]}]}]}]}, {'label': 'C6', 'children': [{'label': 'G7', 'children': [{'label': 'F6', 'children': [{'label': 'C7', 'children': [{'label': 'C7', 'children': []}, {'label': 'C7', 'children': []}]}, {'label': 'F6', 'children': [{'label': 'F6', 'children': []}, {'label': 'F6', 'children': []}]}]}, {'label': 'G7', 'children': [{'label': 'D7', 'children': [{'label': 'Am7', 'children': []}, {'label': 'D7', 'children': []}]}, {'label': 'G7', 'children': [{'label': 'Dm7', 'children': []}, {'label': 'G7', 'children': []}]}]}]}, {'label': 'C6', 'children': [{'label': 'C6', 'children': [{'label': 'C6', 'children': []}, {'label': 'C6', 'children': []}]}, {'label': 'C6', 'children': [{'label': 'G7', 'children': [{'label': 'Dm7', 'children': [{'label': 'A7', 'children': [{'label': 'Em7', 'children': []}, {'label': 'A7', 'children': []}]}, {'label': 'Dm7', 'children': []}]}, {'label': 'G7', 'children': []}]}, {'label': 'C6', 'children': [{'label': 'C6', 'children': []}, {'label': 'C6', 'children': []}]}]}]}]}]}}]",
Struttin' With Some Barbecue,"[1, 2, 3, 4, 5, 6, 7, 8, 9, 10, 10, 11, 12, 13, 14, 15, 16, 17, 18, 19, 20, 21, 22, 23, 24, 25, 26, 27, 28, 29, 30, 31, 31, 32]","[1, 1, 1, 1, 1, 1, 1, 1, 1, 1, 3, 1, 1, 1, 1, 1, 1, 1, 1, 1, 1, 1, 1, 1, 1, 1, 1, 1, 1, 1, 1, 1, 3, 1]","['F^7', 'F^7', 'F6', 'F6', 'F^7', 'F^7', 'D7', 'D7', 'Gm7', 'C7', 'C#o7', 'Dm7', 'Dm7', 'G7', 'G7', 'C7', 'C7', 'F^7', 'F^7', 'F6', 'F6', 'Cm', 'F7', 'Bb6', 'Bb6', 'Bb6', 'Bbm6', 'F^7', 'D7', 'Gm7', 'C7', 'F6']","Armstrong, Lillian",1928,"{'numerator': 4, 'denominator': 4}",F,2.0,"[{'open_constituent_tree': {'label': 'F6', 'children': [{'label': 'C7*', 'children': [{'label': 'F^7', 'children': [{'label': 'F^7', 'children': [{'label': 'F^7', 'children': [{'label': 'F^7', 'children': []}, {'label': 'F^7', 'children': []}]}, {'label': 'F6', 'children': [{'label': 'F6', 'children': []}, {'label': 'F6', 'children': []}]}]}, {'label': 'F^7', 'children': [{'label': 'F^7', 'children': []}, {'label': 'F^7', 'children': []}]}]}, {'label': 'C7', 'children': [{'label': 'G7', 'children': [{'label': 'Dm7', 'children': [{'label': 'C7', 'children': [{'label': 'C7', 'children': [{'label': 'Gm7', 'children': [{'label': 'D7', 'children': [{'label': 'D7', 'children': []}, {'label': 'D7', 'children': []}]}, {'label': 'Gm7', 'children': []}]}, {'label': 'C7', 'children': []}]}, {'label': 'C#o7', 'children': []}]}, {'label': 'Dm7', 'children': [{'label': 'Dm7', 'children': []}, {'label': 'Dm7', 'children': []}]}]}, {'label': 'G7', 'children': [{'label': 'G7', 'children': []}, {'label': 'G7', 'children': []}]}]}, {'label': 'C7', 'children': [{'label': 'C7', 'children': []}, {'label': 'C7', 'children': []}]}]}]}, {'label': 'F6', 'children': [{'label': 'F6', 'children': [{'label': 'F^7', 'children': [{'label': 'F^7', 'children': []}, {'label': 'F^7', 'children': []}]}, {'label': 'F6', 'children': [{'label': 'F6', 'children': []}, {'label': 'F6', 'children': []}]}]}, {'label': 'F6', 'children': [{'label': 'C7', 'children': [{'label': 'Bb6', 'children': [{'label': 'F7', 'children': [{'label': 'Cm', 'children': []}, {'label': 'F7', 'children': []}]}, {'label': 'Bb6', 'children': [{'label': 'Bb6', 'children': []}, {'label': 'Bb6', 'children': []}]}]}, {'label': 'C7', 'children': [{'label': 'F^7', 'children': [{'label': 'Bbm6', 'children': [{'label': 'Bb6', 'children': []}, {'label': 'Bbm6', 'children': []}]}, {'label': 'F^7', 'children': []}]}, {'label': 'C7', 'children': [{'label': 'Gm7', 'children': [{'label': 'D7', 'children': []}, {'label': 'Gm7', 'children': []}]}, {'label': 'C7', 'children': []}]}]}]}, {'label': 'F6', 'children': []}]}]}]}, 'complete_constituent_tree': {'label': 'F6', 'children': [{'label': 'F^7', 'children': [{'label': 'F^7', 'children': [{'label': 'F^7', 'children': [{'label': 'F^7', 'children': []}, {'label': 'F^7', 'children': []}]}, {'label': 'F6', 'children': [{'label': 'F6', 'children': []}, {'label': 'F6', 'children': []}]}]}, {'label': 'F^7', 'children': [{'label': 'F^7', 'children': []}, {'label': 'F^7', 'children': []}]}]}, {'label': 'F6', 'children': [{'label': 'C7', 'children': [{'label': 'G7', 'children': [{'label': 'Dm7', 'children': [{'label': 'C7', 'children': [{'label': 'C7', 'children': [{'label': 'Gm7', 'children': [{'label': 'D7', 'children': [{'label': 'D7', 'children': []}, {'label': 'D7', 'children': []}]}, {'label': 'Gm7', 'children': []}]}, {'label': 'C7', 'children': []}]}, {'label': 'C#o7', 'children': []}]}, {'label': 'Dm7', 'children': [{'label': 'Dm7', 'children': []}, {'label': 'Dm7', 'children': []}]}]}, {'label': 'G7', 'children': [{'label': 'G7', 'children': []}, {'label': 'G7', 'children': []}]}]}, {'label': 'C7', 'children': [{'label': 'C7', 'children': []}, {'label': 'C7', 'children': []}]}]}, {'label': 'F6', 'children': [{'label': 'F6', 'children': [{'label': 'F^7', 'children': [{'label': 'F^7', 'children': []}, {'label': 'F^7', 'children': []}]}, {'label': 'F6', 'children': [{'label': 'F6', 'children': []}, {'label': 'F6', 'children': []}]}]}, {'label': 'F6', 'children': [{'label': 'C7', 'children': [{'label': 'Bb6', 'children': [{'label': 'F7', 'children': [{'label': 'Cm', 'children': []}, {'label': 'F7', 'children': []}]}, {'label': 'Bb6', 'children': [{'label': 'Bb6', 'children': []}, {'label': 'Bb6', 'children': []}]}]}, {'label': 'C7', 'children': [{'label': 'F^7', 'children': [{'label': 'Bbm6', 'children': [{'label': 'Bb6', 'children': []}, {'label': 'Bbm6', 'children': []}]}, {'label': 'F^7', 'children': []}]}, {'label': 'C7', 'children': [{'label': 'Gm7', 'children': [{'label': 'D7', 'children': []}, {'label': 'Gm7', 'children': []}]}, {'label': 'C7', 'children': []}]}]}]}, {'label': 'F6', 'children': []}]}]}]}]}}]",
Sweet Georgia Bright,"[1, 2, 3, 4, 5, 6, 7, 8, 9, 10, 11, 12, 13, 14, 15, 16]","[1, 1, 1, 1, 1, 1, 1, 1, 1, 1, 1, 1, 1, 1, 1, 1]","['C7', 'C7', 'Bb7', 'Bb7', 'C7', 'C7', 'Bb7', 'Bb7', 'Eb7', 'Eb7', 'Eb7', 'Eb7', 'D7', 'Db7', 'C7', 'C7']","Lloyd, Charles",1964,"{'numerator': 4, 'denominator': 4}",C,,"[{'open_constituent_tree': {'label': 'C7', 'children': [{'label': 'Bb7*', 'children': [{'label': 'Bb7*', 'children': [{'label': 'C7', 'children': [{'label': 'C7', 'children': []}, {'label': 'C7', 'children': []}]}, {'label': 'Bb7', 'children': [{'label': 'Bb7', 'children': []}, {'label': 'Bb7', 'children': []}]}]}, {'label': 'Bb7*', 'children': [{'label': 'C7', 'children': [{'label': 'C7', 'children': []}, {'label': 'C7', 'children': []}]}, {'label': 'Bb7', 'children': [{'label': 'Bb7', 'children': []}, {'label': 'Bb7', 'children': []}]}]}]}, {'label': 'C7', 'children': [{'label': 'Db7', 'children': [{'label': 'D7', 'children': [{'label': 'Eb7', 'children': [{'label': 'Eb7', 'children': [{'label': 'Eb7', 'children': []}, {'label': 'Eb7', 'children': []}]}, {'label': 'Eb7', 'children': [{'label': 'Eb7', 'children': []}, {'label': 'Eb7', 'children': []}]}]}, {'label': 'D7', 'children': []}]}, {'label': 'Db7', 'children': []}]}, {'label': 'C7', 'children': [{'label': 'C7', 'children': []}, {'label': 'C7', 'children': []}]}]}]}, 'complete_constituent_tree': {'label': 'C7', 'children': [{'label': 'C7', 'children': [{'label': 'C7', 'children': []}, {'label': 'C7', 'children': []}]}, {'label': 'C7', 'children': [{'label': 'Bb7', 'children': [{'label': 'Bb7', 'children': []}, {'label': 'Bb7', 'children': []}]}, {'label': 'C7', 'children': [{'label': 'C7', 'children': [{'label': 'C7', 'children': []}, {'label': 'C7', 'children': []}]}, {'label': 'C7', 'children': [{'label': 'Bb7', 'children': [{'label': 'Bb7', 'children': []}, {'label': 'Bb7', 'children': []}]}, {'label': 'C7', 'children': [{'label': 'Db7', 'children': [{'label': 'D7', 'children': [{'label': 'Eb7', 'children': [{'label': 'Eb7', 'children': [{'label': 'Eb7', 'children': []}, {'label': 'Eb7', 'children': []}]}, {'label': 'Eb7', 'children': [{'label': 'Eb7', 'children': []}, {'label': 'Eb7', 'children': []}]}]}, {'label': 'D7', 'children': []}]}, {'label': 'Db7', 'children': []}]}, {'label': 'C7', 'children': [{'label': 'C7', 'children': []}, {'label': 'C7', 'children': []}]}]}]}]}]}]}}]",
Jeannie's Song,"[1, 2, 3, 4, 5, 6, 7, 8, 9, 10, 11, 12, 12, 13, 14, 15, 16, 17, 18, 19, 20, 21, 22, 23, 24, 25, 26, 27, 28, 29, 30, 31, 32]","[1, 1, 1, 1, 1, 1, 1, 1, 1, 1, 1, 1, 3, 1, 1, 1, 1, 1, 1, 1, 1, 1, 1, 1, 1, 1, 1, 1, 1, 1, 1, 1, 1]","['Gm7', 'C7', 'Gm7', 'C7', 'F^7', 'Bb7', 'Am7', 'Abo7', 'Gm7', 'C7', 'F^7', 'Em7', 'A7', 'D^7', 'A7', 'Dm7', 'G7', 'Gm7', 'C7', 'Gm7', 'C7', 'F^7', 'Bb7', 'Am7', 'Abo7', 'Gm7', 'C7', 'Am7', 'D7', 'Gm7', 'C7', 'F^7', 'F^7']","Ivery, Marchel",1994,"{'numerator': 4, 'denominator': 4}",F,0.0,"[{'open_constituent_tree': {'label': 'F^7', 'children': [{'label': 'F^7', 'children': [{'label': 'F^7', 'children': [{'label': 'C7', 'children': [{'label': 'C7', 'children': [{'label': 'Gm7', 'children': []}, {'label': 'C7', 'children': []}]}, {'label': 'C7', 'children': [{'label': 'Gm7', 'children': []}, {'label': 'C7', 'children': []}]}]}, {'label': 'F^7', 'children': []}]}, {'label': 'F^7', 'children': [{'label': 'C7', 'children': [{'label': 'Am7', 'children': [{'label': 'Bb7', 'children': []}, {'label': 'Am7', 'children': []}]}, {'label': 'C7', 'children': [{'label': 'Abo7', 'children': []}, {'label': 'C7', 'children': [{'label': 'Gm7', 'children': []}, {'label': 'C7', 'children': []}]}]}]}, {'label': 'F^7', 'children': []}]}]}, {'label': 'F^7', 'children': [{'label': 'F^7', 'children': [{'label': 'C7', 'children': [{'label': 'G7', 'children': [{'label': 'D^7', 'children': [{'label': 'A7', 'children': [{'label': 'Em7', 'children': []}, {'label': 'A7', 'children': []}]}, {'label': 'D^7', 'children': []}]}, {'label': 'G7', 'children': [{'label': 'Dm7', 'children': [{'label': 'A7', 'children': []}, {'label': 'Dm7', 'children': []}]}, {'label': 'G7', 'children': []}]}]}, {'label': 'C7', 'children': [{'label': 'C7', 'children': [{'label': 'Gm7', 'children': []}, {'label': 'C7', 'children': []}]}, {'label': 'C7', 'children': [{'label': 'Gm7', 'children': []}, {'label': 'C7', 'children': []}]}]}]}, {'label': 'F^7', 'children': []}]}, {'label': 'F^7', 'children': [{'label': 'C7', 'children': [{'label': 'C7', 'children': [{'label': 'Am7', 'children': [{'label': 'Bb7', 'children': []}, {'label': 'Am7', 'children': []}]}, {'label': 'C7', 'children': [{'label': 'Abo7', 'children': []}, {'label': 'C7', 'children': [{'label': 'Gm7', 'children': []}, {'label': 'C7', 'children': []}]}]}]}, {'label': 'C7', 'children': [{'label': 'D7', 'children': [{'label': 'Am7', 'children': []}, {'label': 'D7', 'children': []}]}, {'label': 'C7', 'children': [{'label': 'Gm7', 'children': []}, {'label': 'C7', 'children': []}]}]}]}, {'label': 'F^7', 'children': [{'label': 'F^7', 'children': []}, {'label': 'F^7', 'children': []}]}]}]}]}, 'complete_constituent_tree': {'label': 'F^7', 'children': [{'label': 'F^7', 'children': [{'label': 'F^7', 'children': [{'label': 'C7', 'children': [{'label': 'C7', 'children': [{'label': 'Gm7', 'children': []}, {'label': 'C7', 'children': []}]}, {'label': 'C7', 'children': [{'label': 'Gm7', 'children': []}, {'label': 'C7', 'children': []}]}]}, {'label': 'F^7', 'children': []}]}, {'label': 'F^7', 'children': [{'label': 'C7', 'children': [{'label': 'Am7', 'children': [{'label': 'Bb7', 'children': []}, {'label': 'Am7', 'children': []}]}, {'label': 'C7', 'children': [{'label': 'Abo7', 'children': []}, {'label': 'C7', 'children': [{'label': 'Gm7', 'children': []}, {'label': 'C7', 'children': []}]}]}]}, {'label': 'F^7', 'children': []}]}]}, {'label': 'F^7', 'children': [{'label': 'F^7', 'children': [{'label': 'C7', 'children': [{'label': 'G7', 'children': [{'label': 'D^7', 'children': [{'label': 'A7', 'children': [{'label': 'Em7', 'children': []}, {'label': 'A7', 'children': []}]}, {'label': 'D^7', 'children': []}]}, {'label': 'G7', 'children': [{'label': 'Dm7', 'children': [{'label': 'A7', 'children': []}, {'label': 'Dm7', 'children': []}]}, {'label': 'G7', 'children': []}]}]}, {'label': 'C7', 'children': [{'label': 'C7', 'children': [{'label': 'Gm7', 'children': []}, {'label': 'C7', 'children': []}]}, {'label': 'C7', 'children': [{'label': 'Gm7', 'children': []}, {'label': 'C7', 'children': []}]}]}]}, {'label': 'F^7', 'children': []}]}, {'label': 'F^7', 'children': [{'label': 'C7', 'children': [{'label': 'C7', 'children': [{'label': 'Am7', 'children': [{'label': 'Bb7', 'children': []}, {'label': 'Am7', 'children': []}]}, {'label': 'C7', 'children': [{'label': 'Abo7', 'children': []}, {'label': 'C7', 'children': [{'label': 'Gm7', 'children': []}, {'label': 'C7', 'children': []}]}]}]}, {'label': 'C7', 'children': [{'label': 'D7', 'children': [{'label': 'Am7', 'children': []}, {'label': 'D7', 'children': []}]}, {'label': 'C7', 'children': [{'label': 'Gm7', 'children': []}, {'label': 'C7', 'children': []}]}]}]}, {'label': 'F^7', 'children': [{'label': 'F^7', 'children': []}, {'label': 'F^7', 'children': []}]}]}]}]}}]",
Rose Room,"[1, 2, 3, 4, 5, 6, 7, 8, 9, 10, 11, 12, 13, 14, 15, 16, 17, 18, 19, 20, 21, 22, 23, 24, 25, 26, 27, 28, 29, 30, 31, 32]","[1, 1, 1, 1, 1, 1, 1, 1, 1, 1, 1, 1, 1, 1, 1, 1, 1, 1, 1, 1, 1, 1, 1, 1, 1, 1, 1, 1, 1, 1, 1, 1]","['A7', 'D7', 'G6', 'G6', 'G7', 'G7', 'C^', 'C^', 'Cm', 'F7', 'G6', 'E7', 'A7', 'A7', 'Am7', 'D7', 'A7', 'D7', 'G6', 'G6', 'G7', 'G7', 'C^', 'C^', 'Cm', 'F7', 'G6', 'E7', 'A7', 'D7', 'G6', 'G6']","Hickman, Art",1917,"{'numerator': 4, 'denominator': 4}",G,0.0,"[{'open_constituent_tree': {'label': 'G6', 'children': [{'label': 'D7*', 'children': [{'label': 'G6', 'children': [{'label': 'G6', 'children': [{'label': 'D7', 'children': [{'label': 'A7', 'children': []}, {'label': 'D7', 'children': []}]}, {'label': 'G6', 'children': [{'label': 'G6', 'children': []}, {'label': 'G6', 'children': []}]}]}, {'label': 'G6', 'children': [{'label': 'F7', 'children': [{'label': 'C^', 'children': [{'label': 'G7', 'children': [{'label': 'G7', 'children': []}, {'label': 'G7', 'children': []}]}, {'label': 'C^', 'children': [{'label': 'C^', 'children': []}, {'label': 'C^', 'children': []}]}]}, {'label': 'F7', 'children': [{'label': 'Cm', 'children': []}, {'label': 'F7', 'children': []}]}]}, {'label': 'G6', 'children': []}]}]}, {'label': 'D7', 'children': [{'label': 'A7', 'children': [{'label': 'E7', 'children': []}, {'label': 'A7', 'children': [{'label': 'A7', 'children': []}, {'label': 'A7', 'children': []}]}]}, {'label': 'D7', 'children': [{'label': 'Am7', 'children': []}, {'label': 'D7', 'children': []}]}]}]}, {'label': 'G6', 'children': [{'label': 'G6', 'children': [{'label': 'G6', 'children': [{'label': 'D7', 'children': [{'label': 'A7', 'children': []}, {'label': 'D7', 'children': []}]}, {'label': 'G6', 'children': [{'label': 'G6', 'children': []}, {'label': 'G6', 'children': []}]}]}, {'label': 'G6', 'children': [{'label': 'F7', 'children': [{'label': 'C^', 'children': [{'label': 'G7', 'children': [{'label': 'G7', 'children': []}, {'label': 'G7', 'children': []}]}, {'label': 'C^', 'children': [{'label': 'C^', 'children': []}, {'label': 'C^', 'children': []}]}]}, {'label': 'F7', 'children': [{'label': 'Cm', 'children': []}, {'label': 'F7', 'children': []}]}]}, {'label': 'G6', 'children': []}]}]}, {'label': 'G6', 'children': [{'label': 'D7', 'children': [{'label': 'A7', 'children': [{'label': 'E7', 'children': []}, {'label': 'A7', 'children': []}]}, {'label': 'D7', 'children': []}]}, {'label': 'G6', 'children': [{'label': 'G6', 'children': []}, {'label': 'G6', 'children': []}]}]}]}]}, 'complete_constituent_tree': {'label': 'G6', 'children': [{'label': 'G6', 'children': [{'label': 'G6', 'children': [{'label': 'D7', 'children': [{'label': 'A7', 'children': []}, {'label': 'D7', 'children': []}]}, {'label': 'G6', 'children': [{'label': 'G6', 'children': []}, {'label': 'G6', 'children': []}]}]}, {'label': 'G6', 'children': [{'label': 'F7', 'children': [{'label': 'C^', 'children': [{'label': 'G7', 'children': [{'label': 'G7', 'children': []}, {'label': 'G7', 'children': []}]}, {'label': 'C^', 'children': [{'label': 'C^', 'children': []}, {'label': 'C^', 'children': []}]}]}, {'label': 'F7', 'children': [{'label': 'Cm', 'children': []}, {'label': 'F7', 'children': []}]}]}, {'label': 'G6', 'children': []}]}]}, {'label': 'G6', 'children': [{'label': 'D7', 'children': [{'label': 'A7', 'children': [{'label': 'E7', 'children': []}, {'label': 'A7', 'children': [{'label': 'A7', 'children': []}, {'label': 'A7', 'children': []}]}]}, {'label': 'D7', 'children': [{'label': 'Am7', 'children': []}, {'label': 'D7', 'children': []}]}]}, {'label': 'G6', 'children': [{'label': 'G6', 'children': [{'label': 'G6', 'children': [{'label': 'D7', 'children': [{'label': 'A7', 'children': []}, {'label': 'D7', 'children': []}]}, {'label': 'G6', 'children': [{'label': 'G6', 'children': []}, {'label': 'G6', 'children': []}]}]}, {'label': 'G6', 'children': [{'label': 'F7', 'children': [{'label': 'C^', 'children': [{'label': 'G7', 'children': [{'label': 'G7', 'children': []}, {'label': 'G7', 'children': []}]}, {'label': 'C^', 'children': [{'label': 'C^', 'children': []}, {'label': 'C^', 'children': []}]}]}, {'label': 'F7', 'children': [{'label': 'Cm', 'children': []}, {'label': 'F7', 'children': []}]}]}, {'label': 'G6', 'children': []}]}]}, {'label': 'G6', 'children': [{'label': 'D7', 'children': [{'label': 'A7', 'children': [{'label': 'E7', 'children': []}, {'label': 'A7', 'children': []}]}, {'label': 'D7', 'children': []}]}, {'label': 'G6', 'children': [{'label': 'G6', 'children': []}, {'label': 'G6', 'children': []}]}]}]}]}]}}]","measures 10, 15, 16, and 26 changed in aggreement with https://d29ci68ykuu27r.cloudfront.net/items/19425510/cover_images/cover-large_file.png"
